Date,Open,High,Low,Close
11/22/2024,"56,395","58,031","56,348","57,61"
11/21/2024,"56,318","57,986","56,318","56,848"
11/20/2024,"55,553","57,032","55,172","56,534"
11/19/2024,"55,5","58,422","55,196","55,9"
11/18/2024,"56,168","56,364","55,456","55,714"
11/15/2024,"55,443","56,439","55,133","56,431"
11/14/2024,"54,793","54,915","54,127","54,818"
11/13/2024,"55,407","55,408","54,37","54,58"
11/12/2024,"54,628","55,168","54,13","55,114"
11/11/2024,"54,272","54,347","53,59","53,726"
11/8/2024,"54,787","55,496","54,496","54,824"
11/7/2024,"56,138","56,329","54,792","54,816"
11/6/2024,"55,827","56,993","54,892","56,733"
11/5/2024,"58,675","59,012","57,798","57,8"
11/4/2024,"58,166","58,892","58,074","58,872"
11/1/2024,"58,754","58,81","57,784","58,294"
10/31/2024,"58,441","59,149","57,857","58,585"
10/30/2024,"57,104","57,785","56,99","57,415"
10/29/2024,"56,157","57,044","55,933","56,804"
10/28/2024,"56,271","56,675","55,836","56,449"
10/25/2024,"57,306","57,669","56,461","56,993"
10/24/2024,"57,79","57,793","56,752","57,478"
10/23/2024,"57,146","58,163","57,124","57,808"
10/22/2024,"56,515","58,261","56,515","57,263"
10/21/2024,"55,47","56,748","55,301","56,391"
10/18/2024,"55,795","56,03","55,179","55,195"
10/17/2024,"56,177","56,179","55,154","55,518"
10/16/2024,"56,696","56,784","56,026","56,349"
10/15/2024,"55,594","56,409","55,437","56,322"
10/14/2024,"56,658","56,797","55,866","55,87"
10/11/2024,"57,068","57,59","56,59","56,7"
10/10/2024,"57,628","57,757","56,897","56,962"
10/9/2024,"58,383","58,763","57,398","57,506"
10/8/2024,"59,364","59,364","58,282","58,349"
10/7/2024,"58,278","58,648","57,825","58,239"
10/4/2024,"60,034","60,075","58,315","58,346"
10/3/2024,"59,857","60,248","58,906","59,954"
10/2/2024,"60,099","60,435","59,329","59,509"
10/1/2024,"58,619","60,481","57,77","59,966"
9/30/2024,"57,899","59,163","57,702","58,823"
9/27/2024,"57,483","57,672","57,04","57,537"
9/26/2024,"58,076","58,314","57,285","57,285"
9/25/2024,"59,313","59,437","58,31","58,989"
9/24/2024,"58,483","59,404","57,672","58,799"
9/23/2024,"57,932","60,086","57,932","58,711"
9/20/2024,"57,599","58,406","56,606","58,227"
9/19/2024,"51,957","52,341","50,868","50,957"
9/18/2024,"52,747","53,455","52,553","53,242"
9/17/2024,"53,005","53,143","52,318","52,72"
9/16/2024,"53,763","53,86","53,115","53,536"
9/13/2024,"54,925","54,995","53,456","53,482"
9/12/2024,"56,133","56,646","55,154","55,568"
9/11/2024,"56,867","58,971","56,384","58,17"
9/10/2024,"55,379","57,122","54,949","57,122"
9/9/2024,"56,35","56,378","55,274","55,327"
9/6/2024,"55,343","56,409","53,479","56,277"
9/5/2024,"54,743","55,402","54,361","55,324"
9/4/2024,"56,222","56,557","54,149","54,433"
9/3/2024,"52,613","54,606","52,537","54,389"
9/2/2024,"52,432","52,974","52,345","52,549"
8/30/2024,"52,042","52,653","51,753","52,553"
8/29/2024,"52,416","52,457","51,596","51,893"
8/28/2024,"51,499","52,238","51,195","52,119"
8/27/2024,"52,012","52,459","51,565","51,818"
8/23/2024,"53,387","53,46","51,944","52,162"
8/22/2024,"53,474","53,686","52,909","53,445"
8/21/2024,"53,881","54,459","52,993","53,735"
8/20/2024,"52,855","54,183","52,567","53,841"
8/19/2024,"54,055","54,547","53,047","53,08"
8/16/2024,"55,202","55,441","53,818","53,932"
8/15/2024,"58,517","58,975","55,389","55,697"
8/14/2024,"60,765","60,93","58,905","58,961"
8/13/2024,"61,52","62,314","61,477","61,477"
8/12/2024,"61,146","61,558","60,709","61,326"
8/9/2024,"61,437","62,24","59,919","61,907"
8/8/2024,"63,49","64,119","60,939","61,821"
8/7/2024,"64,303","64,5","60,861","62,055"
8/6/2024,"63,085","66,464","62,761","64,832"
8/5/2024,"68,607","69,368","64,816","65,302"
8/2/2024,"60,183","64,001","59,707","62,854"
8/1/2024,"54,687","59,113","54,669","58,775"
7/31/2024,"54,575","55,21","54,499","54,669"
7/30/2024,"54,961","55,756","54,425","55,66"
7/29/2024,"53,905","55,28","53,627","54,93"
7/26/2024,"55,024","55,304","54,019","54,232"
7/25/2024,"55,737","56,277","54,958","54,998"
7/24/2024,"53,959","54,772","53,868","54,447"
7/23/2024,"52,65","53,577","52,278","53,448"
7/22/2024,"54,179","54,258","52,632","52,918"
7/19/2024,"53,802","55,142","53,74","54,357"
7/18/2024,"53,07","54,011","52,345","53,807"
7/17/2024,"52,477","53,263","52,184","53,118"
7/16/2024,"51,728","52,524","51,677","51,994"
7/15/2024,"51,422","51,699","50,641","51,157"
7/12/2024,"52,138","52,223","51,002","51,06"
7/11/2024,"52,279","52,706","51,406","52,544"
7/10/2024,"53,645","53,652","52,224","52,588"
7/9/2024,"52,31","53,944","52,134","53,458"
7/8/2024,"55,055","55,397","51,994","52,125"
7/5/2024,"53,373","54,483","52,944","53,979"
7/4/2024,"54,264","54,264","53,013","53,59"
7/3/2024,"56,169","56,2","54,286","54,388"
7/2/2024,"58,52","59,523","56,997","57,307"
7/1/2024,"57,889","58,75","57,627","58,234"
6/28/2024,"61,891","63,217","60,889","60,939"
6/27/2024,"61,961","62,727","61,549","62,299"
6/26/2024,"60,796","62,915","60,668","61,878"
6/25/2024,"61,076","61,15","60,304","61,12"
6/24/2024,"61,941","62,138","59,994","60,346"
6/21/2024,"61,257","63,375","61,15","62,136"
6/20/2024,"62,427","62,762","60,802","61,178"
6/19/2024,"60,609","62,663","60,4","62,654"
6/18/2024,"61,823","62,209","60,198","60,749"
6/17/2024,"63,808","65,873","61,623","63,107"
6/14/2024,"56,562","64,487","56,348","64,219"
6/13/2024,"53,447","56,789","53,18","56,749"
6/12/2024,"54,508","55,256","52,871","53,329"
6/11/2024,"52,306","56,023","52,306","55,411"
6/10/2024,"52,366","53,531","52,336","52,806"
6/7/2024,"51,834","52,75","51,263","51,351"
6/6/2024,"51,491","52,016","51,03","51,867"
6/5/2024,"52,318","52,838","51,713","51,803"
6/4/2024,"51,468","52,694","51,467","52,694"
6/3/2024,"51,199","51,844","51,034","51,447"
5/31/2024,"52,38","52,803","51,7","52,52"
5/30/2024,"53,325","53,464","51,942","52,369"
5/29/2024,"51,667","52,862","51,595","52,724"
5/28/2024,"50,561","51,281","50,387","51,16"
5/24/2024,"52,282","52,282","51,029","51,061"
5/23/2024,"50,755","51,882","50,476","51,511"
5/22/2024,"50,774","51,372","50,774","51,153"
5/21/2024,"50,513","51,263","50,391","50,818"
5/20/2024,"50,781","50,83","50,334","50,419"
5/17/2024,"51,417","51,632","50,895","50,984"
5/16/2024,"50,828","51,294","50,749","50,944"
5/15/2024,"52,34","52,438","50,85","51,056"
5/14/2024,"52,656","53,56","52,626","52,764"
5/13/2024,"52,481","52,862","52,312","52,539"
5/10/2024,"52,145","52,845","51,752","52,768"
5/9/2024,"52,594","52,914","52,365","52,581"
5/8/2024,"52,41","52,818","51,647","52,392"
5/7/2024,"52,632","52,777","51,918","52,266"
5/3/2024,"54,672","55,062","53,119","53,39"
5/2/2024,"55,726","55,998","55,014","55,286"
5/1/2024,"56,635","57,42","56,556","56,853"
4/30/2024,"54,614","56,27","54,538","55,752"
4/29/2024,"54,934","55,09","54,476","54,731"
4/26/2024,"56,239","56,966","55,183","55,444"
4/25/2024,"57,362","59,352","56,634","57,701"
4/24/2024,"55,027","57,292","55,024","57,285"
4/23/2024,"57,58","57,606","55,327","55,645"
4/22/2024,"59,604","59,612","58,252","58,252"
4/19/2024,"62,092","62,092","59,82","60,282"
4/18/2024,"61,126","61,436","59,6","60,322"
4/17/2024,"62,366","62,376","59,803","61,772"
4/16/2024,"63,043","63,135","60,69","61,667"
4/15/2024,"57,816","61,05","57,103","60,168"
4/12/2024,"55,691","59,31","55,511","58,836"
4/11/2024,"55,227","56,945","55,189","56,466"
4/10/2024,"53,79","55,532","53,425","55,084"
4/9/2024,"54,159","54,901","53,732","54,553"
4/8/2024,"54,785","55,313","53,964","54,116"
4/5/2024,"56,04","56,082","54,324","54,519"
4/4/2024,"55,053","55,154","53,415","53,483"
4/3/2024,"56,008","56,107","54,662","54,983"
4/2/2024,"54,541","56,292","54,313","56,24"
3/28/2024,"54,635","54,897","53,913","54,246"
3/27/2024,"55,636","55,894","54,877","54,92"
3/26/2024,"54,747","55,469","54,291","55,469"
3/25/2024,"55,872","56,152","54,802","54,81"
3/22/2024,"54,015","55,737","53,452","55,534"
3/21/2024,"53,809","54,252","53,17","53,5"
3/20/2024,"55,664","55,972","54,661","55,462"
3/19/2024,"52,886","53,111","52,138","52,225"
3/18/2024,"53,029","53,253","52,278","52,826"
3/15/2024,"52,294","53,411","51,736","53,346"
3/14/2024,"50,792","52,337","50,383","52,336"
3/13/2024,"51,383","51,602","50,732","50,805"
3/12/2024,"52,237","52,71","51,619","51,829"
3/11/2024,"52,663","52,923","52,413","52,672"
3/8/2024,"52,741","52,775","51,706","52,117"
3/7/2024,"54,032","54,203","52,509","52,741"
3/6/2024,"54,848","54,968","53,347","53,448"
3/5/2024,"54,191","55,125","54,07","54,876"
3/4/2024,"54,497","54,53","53,747","53,748"
3/1/2024,"54,709","55,37","54,638","54,74"
2/29/2024,"55,732","56,226","54,968","55,263"
2/28/2024,"55,372","56,02","55,294","55,609"
2/27/2024,"55,493","55,783","55,286","55,513"
2/26/2024,"54,471","55,321","54,399","55,037"
2/23/2024,"54,037","54,625","53,703","53,995"
2/22/2024,"54,891","55,186","54,199","54,335"
2/21/2024,"56,437","56,83","56,067","56,149"
2/20/2024,"56,02","56,904","55,743","56,869"
2/19/2024,"56,638","56,671","55,696","55,757"
2/16/2024,"55,979","56,62","55,781","55,944"
2/15/2024,"56,833","57,062","56,477","56,94"
2/14/2024,"58,266","58,536","57,475","57,554"
2/13/2024,"57,769","58,789","57,02","58,229"
2/12/2024,"58,191","58,547","57,208","57,286"
2/9/2024,"59,658","59,69","58,412","58,727"
2/8/2024,"59,769","60,541","59,708","59,752"
2/7/2024,"59,166","60,35","59,125","60,07"
2/6/2024,"58,697","60,035","58,612","59,365"
2/5/2024,"58,608","59,697","58,608","59,37"
2/2/2024,"59,623","59,69","58,439","58,613"
2/1/2024,"61,584","61,77","59,741","60,858"
1/31/2024,"58,565","60,831","57,97","60,361"
1/30/2024,"58,028","58,445","57,792","58,333"
1/29/2024,"57,831","58,804","57,822","58,539"
1/26/2024,"58,429","58,611","57,47","57,731"
1/25/2024,"59,494","59,948","58,224","58,346"
1/24/2024,"59,262","59,611","58,78","58,938"
1/23/2024,"59,049","61,006","58,802","60,44"
1/22/2024,"58,778","59,505","58,735","59,186"
1/19/2024,"59,863","60,516","59,656","59,921"
1/18/2024,"62,056","62,089","60,371","61,068"
1/17/2024,"62,513","63,137","62,049","62,434"
1/16/2024,"61,789","62,288","60,307","60,762"
1/15/2024,"59,37","60,973","59,37","60,884"
1/12/2024,"59,186","60,599","58,77","60,04"
1/11/2024,"58,509","60,629","57,99","60,444"
1/10/2024,"61,884","61,884","59,428","59,543"
1/9/2024,"61,719","62,826","61,566","61,767"
1/8/2024,"63,828","64,724","62,416","62,591"
1/5/2024,"64,367","65,614","62,84","63,698"
1/4/2024,"64,364","65,648","63,42","63,651"
1/3/2024,"61,844","65,12","61,844","64,829"
1/2/2024,"58,078","61,564","58,078","61,4"
12/29/2023,"58,642","58,698","57,683","58,212"
12/28/2023,"58,493","59,016","58,345","58,997"
12/27/2023,"58,433","59,758","58,433","58,679"
12/22/2023,"59,534","60,04","58,887","59,105"
12/21/2023,"61,078","61,162","59,924","60,094"
12/20/2023,"59,405","60,715","59,132","59,913"
12/19/2023,"62,045","62,223","59,022","59,522"
12/18/2023,"61,33","62,641","61,31","62,039"
12/15/2023,"59,426","61,031","57,99","60,993"
12/14/2023,"59,746","61,178","58,717","59,52"
12/13/2023,"66,042","66,079","64,056","64,157"
12/12/2023,"66,744","67,203","66,129","66,345"
12/11/2023,"66,742","67,104","66,711","66,955"
12/8/2023,"66,898","67,681","66,62","66,762"
12/7/2023,"67,9","67,999","66,868","66,891"
12/6/2023,"67,091","67,372","66,529","67,179"
12/5/2023,"67,388","67,944","66,717","67,327"
12/4/2023,"66,05","66,974","66,029","66,775"
12/1/2023,"66,979","67,133","65,728","65,869"
11/30/2023,"66,866","68,023","65,908","67,98"
11/29/2023,"68,302","68,354","66,072","66,746"
11/28/2023,"70,237","70,517","68,233","68,234"
11/27/2023,"68,418","69,859","68,418","69,642"
11/24/2023,"67,991","68,46","67,638","68,192"
11/23/2023,"68,064","68,243","67,64","67,777"
11/22/2023,"68,969","69,052","68,047","68,169"
11/21/2023,"68,482","69,555","68,482","69,129"
11/20/2023,"69,827","69,869","68,391","68,407"
11/17/2023,"71,198","71,21","69,807","69,844"
11/16/2023,"71,22","71,776","70,818","71,641"
11/15/2023,"69,839","71,117","68,995","71,113"
11/14/2023,"73,904","74,128","70,103","70,122"
11/13/2023,"75,311","75,442","73,916","73,943"
11/10/2023,"76,738","77,326","75,583","75,645"
11/9/2023,"75,763","76,248","74,611","75,631"
11/8/2023,"78,158","78,394","74,945","75,956"
11/7/2023,"78,833","79,263","77,222","77,348"
11/6/2023,"77,034","78,257","76,889","77,915"
11/3/2023,"78,79","79,494","76,917","77,196"
11/2/2023,"81,601","81,874","78,731","79,046"
11/1/2023,"85,005","86,014","83,06","83,577"
10/31/2023,"87,774","88,026","85,674","85,674"
10/30/2023,"88,731","88,761","87,568","88,498"
10/27/2023,"88,808","89,755","88,071","89,347"
10/26/2023,"89,318","90,428","87,997","89,431"
10/25/2023,"85,402","87,362","85,12","87,357"
10/24/2023,"86,893","86,893","84,831","85,403"
10/23/2023,"88,822","90,368","87,027","87,034"
10/20/2023,"89,374","90,387","88,132","89,478"
10/19/2023,"86,917","88,119","86,739","86,889"
10/18/2023,"84,378","85,686","84,142","85,686"
10/17/2023,"84,019","85,277","83,406","83,499"
10/16/2023,"84,611","85,27","83,675","83,912"
10/13/2023,"82,294","85,293","81,58","85,293"
10/12/2023,"82,313","82,313","80,529","81,316"
10/11/2023,"83,352","84,183","82,391","83,221"
10/10/2023,"85,932","85,938","82,363","82,596"
10/9/2023,"86,713","88,489","86,606","87,091"
10/6/2023,"87,558","90,523","85,571","85,571"
10/5/2023,"85,47","88,225","85,035","87,826"
10/4/2023,"86,907","88,861","84,608","85,582"
10/3/2023,"82,512","86,221","81,461","86,047"
10/2/2023,"79,512","82,465","78,612","82,443"
9/29/2023,"80,001","80,001","78,812","79,666"
9/28/2023,"81,549","83,261","79,984","79,984"
9/27/2023,"80,445","81,947","79,913","81,947"
9/26/2023,"78,682","80,983","78,544","80,863"
9/25/2023,"77,545","78,984","77,029","78,053"
9/22/2023,"77,957","78,802","76,827","77,252"
9/21/2023,"76,392","77,679","76,089","77,49"
9/20/2023,"75,631","75,687","74,445","74,593"
9/19/2023,"70,073","70,09","68,614","69,677"
9/18/2023,"69,396","70,195","69,347","69,353"
9/15/2023,"67,751","69,428","67,639","69,046"
9/14/2023,"70,025","70,528","68,701","68,701"
9/13/2023,"72,38","72,38","70,169","70,27"
9/12/2023,"69,935","71,569","69,671","71,46"
9/11/2023,"70,56","70,607","69,942","70,143"
9/8/2023,"71,058","72,574","70,592","71,001"
9/7/2023,"72,292","72,71","71,508","72,007"
9/6/2023,"70,698","71,893","70,519","71,862"
9/5/2023,"69,915","70,874","69,602","69,949"
9/4/2023,"69,309","69,724","68,237","69,412"
9/1/2023,"70,481","70,972","69,024","70,078"
8/31/2023,"69,222","70,569","69,222","70,454"
8/30/2023,"69,753","71,237","69,202","69,483"
8/29/2023,"70,985","72,091","69,795","69,95"
8/25/2023,"74,958","75,562","73,008","74,059"
8/24/2023,"73,003","74,741","72,512","74,605"
8/23/2023,"76,078","76,716","74,438","74,526"
8/22/2023,"77,312","77,312","75,875","76,856"
8/21/2023,"78,116","78,568","76,498","78,536"
8/18/2023,"77,058","78,677","76,883","78,105"
8/17/2023,"75,169","76,626","74,915","76,626"
8/16/2023,"73,921","74,296","72,909","74,296"
8/15/2023,"71,599","73,595","71,241","73,148"
8/14/2023,"71,994","72,404","71,348","71,716"
8/11/2023,"71,066","72,107","70,77","71,619"
8/10/2023,"71,488","72,04","69,566","70,644"
8/9/2023,"71,657","72,686","71,119","72,681"
8/8/2023,"71,856","73,643","71,763","73,26"
8/7/2023,"71,187","71,82","70,754","71,149"
8/4/2023,"71,52","72,926","69,977","69,977"
8/3/2023,"72,138","73,532","71,666","72,125"
8/2/2023,"71,033","72,037","70,468",72
8/1/2023,"67,823","69,507","67,823","69,504"
7/31/2023,"66,495","67,772","66,189","67,772"
7/28/2023,"68,844","68,883","66,242","66,331"
7/27/2023,"68,629","69,033","67,031","67,356"
7/26/2023,"70,011","70,978","69,581","69,581"
7/25/2023,"69,398","69,946","68,509","69,864"
7/24/2023,"69,818","70,32","69,525","69,528"
7/21/2023,"70,815","71,003","68,79","68,99"
7/20/2023,"70,187","70,792","69,524","70,449"
7/19/2023,"68,649","69,39","68,079","69,333"
7/18/2023,"71,441","71,494","69,423","69,55"
7/17/2023,"71,85","72,523","71,193","71,514"
7/14/2023,"70,417","70,861","69,731","70,697"
7/13/2023,"68,838","70,033","68,071","69,88"
7/12/2023,"71,59","71,849","69,031","69,555"
7/11/2023,"74,418","74,831","72,256","72,256"
7/10/2023,"77,717","78,002","75,229","75,229"
7/7/2023,"77,84","79,288","76,315","76,315"
7/6/2023,"75,588","78,546","75,588","78,043"
7/5/2023,"73,871","75,213","73,842","74,953"
7/4/2023,"73,402","73,593","72,808","73,321"
7/3/2023,"73,225","73,598","72,661","73,257"
6/30/2023,"75,966","76,157","73,552","73,72"
6/29/2023,"76,949","77,106","76,149","76,24"
6/28/2023,"77,553","78,161","77,097","77,101"
6/27/2023,"79,001","80,15","78,203","78,234"
6/26/2023,"78,142","79,986","78,089","79,377"
6/23/2023,"77,738","78,945","77,412","78,511"
6/22/2023,"78,342","78,69","77,126","77,204"
6/21/2023,"76,506","77,588","76,296","77,227"
6/20/2023,"76,389","77,285","75,705","76,12"
6/19/2023,"76,007","76,455","75,262","76,052"
6/16/2023,"76,876","77,232","75,154","75,321"
6/15/2023,"77,951","79,68","77,505","77,63"
6/14/2023,"77,067","77,517","76,412","77,185"
6/13/2023,"76,516","78,276","76,286","76,961"
6/12/2023,"76,411","77,7","76,024","77,606"
6/9/2023,"76,707","77,192","76,309","76,927"
6/8/2023,"77,84","78,085","76,869","76,973"
6/7/2023,"76,528","77,68","76,16","77,262"
6/6/2023,"78,05","78,455","76,445","76,445"
6/5/2023,"76,739","78,066","76,724","77,756"
6/2/2023,"78,302","78,689","76,951","77,079"
6/1/2023,"81,346","81,458","79,474","79,474"
5/31/2023,"81,51","82,829","80,933","82,093"
5/30/2023,"80,067","80,722","79,023","80,467"
5/26/2023,"82,242","83,121","80,228","80,258"
5/25/2023,"84,223","84,796","82,85","82,876"
5/24/2023,"83,244","84,844","82,828","84,683"
5/23/2023,"81,198","82,196","80,554","81,489"
5/22/2023,"82,564","83,062","81,396","81,479"
5/19/2023,"82,992","83,402","81,313","82,566"
5/18/2023,"84,874","84,949","83,34","83,517"
5/17/2023,"87,354","87,987","86,019","86,082"
5/16/2023,"86,632","86,882","85,594","86,331"
5/15/2023,"85,628","86,87","84,915","86,324"
5/12/2023,"86,374","86,618","85,481","86,182"
5/11/2023,"86,546","88,143","84,979","87,048"
5/10/2023,"88,085","89,016","85,632","86,954"
5/9/2023,"86,738","88,728","86,738","88,302"
5/5/2023,"88,894","89,13","86,025","86,446"
5/4/2023,"87,437","90,379","87,437","90,32"
5/3/2023,"85,819","86,772","85,613","86,125"
5/2/2023,"83,52","86,817","83,358","86,812"
4/28/2023,"82,629","84,809","82,408","82,978"
4/27/2023,"86,512","86,512","83,73","83,74"
4/26/2023,"85,76","87,463","85,41","85,954"
4/25/2023,"83,612","84,783","83,609","84,783"
4/24/2023,"83,644","84,644","82,415","82,994"
4/21/2023,"83,521","85,038","82,943","83,1"
4/20/2023,"81,321","83,743","81,053","83,479"
4/19/2023,"81,304","81,894","80,891","81,157"
4/18/2023,"81,388","81,388","79,278","80,632"
4/17/2023,"81,4","82,153","80,674","81,975"
4/14/2023,"82,364","82,922","80,63","81,695"
4/13/2023,"83,192","84,701","82,598","82,728"
4/12/2023,"84,666","84,798","82,013","82,982"
4/11/2023,"86,994","86,994","84,448","84,475"
4/6/2023,"89,989","90,114","87,678","88,162"
4/5/2023,"87,775","90,481","86,353","90,167"
4/4/2023,"85,548","87,797","83,852","87,134"
4/3/2023,"84,683","85,651","82,99","85,647"
3/31/2023,"87,7","88,18","84,167","84,385"
3/30/2023,"87,844","88,543","86,447","87,901"
3/29/2023,"94,586","94,586","89,564","89,673"
3/28/2023,"94,555","96,344","92,187","95,496"
3/27/2023,"95,73","97,202","93,387","96,099"
3/24/2023,"95,75","101,811","95,643","97,221"
3/23/2023,"91,169","95,223","90,114","94,899"
3/22/2023,"90,75","92,149","87,004","90,407"
3/21/2023,"96,404","96,404","90,259","90,81"
3/20/2023,"110,287","114,033","97,847","97,901"
3/17/2023,"95,347","102,891","94,423","100,525"
3/16/2023,"98,035","105,735","94,383","96,773"
3/15/2023,"89,568","105,339","87,38","104,153"
3/14/2023,"94,001","97,764","88,18","89,951"
3/13/2023,"80,87","94,674","80,189","94,674"
3/10/2023,"79,913","82,387","78,858","82,377"
3/9/2023,"76,119","77,942","75,908","75,986"
3/8/2023,"76,581","76,992","75,55","75,837"
3/7/2023,"74,457","75,888","73,959","75,547"
3/6/2023,"76,109","76,129","74,032","74,113"
3/3/2023,"79,47","79,515","76,41","76,41"
3/2/2023,"80,133","81,413","79,601","80,263"
3/1/2023,"79,332","80,076","77,596","79,296"
2/28/2023,"79,569","80,825","78,283","79,566"
2/27/2023,"80,685","80,777","78,839","79,159"
2/24/2023,"79,382","82,098","78,838","81,165"
2/23/2023,"80,125","80,54","78,063","80,54"
2/22/2023,"82,35","83,41","80,695","80,753"
2/21/2023,"78,734","81,853","78,686","81,472"
2/20/2023,"77,311","78,414","76,917","78,269"
2/17/2023,"77,047","78,738","76,946","77,784"
2/16/2023,"75,184","76,716","74,242","75,658"
2/15/2023,"76,733","77,49","75,403","75,736"
2/14/2023,"77,342","77,565","74,336","77,132"
2/13/2023,"78,608","79,471","77,31","77,315"
2/10/2023,"76,347","78,842","75,84","78,737"
2/9/2023,"75,273","75,477","73,77","75,275"
2/8/2023,"73,899","76,567","73,66","76,171"
2/7/2023,"74,613","75,806","74,347","75,408"
2/6/2023,"73,717","75,557","73,365","75,198"
2/3/2023,"73,05","74,682","71,835","72,193"
2/2/2023,"76,268","76,343","71,91","72,635"
2/1/2023,"79,024","79,103","77,799","78,156"
1/31/2023,"80,563","81,373","79,236","79,302"
1/30/2023,"78,049","80,964","78,049","79,764"
1/27/2023,"78,232","79,621","77,276","77,276"
1/26/2023,"79,283","79,637","78,037","78,39"
1/25/2023,"79,175","81,063","78,636","80,043"
1/24/2023,"78,396","79,805","78,145","78,933"
1/23/2023,"80,557","81,035","78,404","78,405"
1/20/2023,"80,936","82,508","80,157","81,552"
1/19/2023,"78,897","81,815","78,869","81,687"
1/18/2023,"77,843","78,203","76,604","77,885"
1/17/2023,"79,711","81,038","77,783","78,374"
1/16/2023,"79,154","80,516","78,664","79,642"
1/13/2023,"77,947","80,255","77,387","79,524"
1/12/2023,"79,728","79,757","77,438","77,945"
1/11/2023,"81,983","82,156","80,125","80,176"
1/10/2023,"81,285","82,444","80,905","82,383"
1/9/2023,"80,461","80,962","79,122","79,797"
1/6/2023,"85,599","86,502","81,429","81,569"
1/5/2023,"85,184","86,916","84,518","86,478"
1/4/2023,"88,159","88,191","84,519","84,519"
1/3/2023,"89,107","89,323","86,113","89,037"
12/30/2022,"92,132","92,542","89,303","90,598"
12/29/2022,"93,151","93,681","91,631","91,631"
12/28/2022,"92,457","92,713","90,908","92,496"
12/23/2022,"94,122","95,212","92,735","92,9"
12/22/2022,"93,404","95,589","92,901","94,997"
12/21/2022,"97,375","97,617","93,85","94,443"
12/20/2022,"100,535","101,144","98,4","98,4"
12/19/2022,"96,368","98,731","94,566","98,72"
12/16/2022,"89,839","97,154","89,839","97,154"
12/15/2022,"84,598","90,29","84,008","89,906"
12/14/2022,"84,306","86,337","83,198","83,374"
12/13/2022,"88,429","88,429","81,373","84,574"
12/12/2022,"90,608","90,716","88,649","89,356"
12/9/2022,"91,162","92,335","88,957","89,407"
12/8/2022,"91,752","92,6","90,679","91,949"
12/7/2022,"92,111","92,462","90,349","91,647"
12/6/2022,"90,546","91,785","89,794","91,689"
12/5/2022,"87,903","90,181","87,196","90,181"
12/2/2022,"87,309","89,753","86,815","87,562"
12/1/2022,"87,352","88,915","85,443","86,914"
11/30/2022,"90,397","92,053","89,368","91,641"
11/29/2022,"91,062","91,523","90,002","91,025"
11/28/2022,"90,202","92,709","90,107","91,973"
11/25/2022,"87,875","89,794","86,887","89,355"
11/24/2022,"88,681","89,318","87,502","87,692"
11/23/2022,"91,773","92,197","89,003","89,64"
11/22/2022,"95,346","95,526","92,134","92,368"
11/21/2022,"94,973","96,233","94,402","95,473"
11/18/2022,"97,394","97,704","93,933","94,441"
11/17/2022,"95,447","100,464","95,073","98,005"
11/16/2022,"94,007","96,644","92,243","96,047"
11/15/2022,"95,227","96,146","91,858","92,996"
11/14/2022,"97,112","98,173","95,052","96,107"
11/11/2022,"97,849","98,184","94,907","97,591"
11/10/2022,"108,359","109,179","99,283","99,29"
11/9/2022,"106,26","108,241","104,968","107,182"
11/8/2022,"106,939","108,006","104,845","105,236"
11/7/2022,"108,721","110,161","105,695","107,073"
11/4/2022,"112,125","113,617","107,94","109,091"
11/3/2022,"113,388","115,185","112,061","113,312"
11/2/2022,"110,642","111,556","109,334","110,827"
11/1/2022,"111,896","112,759","109,489","110,951"
10/31/2022,"111,601","114,248","110,543","113,83"
10/28/2022,"115,093","117,149","111,099","112,073"
10/27/2022,"114,161","116,64","111,627","113,304"
10/26/2022,"116,896","117,764","112,962","113,692"
10/25/2022,"121,31","121,992","115,961","116,49"
10/24/2022,"123,522","125,169","121,053","121,615"
10/21/2022,"127,349","130,124","124,782","125,187"
10/20/2022,"126,796","128,829","124,102","125,017"
10/19/2022,"123,644","126,859","123,59","126,318"
10/18/2022,"123,97","125,474","121,78","125,098"
10/17/2022,"130,491","130,847","125,628","126,366"
10/14/2022,"128,183","131,702","126,674","131,105"
10/13/2022,"133,52","140,055","130,295","130,295"
10/12/2022,"134,792","136,164","132,425","132,772"
10/11/2022,"135,306","138,147","133,682","134,296"
10/10/2022,"134,145","136,083","132,534","134,837"
10/7/2022,"128,627","132,427","125,827","131,917"
10/6/2022,"124,793","127,6","123,686","127,6"
10/5/2022,"124,327","128,204","122,77","126,892"
10/4/2022,"130,357","130,357","122,316","123,412"
10/3/2022,"135,539","138,496","131,963","132,502"
9/30/2022,"137,523","137,709","133,028","134,673"
9/29/2022,"136,169","140,797","136,128","138,264"
9/28/2022,"139,084","143,864","134,915","134,92"
9/27/2022,"131,801","139,045","130,912","138,478"
9/26/2022,"131,39","136,247","131,39","134,27"
9/23/2022,"125,104","131,633","124,398","130,366"
9/22/2022,"125,375","126,285","122,478","125,509"
9/21/2022,"121,18","124,754","121,175","122,361"
9/20/2022,"116,036","121,81","115,495","120,426"
9/16/2022,"110,782","112,787","110,077","112,323"
9/15/2022,"106,962","108,886","104,076","108,886"
9/14/2022,"110,254","110,744","106,695","106,728"
9/13/2022,"103,19","108,934","101,458","108,826"
9/12/2022,"106,254","106,348","102,248","104,043"
9/9/2022,"111,433","111,84","105,855","107,241"
9/8/2022,"111,322","114,331","110,039","112,016"
9/7/2022,"118,433","118,454","113,947","113,947"
9/6/2022,"119,567","119,683","114,345","116,752"
9/5/2022,"120,373","122,063","117,566","119,433"
9/2/2022,"118,099","118,644","113,181","113,192"
9/1/2022,"121,505","123,879","119,735","119,787"
8/31/2022,"116,929","121,705","116,732","119,507"
8/30/2022,"116,041","119,021","112,631","118,409"
8/26/2022,"106,396","113,308","105,126","113,213"
8/25/2022,"108,718","109,448","106,938","107,142"
8/24/2022,"111,432","111,962","108,903","109,462"
8/23/2022,"111,088","112,542","107,827","110,688"
8/22/2022,"104,705","110,674","104,705","110,194"
8/19/2022,"98,069","103,524","98,069","103,524"
8/18/2022,"99,444","101,343","97,225","97,225"
8/17/2022,"94,417","99,712","94,417","99,592"
8/16/2022,"92,181","96,241","91,984","94,343"
8/15/2022,"91,438","93,76","90,877","92,203"
8/12/2022,"94,357","94,605","91,838","91,913"
8/11/2022,"95,407","96,057","92,176","94,061"
8/10/2022,"103,796","104,587","96,463","96,51"
8/9/2022,"100,816","103,169","99,481","102,903"
8/8/2022,"101,393","101,393","98,23","99,756"
8/5/2022,"101,556","103,242","98,971","102,249"
8/4/2022,"99,599","101,962","97,809","101,454"
8/3/2022,"104,668","105,398","100,106","100,398"
8/2/2022,"102,374","106,156","102,37","104,331"
8/1/2022,"100,88","102,562","99,424","101,219"
7/29/2022,"102,462","103,1","99,825","100,043"
7/28/2022,"107,756","109,137","104,582","104,944"
7/27/2022,"112,675","113,224","109,76","109,913"
7/26/2022,"105,173","114,603","105,025","114,39"
7/25/2022,"106,055","106,441","101,609","104,428"
7/22/2022,"108,161","108,304","102,017","104,942"
7/21/2022,"110,81","112,817","107,057","107,797"
7/20/2022,"110,836","112,272","105,665","110,063"
7/19/2022,"121,899","122,401","111,589","111,589"
7/18/2022,"121,608","122,063","119,139","120,288"
7/15/2022,"125,33","127,366","122,138","122,508"
7/14/2022,"122,339","127,939","122,259","126,341"
7/13/2022,"120,322","125,002","119,428","121,759"
7/12/2022,"119,89","121,717","119,091","119,352"
7/11/2022,"119,226","119,922","117,828","118,274"
7/8/2022,"117,133","118,497","115,386","116,522"
7/7/2022,"120,128","120,921","116,227","117,34"
7/6/2022,"122,958","126,905","120,366","122,04"
7/5/2022,"117,922","125,342","116,926","124,522"
7/4/2022,"119,353","121,336","118,577","119,248"
7/1/2022,"120,012","121,156","116,716","120,589"
6/30/2022,"119,591","123,384","118,571","118,571"
6/29/2022,"114,672","117,865","113,414","117,501"
6/28/2022,"108,551","115,289","107,992","114,407"
6/27/2022,"108,296","109,997","106,057","109,217"
6/24/2022,"111,889","114,682","109,268","109,285"
6/23/2022,"111,541","115,317","110,936","113,329"
6/22/2022,"109,196","111,742","108,805","111,518"
6/21/2022,"107,437","108,101","105,513","107,295"
6/20/2022,"111,396","111,515","108,093","108,104"
6/17/2022,"112,535","113,057","108,84","111,905"
6/16/2022,"105,025","113,293","104,597","112,668"
6/15/2022,"106,196","107,214","104,32","105,271"
6/14/2022,"104,479","109,511","103,673","108,495"
6/13/2022,"102,693","106,976","102,466","105,867"
6/10/2022,"95,288","100,304","95,282","99,733"
6/9/2022,"91,895","94,508","91,076","93,894"
6/8/2022,"88,716","90,794","88,27","90,534"
6/7/2022,"88,831","90,002","88,456","89,056"
6/6/2022,"88,72","88,912","86,998","87,507"
6/1/2022,"87,336","89,467","86,596","89,313"
5/31/2022,"85,435","88,718","85,125","87,5"
5/30/2022,"85,817","85,817","84,104","84,437"
5/27/2022,"89,719","89,782","85,825","86,798"
5/26/2022,"94,295","94,295","88,477","88,795"
5/25/2022,"96,316","97,442","93,934","93,934"
5/24/2022,"97,727","98,79","96,211","97,707"
5/23/2022,"97,666","99,013","96,055","96,055"
5/20/2022,"97,77","100,207","95,762","100,121"
5/19/2022,"97,574","101,969","97,533","98,258"
5/18/2022,"91,352","96,668","91,306","96,603"
5/17/2022,"92,744","93,184","90,61","91,467"
5/16/2022,"93,103","93,888","92,608","93,426"
5/13/2022,"92,744","93,808","92,054","92,382"
5/12/2022,"96,343","97,395","94,312","95,257"
5/11/2022,"95,609","96,836",93,"93,605"
5/10/2022,"97,488","97,488","94,211","96,253"
5/9/2022,"97,416","100,937","97,268","97,813"
5/6/2022,"94,144","98,399","92,82","96,435"
5/5/2022,"86,847","94,82","86,137","94,248"
5/4/2022,"88,265","91,814","87,78","91,255"
5/3/2022,"90,747","91,175","87,965","88,33"
4/29/2022,"87,5","91,464","87,066","90,185"
4/28/2022,"87,221","90,032","85,145","89,167"
4/27/2022,"87,776","90,143","86,626","87,836"
4/26/2022,"82,629","87,795","82,29","87,522"
4/25/2022,"83,128","84,546","82,575","84,29"
4/22/2022,"80,075","82,046","79,129","81,914"
4/21/2022,"77,989","78,804","75,815","78,801"
4/20/2022,"79,843","80,089","77,917","78,127"
4/19/2022,"79,227","81,072","78,899","79,97"
4/14/2022,"78,347","79,449","77,931","78,761"
4/13/2022,"77,584","79,664","77,45","79,187"
4/12/2022,"79,504","79,862","76,963","77,501"
4/11/2022,"77,968","78,566","76,044","78,291"
4/8/2022,"75,961","77,443","75,268","77,089"
4/7/2022,"75,913","77,162","74,293","76,667"
4/6/2022,"74,026","76,737","73,665","75,688"
4/5/2022,"70,275","73,633","70,205","73,621"
4/4/2022,"71,796","71,834","70,444","70,48"
4/1/2022,"73,462","73,744","71,49","72,22"
3/31/2022,"73,354","73,652","71,012","72,978"
3/30/2022,"72,314","74,022","72,253","73,132"
3/29/2022,"77,453","77,764","72,109","72,313"
3/28/2022,"80,101","80,461","78,031","78,846"
3/25/2022,"79,662","81,237","78,765","79,877"
3/24/2022,"79,216","81,592","78,52","79,981"
3/23/2022,"76,719","79,832","76,604","79,326"
3/22/2022,"79,137","79,645","77,446","77,572"
3/21/2022,"76,93","79,499","75,374","79,499"
3/18/2022,"70,124","71,993","69,835","70,408"
3/17/2022,"72,149","72,618","69,799","70,168"
3/16/2022,"77,197","77,247","73,225","73,44"
3/15/2022,"81,245","82,243","78,832","79,306"
3/14/2022,"79,316","80,247","77,855","80,058"
3/11/2022,"79,494","81,703","77,004","80,712"
3/10/2022,"78,464","81,773","76,144","80,366"
3/9/2022,"84,121","84,192","76,984","77,882"
3/8/2022,"89,088","90,852","83,252","85,151"
3/7/2022,"85,261","89,681","82,576","87,384"
3/4/2022,"78,99","83,134","78,233","82,613"
3/3/2022,"74,499","78,261","73,907","77,129"
3/2/2022,"78,024","78,943","74,185","74,803"
3/1/2022,"70,95","77,458","69,274","77,458"
2/28/2022,"73,064","74,656","70,594","70,972"
2/25/2022,"71,594","73,405","67,569","67,578"
2/24/2022,"78,158","78,753","74,263","74,732"
2/23/2022,"71,068","72,9","68,557","71,538"
2/22/2022,"73,508","75,505","69,943","71,42"
2/21/2022,"69,365","72,698","68,535","72,167"
2/18/2022,"67,687","71,073","67,051","71,067"
2/17/2022,"66,434","68,054","65,183","67,579"
2/16/2022,"65,719","66,682","64,258","66,317"
2/15/2022,"68,354","68,722","65,499","66,027"
2/14/2022,"69,137","70,128","67,581","67,826"
2/11/2022,"66,653","67,492","65,428","66,709"
2/10/2022,"62,39","66,339","61,812","64,4"
2/9/2022,"63,408","63,408","61,734","62,498"
2/8/2022,"65,934","66,923","63,397","63,651"
2/7/2022,"64,083","69,051","64,083","66,395"
2/4/2022,"60,884","66,78","60,884","64,809"
2/3/2022,"58,287","62,304","58,076","62,092"
2/2/2022,"56,899","57,727","56,08","57,496"
2/1/2022,"58,173","58,5","57,054","57,721"
1/31/2022,"57,981","60,365","57,793","58,81"
1/28/2022,"59,125","61,171","58,517","59,335"
1/27/2022,"58,418","58,627","56,869","57,648"
1/26/2022,"56,444","56,58","55,02","55,791"
1/25/2022,"56,832","57,641","56,22","57,136"
1/24/2022,"55,887","58,377","55,698","58,078"
1/21/2022,"55,256","56,13","54,778","55,359"
1/20/2022,"53,521","54,303","53,394","53,591"
1/19/2022,"54,095","54,638","52,761","53,474"
1/18/2022,"53,064","54,191","53,064","53,653"
1/17/2022,"51,962","52,965","51,812","52,678"
1/14/2022,"51,647","52,376","51,57","52,097"
1/13/2022,"50,287","51,107","50,199","51,057"
1/12/2022,"50,201","50,519","49,71","50,055"
1/11/2022,"50,997","51,563","50,617","50,675"
1/10/2022,"50,263","52,115","50,238","51,712"
1/7/2022,"49,825","51,064","49,597","50,402"
1/6/2022,"49,64","50,3","49,275","49,792"
1/5/2022,"47,671","48,334","47,634","48,242"
1/4/2022,"47,603","48,256","47,095","47,537"
12/31/2021,"48,476","48,974","47,326","47,755"
12/30/2021,"48,438","48,505","47,645","47,77"
12/29/2021,"47,677","49,138","47,021","48,395"
12/24/2021,"48,186","48,186","47,409","47,53"
12/23/2021,"49,401","49,686","48,245","48,487"
12/22/2021,"50,031","50,468","49,407","49,999"
12/21/2021,"50,614","50,857","50,126","50,323"
12/20/2021,"52,563","53,078","51,311","51,539"
12/17/2021,"50,663","51,295","50,318","50,718"
12/16/2021,"50,311","50,847","49,837","50,098"
12/15/2021,"52,027","52,337","50,861","51,744"
12/14/2021,"51,757","52,625","51,189","52,144"
12/13/2021,"52,052","52,272","50,638","51,664"
12/10/2021,"53,408","53,568","52,271","52,332"
12/9/2021,"53,276","53,314","52,052","52,821"
12/8/2021,"53,539","54,308","53,021","53,355"
12/7/2021,"55,954","56,031","53,361","53,417"
12/6/2021,"57,168","58,02","56,851","56,947"
12/3/2021,"56,975","57,89","56,352","57,89"
12/2/2021,"56,876","57,923","56,663","57,316"
12/1/2021,"56,793","57,242","55,728","56,248"
11/30/2021,"57,415","58,125","56,092","57,862"
11/29/2021,"56,017","57,546","55,266","55,988"
11/26/2021,"55,599","58,487","55,478","57,763"
11/25/2021,"51,759","53,49","51,557","53,319"
11/24/2021,"51,24","52,843","51,147","52,184"
11/23/2021,"51,029","51,736","50,747","51,594"
11/22/2021,"49,541","50,379","49,457","50,379"
11/19/2021,"48,851","50,323","48,621","49,524"
11/18/2021,"49,308","49,394","48,9","49,152"
11/17/2021,"49,002","49,457","49,002","49,224"
11/16/2021,"48,993","49,042","48,634","48,841"
11/15/2021,"48,817","49,204","48,479","49,057"
11/12/2021,"48,826","49,571","48,585","48,743"
11/11/2021,"49,242","49,242","48,587","48,755"
11/10/2021,"48,573","48,947","48,235","48,94"
11/9/2021,"47,723","48,566","47,717","48,56"
11/8/2021,"48,198","48,369","47,397","47,652"
11/5/2021,"48,894","49,28","47,774","48,216"
11/4/2021,"49,914","49,915","48,72","48,83"
11/3/2021,"50,619","50,748","50,236","50,567"
11/2/2021,"51,074","51,118","50,497","50,51"
11/1/2021,"50,336","51,362","50,202","50,858"
10/29/2021,"50,402","51,78","50,087","50,715"
10/28/2021,"49,394","49,976","49,233","49,971"
10/27/2021,"49,216","49,401","48,809","49,038"
10/26/2021,"50,053","50,097","48,843","49,144"
10/25/2021,"50,258","50,519","50,003","50,204"
10/22/2021,"49,833","50,513","49,678","50,407"
10/21/2021,"50,123","50,373","49,715","50,121"
10/20/2021,"50,239","50,444","49,755","49,878"
10/19/2021,"50,587","50,661","49,96","50,054"
10/18/2021,"50,792","51,568","50,681","50,791"
10/15/2021,"50,39","50,945","50,301","50,372"
10/14/2021,"52,455","52,466","50,743","50,76"
10/13/2021,"53,275","53,306","52,249","52,94"
10/12/2021,"53,946","54,235","52,833","52,949"
10/11/2021,"52,148","53,77","52,148","52,972"
10/8/2021,"51,34","52,017","50,982","52,005"
10/7/2021,"50,877","51,55","50,738","50,972"
10/6/2021,"51,197","53,094","51,197","52,028"
10/5/2021,"50,928","51,594","50,614","50,707"
10/4/2021,"50,287","51,339","50,187","51,12"
10/1/2021,"50,592","50,92","49,471","50,241"
9/30/2021,"49,136","50,132","48,932","50,068"
9/29/2021,"49,75","49,771","49,195","49,469"
9/28/2021,"48,733","50,061","48,728","49,975"
9/27/2021,"48,695","49,122","48,523","48,882"
9/24/2021,"48,592","49,387","48,584","49,059"
9/23/2021,"49,227","49,266","48,442","48,529"
9/22/2021,"50,533","50,536","49,372","49,466"
9/21/2021,"51,221","51,221","50,191","50,727"
9/20/2021,"51,266","51,671","50,785","51,485"
9/17/2021,"44,275","44,965","44,174","44,917"
9/16/2021,"44,402","44,551","44,095","44,484"
9/15/2021,"44,584","44,759","44,519","44,63"
9/14/2021,"44,675","44,937","44,418","44,421"
9/13/2021,"44,653","44,857","44,589","44,764"
9/10/2021,"44,52","44,731","44,303","44,683"
9/9/2021,"45,237","45,318","44,452","44,452"
9/8/2021,"44,962","45,262","44,772","44,962"
9/7/2021,"44,532","45,044","44,451","44,921"
9/6/2021,"44,83","44,83","44,42","44,491"
9/3/2021,"44,595","45,027","44,556","44,958"
9/2/2021,"44,64","44,737","44,49","44,641"
9/1/2021,"44,51","44,736","44,391","44,477"
8/31/2021,"44,601","44,924","44,512","44,758"
8/27/2021,"46,023","46,036","45,167","45,228"
8/26/2021,"45,752","46,259","45,74","46,004"
8/25/2021,"45,787","45,93","45,563","45,567"
8/24/2021,"45,869","46,136","45,693","45,808"
8/23/2021,"46,56","46,692","45,965","45,999"
8/20/2021,"47,334","47,677","46,965","46,985"
8/19/2021,"47,409","47,799","47,093","47,105"
8/18/2021,"46,372","46,851","46,349","46,379"
8/17/2021,"46,31","46,723","46,279","46,561"
8/16/2021,"46,231","46,497","46,122","46,167"
8/13/2021,"46,047","46,114","45,715","45,987"
8/12/2021,"46,748","46,754","46,058","46,139"
8/11/2021,"46,776","47,132","46,666","46,769"
8/10/2021,"46,38","46,581","46,256","46,565"
8/9/2021,"46,322","46,457","46,012","46,367"
8/6/2021,"46,261","46,266","45,863","45,988"
8/5/2021,"46,814","46,849","46,238","46,246"
8/4/2021,"46,513","46,879","46,242","46,794"
8/3/2021,"46,574","47,088","46,51","46,651"
8/2/2021,"46,195","46,552","46,013","46,552"
7/30/2021,"46,463","46,782","46,314","46,588"
7/29/2021,"46,535","46,563","46,068","46,18"
7/28/2021,"47,237","47,238","46,47","46,54"
7/27/2021,"46,661","47,428","46,615","47,128"
7/26/2021,"46,668","47,126","46,341","46,505"
7/23/2021,"46,809","47,045","46,025","46,098"
7/22/2021,"46,963","47,272","46,763","46,993"
7/21/2021,"48,912","49,086","47,382","47,446"
7/20/2021,"48,944","50,085","48,699","49,074"
7/19/2021,"48,256","49,403","47,861","49,177"
7/16/2021,"47,493","47,778","46,918","47,613"
7/15/2021,"46,821","47,564","46,679","47,42"
7/14/2021,"47,131","47,274","46,486","46,817"
7/13/2021,"46,637","46,946","46,513","46,58"
7/12/2021,"46,687","47,009","46,482","46,592"
7/9/2021,"47,442","47,547","46,557","46,629"
7/8/2021,"46,504","48,298","46,504","47,586"
7/7/2021,"46,317","46,684","46,13","46,315"
7/6/2021,"45,771","46,682","45,771","46,519"
7/5/2021,"45,817","46,327","45,497","45,497"
7/2/2021,"46,13","46,413","45,648","45,648"
7/1/2021,"46,374","46,789","46,102","46,131"
6/30/2021,"46,429","47,014","46,299","46,758"
6/29/2021,"46,401","46,648","46,195","46,24"
6/28/2021,"45,448","46,44","45,448","46,391"
6/25/2021,"46,027","46,179","45,621","45,644"
6/24/2021,"46,468","46,7","46,091","46,14"
6/23/2021,"47,123","47,123","46,559","46,608"
6/22/2021,"47,775","47,963","47,279","47,37"
6/21/2021,"49,262","49,286","47,873","47,97"
6/18/2021,"47,324","48,655","47,064","48,448"
6/17/2021,"48,079","48,189","47,319","47,403"
6/16/2021,"47,558","47,685","47,241","47,463"
6/15/2021,"46,965","47,711","46,891","47,643"
6/14/2021,"46,758","47,211","46,46","47,195"
6/11/2021,"47,506","47,672","46,77","46,873"
6/10/2021,"48,498","48,788","47,631","47,659"
6/9/2021,"49,029","49,059","48,353","48,415"
6/8/2021,"49,145","49,23","48,664","48,881"
6/7/2021,"49,33","49,499","49,125","49,125"
6/4/2021,"49,947","50,014","49,227","49,281"
6/3/2021,"49,206","50,053","49,192","49,911"
6/2/2021,"49,331","49,377","48,924","49,194"
6/1/2021,"50,311","50,333","48,734","49,31"
5/28/2021,"50,36","50,491","49,681","49,966"
5/27/2021,"51,002","51,185","50,425","50,468"
5/26/2021,"51,19","51,393","50,918","50,923"
5/25/2021,"51,401","51,577","51,008","51,132"
5/24/2021,"52,339","52,49","51,534","51,7"
5/21/2021,"51,593","52,634","51,549","52,47"
5/20/2021,"52,013","53,61","51,765","51,874"
5/19/2021,"52,205","52,818","52,05","52,363"
5/18/2021,"50,563","51,707","50,408","51,582"
5/17/2021,"50,383","51,057","50,323","50,988"
5/14/2021,"51,346","51,653","50,297","50,479"
5/13/2021,"52,693","53,117","51,549","51,795"
5/12/2021,"51,69","52,23","51,175","52,211"
5/11/2021,"51,306","51,697","50,884","51,312"
5/10/2021,"50,006","50,318","49,948","50,147"
5/7/2021,"50,681","51,316","50,096","50,176"
5/6/2021,"50,399","51,309","50,367",51
5/5/2021,"50,486","50,648","50,307","50,32"
5/4/2021,"49,632","50,839","49,632","50,831"
4/30/2021,"50,07","50,275","49,698","49,883"
4/29/2021,"50,364","50,469","49,878","50,151"
4/28/2021,"50,653","50,81","50,463","50,685"
4/27/2021,"50,356","50,997","50,351","50,716"
4/26/2021,"50,391","50,828","50,35","50,562"
4/23/2021,"51,321","51,467","50,392","50,392"
4/22/2021,"50,537","51,227","50,46","50,929"
4/21/2021,"50,958","51,205","50,638","50,946"
4/20/2021,"49,707","51,31","49,707","51,073"
4/19/2021,"49,448","50,093","49,448","49,962"
4/16/2021,"49,882","50,048","49,233","49,431"
4/15/2021,"50,883","50,911","49,826","50,018"
4/14/2021,"50,904","51,238","50,599","50,737"
4/13/2021,"51,074","52,005","51,036","51,161"
4/12/2021,"50,622","51,232","50,61","51,189"
4/9/2021,"50,413","50,838","50,262","50,626"
4/8/2021,"50,8","51,18","50,35","50,471"
4/7/2021,"50,658","51,329","50,658","51,329"
4/6/2021,"49,708","50,63","49,583","50,599"
4/1/2021,"51,982","51,982","50,284","50,394"
3/31/2021,"53,902","53,933","52,064","52,072"
3/30/2021,"53,866","54,655","53,629","53,629"
3/29/2021,"53,593","54,265","53,5","54,102"
3/26/2021,"53,826","54,344","53,381","53,594"
3/25/2021,"54,337","55,002","53,779","54,537"
3/24/2021,"54,768","54,818","53,754","53,907"
3/23/2021,"55,338","55,391","54,192","54,221"
3/22/2021,"55,632","56,105","54,772","54,828"
3/19/2021,"48,001","48,082","47,09","47,09"
3/18/2021,"46,594","47,424","46,524","47,251"
3/17/2021,"47,383","47,9","47,086","47,741"
3/16/2021,"47,102","47,378","46,851","47,107"
3/15/2021,"47,203","47,551","46,725","47,454"
3/12/2021,"47,269","47,466","46,873","47,25"
3/11/2021,"47,813","47,976","46,319","46,575"
3/10/2021,"49,862","49,924","48,265","48,331"
3/9/2021,"50,359","50,395","48,539","48,954"
3/8/2021,"49,336","50,56","49,219","49,797"
3/5/2021,"50,167","50,699","49,463","50,245"
3/4/2021,"49,357","49,366","48,316","48,474"
3/3/2021,"47,728","48,556","47,427","48,537"
3/2/2021,"48,577","48,725","47,577","48,125"
3/1/2021,"50,438","50,507","48,233","48,268"
2/26/2021,"51,839","51,992","50,942","51,274"
2/25/2021,"47,685","50,925","47,685","50,726"
2/24/2021,"49,269","49,32","48,404","48,639"
2/23/2021,"48,506","49,799","48,425","49,532"
2/22/2021,"48,129","48,918","48,129","48,613"
2/19/2021,"47,962","48,155","47,362","47,489"
2/18/2021,"47,879","48,362","47,312","48,247"
2/17/2021,"47,416","48,12","47,288","47,908"
2/16/2021,"46,037","47,526","46,022","47,407"
2/15/2021,"46,596","46,976","46,043","46,151"
2/12/2021,"47,186","47,548","46,908","47,344"
2/11/2021,"47,263","47,601","46,68","46,995"
2/10/2021,"47,593","47,937","46,832","47,522"
2/9/2021,"47,505","48,408","47,357","47,948"
2/8/2021,"46,864","47,67","46,709","47,441"
2/5/2021,"47,476","47,683","46,822","47,653"
2/4/2021,"49,057","49,363","47,636","48,016"
2/3/2021,"49,229","49,454","48,682","48,726"
2/2/2021,"50,837","50,837","50,001","50,077"
2/1/2021,"51,521","52,089","50,957","51,571"
1/29/2021,"52,978","53,442","51,432","52,066"
1/28/2021,"53,4","53,955","51,582","51,832"
1/27/2021,"50,159","52,443","50,002","52,078"
1/26/2021,"51,556","51,557","49,671","50,007"
1/25/2021,"48,551","51,415","48,44","50,881"
1/22/2021,"49,203","50,581","48,751","48,881"
1/21/2021,"48,535","49,422","48,159","49,012"
1/20/2021,"49,989","50,096","48,515","48,673"
1/19/2021,"50,315","50,562","49,803","50,271"
1/18/2021,"51,095","52,052","51,071","51,254"
1/15/2021,"50,282","51,46","49,446","50,935"
1/14/2021,"48,573","49,748","48,1","49,372"
1/13/2021,"49,833","50,235","48,564","49,13"
1/12/2021,"48,856","50,467","48,705","50,303"
1/11/2021,"48,515","49,445","48,251","49,062"
1/8/2021,"46,844","48,02","46,665","47,56"
1/7/2021,"47,298","49,119","47,258","47,946"
1/6/2021,"48,287","49,293","47,341","47,863"
1/5/2021,"48,616","50,257","48,3","48,735"
1/4/2021,"47,188","48,747","45,965","48,747"
12/31/2020,"47,805","48,347","47,764","47,93"
12/30/2020,"47,749","48,427","47,218","47,794"
12/29/2020,"47,356","48,328","46,613","47,944"
12/24/2020,"49,508","49,572","48,35","48,35"
12/23/2020,"51,811","51,917","49,438","49,465"
12/22/2020,"52,62","52,82","51,226","52,414"
12/21/2020,"51,169","54,117","51,169","52,35"
12/18/2020,"47,878","48,716","47,664","48,574"
12/17/2020,"47,865","47,92","46,503","47,612"
12/16/2020,"48,212","48,357","47,371","48,228"
12/15/2020,"50,278","50,453","48,047","48,697"
12/14/2020,"49,131","50,038","47,94","49,823"
12/11/2020,"48,431","51,369","48,391","50,962"
12/10/2020,"48,2","49,281","47,33","48,258"
12/9/2020,"46,825","47,882","46,567","47,712"
12/8/2020,"47,643","47,839","46,686","47,383"
12/7/2020,"45,888","47,536","45,785","47,427"
12/4/2020,"46,397","46,544","45,146","45,292"
12/3/2020,"46,835","47,21","45,915","46,128"
12/2/2020,"46,447","47,341","46,297","46,8"
12/1/2020,"48,142","48,193","46,118","46,318"
11/30/2020,"49,573","49,748","48,58","48,931"
11/27/2020,"49,225","49,565","48,392","48,893"
11/26/2020,"48,905","49,422","48,51","49,171"
11/25/2020,"48,682","49,301","48,144","49,291"
11/24/2020,"49,926","49,934","48,172","48,405"
11/23/2020,"51,267","52,022","50,556","51,166"
11/20/2020,"51,113","52,003","50,474","51,98"
11/19/2020,"51,143","51,461","50,602","51,109"
11/18/2020,"50,67","50,67","49,437","49,97"
11/17/2020,"49,94","50,395","49,598","49,971"
11/16/2020,"51,325","51,371","49,247","49,684"
11/13/2020,"52,992","53,36","51,95","52,373"
11/12/2020,"51,368","52,838","50,615","52,313"
11/11/2020,"50,247","50,666","49,3","50,347"
11/10/2020,"51,177","51,243","49,369","50,469"
11/9/2020,"50,994","51,641","48,278","50,141"
11/6/2020,"53,875","54,986","52,211","53,059"
11/5/2020,"57,57","57,57","53,168","53,65"
11/4/2020,"62,791","64,425","57,502","57,779"
11/3/2020,"61,531","62,213","60,492","60,987"
11/2/2020,"65,743","66,522","62,408","62,47"
10/30/2020,"66,207","67,071","64,901","65,449"
10/29/2020,"64,527","67,662","63,54","64,183"
10/28/2020,"60,567","65,142","60,567","65,007"
10/27/2020,"57,333","59,356","56,904","59,266"
10/26/2020,"56,649","57,996","56,467","57,891"
10/23/2020,"55,938","56,27","54,043","55,141"
10/22/2020,"55,641","56,363","54,702","56,214"
10/21/2020,"54,564","55,617","53,963","54,741"
10/20/2020,"55,239","55,361","54,414","54,752"
10/19/2020,"53,578","54,228","52,557","54,218"
10/16/2020,"55,737","55,986","53,377","53,535"
10/15/2020,"54,489","57,216","54,489","55,931"
10/14/2020,"52,396","53,826","52,201","53,826"
10/13/2020,"50,646","52,159","50,594","51,978"
10/12/2020,"51,584","52,194","50,574","50,761"
10/9/2020,"53,401","53,412","51,795","51,992"
10/8/2020,"52,788","54,115","51,888","54,115"
10/7/2020,"55,442","55,534","53,311","53,319"
10/6/2020,"56,028","56,699","53,901","54,597"
10/5/2020,"57,763","57,98","56,578","56,696"
10/2/2020,"60,541","60,656","57,752","58,464"
10/1/2020,"59,218","59,943","57,809","59,087"
9/30/2020,"61,781","62,299","58,739","59,562"
9/29/2020,"59,296","61,421","59,296","60,688"
9/28/2020,"60,243","61,441","59,465","59,715"
9/25/2020,"60,715","64,347","60,715","62,204"
9/24/2020,"60,474","63,047","60,037","61,156"
9/23/2020,"56,917","58,686","55,808","58,555"
9/22/2020,"56,65","58,683","56,497","57,972"
9/21/2020,"53,519","58,144","53,519","57,348"
9/18/2020,"54,518","55,717","54,42","55,393"
9/17/2020,55,"55,217","54,351","54,845"
9/16/2020,"54,145","54,57","53,45","53,666"
9/15/2020,"54,5","54,811","53,148","54,081"
9/14/2020,"54,732","55,987","54,392","54,556"
9/11/2020,"54,957","56,3","53,886","55,41"
9/10/2020,"52,472","54,479","52,472","54,479"
9/9/2020,"54,296","55,157","53,218","53,318"
9/8/2020,"52,283","54,39","52,058","53,799"
9/7/2020,"52,407","53,387","52,235","52,814"
9/4/2020,"53,267","53,604","51,427","52,775"
9/3/2020,"50,181","52,361","49,788",52
9/2/2020,"50,612","51,01","49,905","50,344"
9/1/2020,"53,846","53,974","51,844","51,849"
8/28/2020,"53,716","54,56","53,707","54,335"
8/27/2020,"54,28","55,099","53,157","53,91"
8/26/2020,"54,109","54,84","53,892","54,025"
8/25/2020,"53,077","54,9","52,914","54,814"
8/24/2020,"53,708","53,972","53,255","53,796"
8/21/2020,"55,843","56,47","54,748","54,817"
8/20/2020,"56,623","56,899","55,425","56,136"
8/19/2020,"54,262","55,041","53,83","54,78"
8/18/2020,"54,237","54,994","53,644","54,511"
8/17/2020,"54,607","55,339","53,594","54,238"
8/14/2020,"53,376","55,116","53,29","54,476"
8/13/2020,"52,473","53,401","52,465","52,989"
8/12/2020,"53,588","53,751","52,216","52,333"
8/11/2020,"53,628","54,156","52,666","52,795"
8/10/2020,"53,624","54,44","53,578","54,37"
8/7/2020,"55,16","55,842","53,991","54,323"
8/6/2020,"55,462","56,541","54,833","55,466"
8/5/2020,"56,103","56,561","55,319","55,473"
8/4/2020,"57,925","58,545","56,815","56,824"
8/3/2020,"59,754","60,874","57,718","57,799"
7/31/2020,"60,6","60,686","59,786","60,686"
7/30/2020,"58,542","61,894","58,504","60,966"
7/29/2020,"60,93","60,937","59,243","59,297"
7/28/2020,"59,599","60,994","59,34","60,337"
7/27/2020,"58,336","59,974","58,22","59,787"
7/24/2020,"59,359","59,684","58,167","58,208"
7/23/2020,"57,488","58,328","56,868","57,866"
7/22/2020,"58,051","58,689","57,218","58,115"
7/21/2020,"57,332","58,302","56,687","57,724"
7/20/2020,"61,877","62,045","58,51","58,587"
7/17/2020,"61,212","62,12","61,005","61,865"
7/16/2020,"61,303","62,416","61,225","61,39"
7/15/2020,"60,103","61,561","59,931","61,54"
7/14/2020,"63,649","63,739","61,269","61,938"
7/13/2020,"60,426","61,907","60,426","60,99"
7/10/2020,"64,312","64,732","63,119","63,304"
7/9/2020,"61,582","64,125","61,493","63,375"
7/8/2020,"64,231","64,493","62,323","62,66"
7/7/2020,"61,768","62,616","61,75","62,58"
7/6/2020,"61,5","61,834","60,689","61,321"
7/3/2020,"63,989","64,593","63,044","63,955"
7/2/2020,"64,929","65,044","62,294","63,98"
7/1/2020,"66,607","67,15","64,586","65,076"
6/30/2020,"69,895","70,363","65,804","66,564"
6/29/2020,"73,026","73,152","70,21","70,38"
6/26/2020,"68,562","71,931","68,375","71,77"
6/25/2020,"68,701","70,944","68,644","69,787"
6/24/2020,"65,292","70,002","64,153","69,363"
6/23/2020,"66,428","66,535","63,523","64,631"
6/22/2020,"67,654","68,832","66,491","67,015"
6/19/2020,"66,283","66,524","64,013","66,177"
6/18/2020,"65,588","67,012","62,974","66,757"
6/17/2020,"64,739","64,992","62,055","64,196"
6/16/2020,"64,789","67,074","60,783","64,968"
6/15/2020,"74,526","75,758","70,039","70,533"
6/12/2020,"71,795","73,419","67,433","69,369"
6/11/2020,"71,31","71,823","69,206","71,257"
6/10/2020,"64,821","68,313","64,55","67,198"
6/9/2020,"60,397","65,654","60,395","65,517"
6/8/2020,"58,889","61,485","58,836","61,204"
6/5/2020,"62,445","62,795","58,083","58,406"
6/4/2020,"65,534","67,859","62,959","63,59"
6/3/2020,"65,2","66,434","63,705","64,684"
6/2/2020,"70,25","71,074","66,481","66,997"
6/1/2020,"69,834","71,546","69,242","70,304"
5/29/2020,"71,021","73,563","70,731","72,213"
5/28/2020,"68,417","72,264","67,886","69,671"
5/27/2020,"72,875","73,034","67,698","71,005"
5/26/2020,"76,682","76,77","72,498","73,494"
5/22/2020,"81,755","82,627","77,962","80,344"
5/21/2020,"79,049","80,215","77,501","79,348"
5/20/2020,"82,744","82,908","77,723","78,22"
5/19/2020,"82,985","83,013","80,382","82,032"
5/18/2020,"87,625","87,83","83,591","83,837"
5/15/2020,"88,138","91,149","88,138","90,221"
5/14/2020,"89,951","91,508","88,662","90,48"
5/13/2020,"86,636","88,202","85,444","88,202"
5/12/2020,"85,346","85,906","82,903","83,834"
5/11/2020,"83,633","84,783","82,41","84,347"
5/7/2020,"85,543","87,099","85,273","85,598"
5/6/2020,"85,465","86,157","83,493","85,908"
5/5/2020,"84,38","87,675","84,33","84,65"
5/4/2020,"86,906","87,891","85,316","86,876"
5/1/2020,"82,627","83,965","82,042","83,965"
4/30/2020,"76,938","81,592","75,611","80,657"
4/29/2020,"80,888","82,172","77,905","78,244"
4/28/2020,"81,275","82,395","79,042","81,716"
4/27/2020,"80,672","82,448","78,838","80,951"
4/24/2020,"86,583","88,298","82,614","84,206"
4/23/2020,"84,371","85,858","81,046","81,827"
4/22/2020,"90,811","91,415","84,391","84,918"
4/21/2020,"89,127","92,004","87,783","91,734"
4/20/2020,"79,995","87,087","79,62","84,691"
4/17/2020,"77,933","83,227","77,858","82,146"
4/16/2020,"84,008","86,431","81,801","84,737"
4/15/2020,"78,53","85,537","78,427","85,051"
4/14/2020,"79,331","81,545","74,851","76,998"
4/9/2020,"93,099","94,152","76,91","80,076"
4/8/2020,"98,113","100,705","94,295","95,026"
4/7/2020,"99,7","99,7","95,297","95,992"
4/6/2020,"105,363","109,267","103,02","103,7"
4/3/2020,"108,653","114,695","108,24","114,248"
4/2/2020,"102,632","112,491","100,879","108,084"
4/1/2020,"105,006","105,924","100,439","104,054"
3/31/2020,"96,163","98,062","89,097","95,783"
3/30/2020,"92,859","103,045","92,796","97,88"
3/27/2020,"86,343","94,942","85,231","94,475"
3/26/2020,"93,899","94,843","84,155","84,493"
3/25/2020,"97,275","97,275","87,393","88,83"
3/24/2020,"108,228","108,918","96,389","97,994"
3/23/2020,"129,647","132,282","108,48","114,181"
3/20/2020,"107,675","118,839","103,341","117,407"
3/19/2020,"127,266","129,006","108,709","117,234"
3/18/2020,"126,35","141,65","124,05","138,549"
3/17/2020,"117,99","130,767","112,97","117,968"
3/16/2020,"132,78","134,534","118,384","122,228"
3/13/2020,"124,026","128,7","100,311","108,175"
3/12/2020,"123,12","135,875","114,677","119,369"
3/11/2020,"101,606","105,009","95,572","103,821"
3/10/2020,"95,655","103,934","88,882","99,515"
3/9/2020,"102,458","116,977","101,921","105,089"
3/6/2020,"71,938","83,074","71,138","79,851"
3/5/2020,"63,224","69,097","62,044","69,085"
3/4/2020,"65,004","66,365","61,167","64,181"
3/3/2020,"64,648","65,545","60,811","62,254"
3/2/2020,"61,913","71,093","60,076","66,901"
2/28/2020,"62,645","65,266","61,312","64,414"
2/27/2020,"55,01","59,81","52,956","56,205"
2/26/2020,"51,841","54,402","50,638","51,862"
2/25/2020,"46,868","50,618","46,349","50,349"
2/24/2020,"45,229","48,262","44,99","48,019"
2/21/2020,"42,951","43,36","42,586","43,019"
2/20/2020,"41,772","42,412","41,503","42,345"
2/19/2020,"41,404","41,619","41,025","41,604"
2/18/2020,"42,052","42,061","41,565","41,896"
2/17/2020,"41,263","41,413","41,119","41,277"
2/14/2020,"41,556","41,756","41,191","41,57"
2/13/2020,"42,32","42,734","41,77","41,889"
2/12/2020,"42,155","42,302","41,62","41,667"
2/11/2020,"42,163","42,64","42,109","42,333"
2/10/2020,"43,788","43,822","42,798","42,936"
2/7/2020,"42,912","43,968","42,863","43,593"
2/6/2020,"42,312","42,906","41,785","42,87"
2/5/2020,"44,596","44,596","42,36","43,133"
2/4/2020,"45,063","45,365","43,738","43,928"
2/3/2020,"46,014","46,332","45,48","46,017"
1/31/2020,"45,168","46,62","45,12","46,234"
1/30/2020,"45,875","46,485","45,441","45,673"
1/29/2020,"44,79","45,116","44,241","44,787"
1/28/2020,"45,824","46,803","44,713","44,715"
1/27/2020,"45,763","46,52","45,225","46,121"
1/24/2020,"44,263","44,664","43,333","44,664"
1/23/2020,"44,05","44,888","43,793","44,763"
1/22/2020,"43,701","44,176","43,312","43,727"
1/21/2020,"43,6","43,956","43,158","43,505"
1/20/2020,"42,619","43,027","42,582","42,964"
1/17/2020,"42,863","43,015","42,496","42,653"
1/16/2020,"43,237","43,544","42,845","43,278"
1/15/2020,"43,832","44,344","43,374","43,416"
1/14/2020,"42,912","43,845","42,864","43,535"
1/13/2020,"42,931","43,637","42,916","43,201"
1/10/2020,"42,562","43,25","42,376","43,171"
1/9/2020,"43,319","43,321","42,649","42,981"
1/8/2020,"45,403","45,476","43,459","43,495"
1/7/2020,"44,468","44,748","43,918","44,633"
1/6/2020,"45,569","45,912","44,866","44,911"
1/3/2020,"44,263","45,171","44,212","44,726"
1/2/2020,"43,778","43,898","43,338","43,685"
12/31/2019,"44,068","44,595","43,738","44,249"
12/30/2019,"43,434","43,801","43,434","43,699"
12/27/2019,"43,253","43,875","43,237","43,435"
12/24/2019,"44,161","44,221","44,098","44,12"
12/23/2019,"43,505","44,317","43,214","44,269"
12/20/2019,"44,763","44,853","43,349","43,391"
12/19/2019,"45,038","45,353","44,47","44,736"
12/18/2019,"45,4","45,484","44,78","44,95"
12/17/2019,"45,035","45,624","44,967","45,124"
12/16/2019,"45,473","45,669","44,959","45,026"
12/13/2019,"45,102","46,249","45,042","46,249"
12/12/2019,"47,184","47,721","46,442","47,249"
12/11/2019,"47,267","48,013","47,267","47,392"
12/10/2019,"47,684","48,295","47,055","47,286"
12/9/2019,"47,092","47,509","46,714","47,502"
12/6/2019,"47,706","47,822","46,955","46,999"
12/5/2019,"47,595","48,283","47,339","47,953"
12/4/2019,"50,043","50,421","47,761","48,045"
12/3/2019,"49,013","50,614","48,938","50,03"
12/2/2019,"47,45","49,01","47,136","48,953"
11/29/2019,"48,369","48,546","47,588","47,748"
11/28/2019,"47,956","48,083","47,698","47,944"
11/27/2019,"47,245","48,068","47,238","47,687"
11/26/2019,"48,024","48,366","47,478","47,805"
11/25/2019,49,"49,266","48,065","48,153"
11/22/2019,"49,662","50,193","49,435","49,735"
11/21/2019,"50,519","50,692","49,354","49,789"
11/20/2019,"49,676","50,583","49,645","49,988"
11/19/2019,"48,356","49,56","48,225","49,333"
11/18/2019,"48,442","49,147","48,138","48,547"
11/15/2019,"49,25","49,953","48,641","48,861"
11/14/2019,"49,42","50,28","49,187","50,109"
11/13/2019,"48,75","49,783","48,363","49,403"
11/12/2019,"48,128","48,599","47,942","48,262"
11/11/2019,"49,406","49,653","48,498","48,56"
11/8/2019,"49,002","49,591","48,234","48,811"
11/7/2019,"49,07","49,071","48,07","48,749"
11/6/2019,"48,91","49,767","48,464","49,532"
11/5/2019,"48,467","48,602","47,564","48,562"
11/4/2019,"49,591","49,711","48,553","48,654"
11/1/2019,"51,244","51,652","49,75","50,336"
10/31/2019,"50,986","52,197","50,428","51,929"
10/30/2019,"51,395","52,201","51,216","51,416"
10/29/2019,"50,17","51,418","50,133","50,98"
10/28/2019,"50,525","51,003","50,023","50,023"
10/25/2019,"51,048","51,589","49,965","50,415"
10/24/2019,"50,678","51,523","50,152","51,211"
10/23/2019,"51,4","51,4","50,348","51,011"
10/22/2019,"50,658","51,24","50,452","50,514"
10/21/2019,"52,687","52,811","50,575","50,761"
10/18/2019,"53,45","53,45","51,849","53,03"
10/17/2019,"52,955","53,615","50,989","53,615"
10/16/2019,"53,008","54,411","52,183","52,5"
10/15/2019,"54,819","54,905","52,496","52,932"
10/14/2019,"54,005","56,084","53,977","55,342"
10/11/2019,"55,882","56,039","53,467","54,017"
10/10/2019,"57,411","58,334","55,99","56,388"
10/9/2019,"59,276","59,766","57,231","57,708"
10/8/2019,"57,481","59,548","57,206","59,288"
10/7/2019,"57,702","58,536","57,335","58,065"
10/4/2019,"58,327","60,454","57,502","57,671"
10/3/2019,"58,001","60,304","56,954","59,301"
10/2/2019,"55,147","57,82","55,017","57,486"
10/1/2019,"54,314","55,054","53,388","55,004"
9/30/2019,"56,386","56,692","55,014","55,132"
9/27/2019,"55,586","56,829","55,541","56,411"
9/26/2019,"55,667","56,655","55,344","56,088"
9/25/2019,"55,905","56,852","55,304","55,744"
9/24/2019,"54,891","55,455","54,034","55,191"
9/23/2019,"54,867","56,397","54,598","55,264"
9/20/2019,"47,599","54,679","45,986","54,636"
9/19/2019,"47,8","48,122","46,71","47,408"
9/18/2019,"48,093","48,28","47,128","47,792"
9/17/2019,"47,175","48,307","46,598","48,094"
9/16/2019,"46,201","47,167","45,815","46,63"
9/13/2019,"44,773","46,837","44,466","45,134"
9/12/2019,"48,419","48,967","43,996","44,905"
9/11/2019,"48,9","49,842","48,163","49,105"
9/10/2019,"48,149","49,575","48,117","48,959"
9/9/2019,"47,241","48,348","46,885","47,802"
9/6/2019,"48,082","48,209","46,831","47,248"
9/5/2019,"48,249","48,914","47,768","47,99"
9/4/2019,"48,853","49,87","48,686","48,69"
9/3/2019,"49,01","51,522","49,002","50,215"
9/2/2019,"48,838","49,557","48,548","49,503"
8/30/2019,"47,669","48,979","47,6","48,558"
8/29/2019,"49,63","49,87","47,293","47,482"
8/28/2019,"50,241","50,702","49,43","49,43"
8/27/2019,"51,459","51,876","49,983","50,256"
8/23/2019,"49,473","52,6","49,126","52,579"
8/22/2019,"50,383","51,02","49,097","50,115"
8/21/2019,"52,272","52,642","49,741","49,878"
8/20/2019,"50,637","52,701","50,615","52,146"
8/19/2019,"51,735","51,735","50,189","50,604"
8/16/2019,"55,015","55,079","52,227","52,851"
8/15/2019,"57,759","59,29","55,44","55,975"
8/14/2019,"53,861","58,233","53,861","58,192"
8/13/2019,"58,919","59,645","53,837","53,843"
8/12/2019,"56,181","58,686","55,888","58,185"
8/9/2019,"55,914","57,392","55,824","57,151"
8/8/2019,"55,42","56,642","54,601","54,882"
8/7/2019,"56,334","58,39","55,184","57,773"
8/6/2019,"57,58","57,854","55,041","56,565"
8/5/2019,"55,72","58,672","55,181","57,886"
8/2/2019,"53,809","54,549","52,836","53,575"
8/1/2019,"51,754","52,623","50,087","50,598"
7/31/2019,"51,019","51,513","49,797","49,946"
7/30/2019,"49,401","51,558","49,401","51,062"
7/29/2019,"47,975","49,454","47,379","49,119"
7/26/2019,"46,133","48,071","45,836","47,264"
7/25/2019,"45,181","47,403","43,418","46,218"
7/24/2019,"47,337","47,588","45,419","45,628"
7/23/2019,"47,559","47,788","47,196","47,642"
7/22/2019,"49,76","49,831","47,959","48,216"
7/19/2019,"48,68","49,63","48,321","49,374"
7/18/2019,"51,232","51,411","48,869","49,866"
7/17/2019,"50,377","50,798","49,843","50,172"
7/16/2019,"48,678","49,718","48,668","49,617"
7/15/2019,"49,152","49,152","48,353","48,533"
7/12/2019,"48,925","49,605","48,925","49,29"
7/11/2019,"48,302","49,505","48,302","49,124"
7/10/2019,"50,841","51,323","48,972","49,163"
7/9/2019,"51,887","52,561","50,368","50,549"
7/8/2019,"50,592","51,361","50,592","51,198"
7/5/2019,"48,636","51,015","48,503","50,353"
7/4/2019,"48,93","49,552","48,633","48,785"
7/3/2019,"49,636","49,636","48,517","48,929"
7/2/2019,"50,741","51,527","49,333","49,919"
7/1/2019,"50,07","51,152","49,155","51,089"
6/28/2019,"53,514","53,52","51,859","52,538"
6/27/2019,"54,803","54,845","53,188","53,644"
6/26/2019,"56,35","56,501","54,126","54,998"
6/25/2019,"54,94","55,409","54,425","55,308"
6/24/2019,"53,761","54,68","52,825","54,422"
6/21/2019,"54,142","54,318","53,374","54,112"
6/20/2019,"53,084","54,375","51,849","54,3"
6/19/2019,"55,78","56,67","54,622","55,127"
6/18/2019,"60,905","61,283","56,315","56,55"
6/17/2019,"61,595","61,656","60,276","60,832"
6/14/2019,"61,72","63,013","61,388","61,886"
6/13/2019,"62,193","62,672","61,076","61,871"
6/12/2019,"61,204","62,29","60,835","61,539"
6/11/2019,"60,738","60,873","58,994","60,516"
6/10/2019,"61,805","62,373","60,674","60,674"
6/7/2019,"65,122","65,298","62,306","62,757"
6/6/2019,"65,706","66,459","63,916","66,256"
6/5/2019,"66,591","66,797","64,457","65,901"
6/4/2019,"70,969","71,179","66,448","66,647"
6/3/2019,"73,14","73,553","70,157","70,471"
5/31/2019,"71,233","72,952","70,689","71,707"
5/30/2019,"70,136","70,317","68,398","69,457"
5/29/2019,"70,67","71,362","70,245","71,348"
5/28/2019,"67,354","70,003","67,347","69,033"
5/24/2019,"68,696","68,696","67,318","67,968"
5/23/2019,"67,751","69,665","67,693","69,665"
5/22/2019,"65,162","67,037","65,162","66,574"
5/21/2019,"65,976","66,773","64,389","65,146"
5/20/2019,"65,388","66,864","64,984","66,522"
5/17/2019,"64,896","66,272","64,451","65,246"
5/16/2019,"66,628","67,121","63,789","63,801"
5/15/2019,"65,29","67,772","65,034","66,352"
5/14/2019,"67,55","68,028","65,224","65,243"
5/13/2019,"65,399","68,696","65,059","68,202"
5/10/2019,"65,034","66,676","64,133","65,965"
5/9/2019,"63,526","67,693","63,499","66,237"
5/8/2019,"61,688","63,987","61,131","62,474"
5/7/2019,"59,9","61,791","59,321","61,791"
5/3/2019,"59,18","59,512","58,195","58,2"
5/2/2019,"58,679","59,896","58,265","59,783"
5/1/2019,"57,413","58,538","57,346","58,105"
4/30/2019,"58,25","58,371","57,636","57,829"
4/29/2019,"57,94","58,243","57,577","57,711"
4/26/2019,"59,811","59,895","58,582","58,748"
4/25/2019,"59,037","60,61","59,036","59,687"
4/24/2019,"57,609","58,973","57,413","58,967"
4/23/2019,"57,713","58,268","57,484","57,676"
4/18/2019,"58,614","59,037","57,173","57,501"
4/17/2019,"58,014","58,27","57,331","58,218"
4/16/2019,"58,001","59,083","57,801",58
4/15/2019,"56,562","58,011","56,442","58,011"
4/12/2019,"58,668","58,752","56,654","56,779"
4/11/2019,"59,848","59,87","58,331","58,924"
4/10/2019,"60,965","61,059","59,847","60,033"
4/9/2019,"61,989","62,036","60,252","60,964"
4/8/2019,"60,977","62,009","60,491","61,846"
4/5/2019,"60,995","61,3","59,743","60,564"
4/4/2019,"61,537","62,384","61,114","61,416"
4/3/2019,"61,416","61,718","60,834","60,834"
4/2/2019,"62,501","63,401","62,143","62,774"
4/1/2019,"64,042","64,042","62,171","62,257"
3/29/2019,"67,429","67,498","64,598","65,076"
3/28/2019,"68,261","69,461","67,86","68,317"
3/27/2019,"66,986","69,205","66,932","68,221"
3/26/2019,"68,928","69,052","66,719","67,81"
3/25/2019,"70,256","70,333","68,245","69,441"
3/22/2019,"66,61","70,564","65,485","69,133"
3/21/2019,"65,619","67,585","64,757","67,585"
3/20/2019,"61,544","66,403","60,295","66,087"
3/19/2019,"58,439","58,603","56,261","57,294"
3/18/2019,"59,986","60,284","58,75","58,806"
3/15/2019,"59,744","60,779","59,688","60,094"
3/14/2019,"59,859","60,121","58,689","59,967"
3/13/2019,"61,135","61,353","58,727","59,609"
3/12/2019,"60,353","61,817","59,948","60,826"
3/11/2019,"63,617","64,201","62,144","62,144"
3/8/2019,"64,086","65,92","63,247","64,673"
3/7/2019,"62,216","63,516","60,262","63,005"
3/6/2019,"61,196","61,96","60,491","61,535"
3/5/2019,"61,711","62,114","60,541","60,728"
3/4/2019,"61,728","61,938","60,109","61,896"
3/1/2019,"60,837","62,913","59,869","62,844"
2/28/2019,"62,152","62,491","60,698","61,478"
2/27/2019,"63,428","63,609","61,159","61,528"
2/26/2019,"64,983","65,118","62,5","62,798"
2/25/2019,"65,891","65,898","63,95","64,175"
2/22/2019,"66,263","67,057","65,833","66,985"
2/21/2019,"65,56","66,665","65,383","66,15"
2/20/2019,"66,499","67,865","65,516","65,543"
2/19/2019,"67,963","68,919","66,484","66,533"
2/18/2019,"68,649","69,648","67,724","67,76"
2/15/2019,"71,512","72,322","68,445","69,007"
2/14/2019,"70,249","71,567","69,764","71,088"
2/13/2019,"70,853","70,873","69,818","70,264"
2/12/2019,"72,218","72,218","70,788","71,436"
2/11/2019,"73,257","73,332","72,162","72,969"
2/8/2019,"73,092","74,868","72,386","73,693"
2/7/2019,"70,626","73,413","70,361","73,112"
2/6/2019,"69,566","70,454","68,67","69,909"
2/5/2019,"70,808","71,372","69,242","69,313"
2/4/2019,"70,732","72,327","70,233","71,806"
2/1/2019,"70,464","72,471","69,76","70,663"
1/31/2019,"71,295","71,667","70,112","70,17"
1/30/2019,"74,881","75,164","73,143","73,416"
1/29/2019,"76,149","76,865","74,722","74,722"
1/28/2019,"74,956","76,643","74,533","76,563"
1/25/2019,"75,626","75,626","74,047","74,362"
1/24/2019,"76,735","78,173","75,514","76,329"
1/23/2019,"78,732","79,322","76,616","77,565"
1/22/2019,"76,312","78,489","76,08","78,489"
1/21/2019,"76,657","77,072","75,414","75,501"
1/18/2019,"77,141","77,451","75,914",76
1/17/2019,"78,788","79,88","78,361","78,474"
1/16/2019,"79,631","80,071","77,709","78,222"
1/15/2019,"81,251","82,055","80,581","81,003"
1/14/2019,"81,933","83,723","81,842","82,189"
1/11/2019,"81,87","81,912","79,812","80,85"
1/10/2019,"83,824","84,684","82,187","82,245"
1/9/2019,"84,863","85,083","81,986","82,384"
1/8/2019,"86,485","87,358","84,712","85,622"
1/7/2019,"87,486","89,037","85,999","85,999"
1/4/2019,"92,312","92,825","88,003","88,126"
1/3/2019,"90,138","93,44","90,13","92,843"
1/2/2019,"88,762","91,387","88,688","89,224"
12/31/2018,"89,194","89,898","87,314","87,369"
12/28/2018,"91,062","91,078","89,442","89,677"
12/27/2018,"89,376","92,407","89,296","91,335"
12/24/2018,"90,3","92,153","90,1","92,153"
12/21/2018,"87,9","90,088","86,868","89,752"
12/20/2018,"84,901","87,253","84,254","87,253"
12/19/2018,"81,887","82,729","80,949","81,725"
12/18/2018,"82,819","82,981","81,062","82,396"
12/17/2018,"80,727","82,451","80,289","81,762"
12/14/2018,"80,45","81,483","79,831","80,674"
12/13/2018,"80,544","80,544","77,719","79,515"
12/12/2018,"85,15","85,769","80,644","80,797"
12/11/2018,"86,7","86,75","84,575","86,174"
12/10/2018,"86,613","88,332","86,224","87,778"
12/7/2018,"85,338","85,908","84,063","85,5"
12/6/2018,"83,799","88,254","83,347","86,738"
12/5/2018,"82,994","83,502","81,43","82,305"
12/4/2018,"79,875","82,282","79,744","81,88"
12/3/2018,"77,944","79,486","77,406","79,486"
11/30/2018,"79,69","81,697","79,406","80,848"
11/29/2018,"77,852","80,167","77,607","79,867"
11/28/2018,"79,356","80,653","78,925","80,634"
11/27/2018,"78,786","80,788","77,463","80,007"
11/26/2018,"79,163","79,213","77,796","78,536"
11/23/2018,"79,716","81,703","78,634","80,539"
11/22/2018,"78,257","80,019","78,188","79,588"
11/21/2018,"78,935","79,522","77,493","77,621"
11/20/2018,"79,9","82,074","79,083","80,451"
11/19/2018,"77,124","80,161","75,834","79,827"
11/16/2018,"75,525","79,553","74,454","77,523"
11/15/2018,"72,394","76,874","72,135","75,946"
11/14/2018,"72,388","73,379","71,305","72,821"
11/13/2018,"71,656","72,728","70,357","70,744"
11/12/2018,"69,375","72,114","69,289","71,654"
11/9/2018,"68,3","70,143","68,3","69,919"
11/8/2018,"66,889","68,884","66,476","67,84"
11/7/2018,"68,594","68,693","66,808","66,847"
11/6/2018,"69,294","70,328","69,193","69,277"
11/5/2018,"70,853","71,307","69,638","69,638"
11/2/2018,"69,988","70,993","69,513","70,982"
11/1/2018,"74,28","74,341","71,548","71,578"
10/31/2018,"74,65","74,845","73,602","74,087"
10/30/2018,"75,587","76,459","74,969","76,07"
10/29/2018,"76,199","77,119","74,661","75,677"
10/26/2018,"76,101","78,737","75,849","77,195"
10/25/2018,"77,412","77,492","75,234","75,273"
10/24/2018,"74,433","76,725","74,433","75,912"
10/23/2018,"75,036","76,312","74,667","75,57"
10/22/2018,"72,502","73,752","72,079","73,748"
10/19/2018,"75,093","77,224","73,469","73,63"
10/18/2018,"73,487","75,803","73,004","75,773"
10/17/2018,"71,331","73,604","71,3","73,072"
10/16/2018,"74,728","74,878","72,385","72,613"
10/15/2018,"74,281","74,692","73,702","74,573"
10/12/2018,"73,325","75,015","72,547","74,04"
10/11/2018,"73,975","75,095","72,689","74,365"
10/10/2018,"71,018","72,054","69,931","71,597"
10/9/2018,"71,918","73,073","70,531","70,621"
10/8/2018,"69,725","72,134","69,721","72,118"
10/5/2018,"67,998","69,42","67,957","69,42"
10/4/2018,"68,082","68,53","67,107","68,289"
10/3/2018,"66,614","69,004","66,576","67,374"
10/2/2018,"68,664","69,954","68,107","69,049"
10/1/2018,"68,563","69,089","65,975","67,374"
9/28/2018,"68,212","70,006","67,888","68,777"
9/27/2018,"69,094","69,714","66,728","67,038"
9/26/2018,"69,138","69,66","67,251","67,882"
9/25/2018,"69,523","69,804","68,875","69,357"
9/24/2018,"68,768","70,058","68,719","69,793"
9/21/2018,"67,872","68,959","67,68","68,147"
9/20/2018,"69,32","69,475","67,177","67,952"
9/19/2018,"59,544","60,233","59,245","60,135"
9/18/2018,"60,587","60,816","59,482","59,667"
9/17/2018,"60,226","60,684","59,834","60,26"
9/14/2018,"59,595","60,057","58,754","59,907"
9/13/2018,"61,66","61,809","59,785","59,797"
9/12/2018,"61,018","62,707","61,006","61,656"
9/11/2018,"61,009","62,656","60,78","60,915"
9/10/2018,"63,908","64,107","61,027","61,043"
9/7/2018,"64,745","65,539","63,803","64,032"
9/6/2018,"65,849","66,025","64,131","64,953"
9/5/2018,"68,02","68,721","65,429","65,723"
9/4/2018,"67,844","68,472","66,643","67,933"
9/3/2018,"68,405","68,924","68,026","68,244"
8/31/2018,"67,756","69,098","67,665","68,764"
8/30/2018,"66,031","67,471","65,854","67,456"
8/29/2018,"65,145","66,724","65,067","65,714"
8/28/2018,"64,956","65,807","64,749","65,239"
8/24/2018,"66,851","67,231","65,57","65,793"
8/23/2018,"66,768","67,31","66,324","66,831"
8/22/2018,"68,312","68,481","66,558","66,773"
8/21/2018,"70,73","70,73","67,915","67,918"
8/20/2018,"70,863","71,355","70,575","70,62"
8/17/2018,"70,311","71,697","69,953","70,997"
8/16/2018,"70,244","72,643","69,778","70,509"
8/15/2018,"68,801","71,654","68,278","71,577"
8/14/2018,"68,981","69,476","67,909","68,813"
8/13/2018,"69,156","70,393","68,676","69,715"
8/10/2018,"65,441","68,515","65,21","67,869"
8/9/2018,"63,538","64,34","63,437","64,01"
8/8/2018,"63,556","64,093","62,924","63,587"
8/7/2018,"64,33","64,492","63,209","63,446"
8/6/2018,"63,745","65,007","63,39","64,681"
8/3/2018,"63,325","64,812","63,237","64,009"
8/2/2018,"62,451","64,096","62,356","63,201"
8/1/2018,"60,576","61,831","60,449","61,688"
7/31/2018,"62,774","62,774","60,527","60,527"
7/30/2018,"61,807","62,999","61,689","62,921"
7/27/2018,"59,931","61,395","59,75","61,242"
7/26/2018,"62,069","62,076","59,701","60,113"
7/25/2018,"63,674","63,946","62,727","62,822"
7/24/2018,"65,016","65,016","63,344","63,691"
7/23/2018,"66,477","66,652","65,336","65,435"
7/20/2018,"65,76","67,788","65,585","66,297"
7/19/2018,"64,01","65,882","64,01","65,497"
7/18/2018,"63,197","65,037","63,141","63,901"
7/17/2018,"64,125","65,25","63,535","63,535"
7/16/2018,"65,014","65,042","63,365","63,686"
7/13/2018,"65,688","67,333","64,544","64,988"
7/12/2018,"67,519","68,063","66,612","66,612"
7/11/2018,"68,303","68,578","67,637","67,971"
7/10/2018,"67,632","67,763","66,186","66,71"
7/9/2018,"68,725","69,383","67,59","67,7"
7/6/2018,"70,513","70,794","69,154","69,281"
7/5/2018,"72,576","72,611","70,872","71,329"
7/4/2018,"74,005","74,057","72,624","72,625"
7/3/2018,"74,087","74,589","72,543","73,64"
7/2/2018,"75,219","76,134","74,838","75,45"
6/29/2018,"73,591","73,935","72,79","73,529"
6/28/2018,"74,15","76,524","74,036","75,506"
6/27/2018,"73,89","76,025","72,738","73,532"
6/26/2018,"72,706","75,257","72,154","74,206"
6/25/2018,"70,838","73,424","70,838","73,36"
6/22/2018,"70,387","71,065","68,982","70,294"
6/21/2018,"67,826","71,384","67,826","70,475"
6/20/2018,"67,763","67,89",67,"67,669"
6/19/2018,"69,24","70,415","68,085","68,115"
6/18/2018,"66,387","68,962","66,354","68,045"
6/15/2018,"65,182","65,977","64,091","65,842"
6/14/2018,"70,193","70,299","65,622","65,683"
6/13/2018,"71,656","71,805","68,804","69,269"
6/12/2018,"70,3","72,545","69,9",72
6/11/2018,"71,557","72,756","70,876","70,937"
6/8/2018,"77,432","77,507","73,979","74,276"
6/7/2018,"69,807","73,412","68,895","73,412"
6/6/2018,"69,21","70,225","68,775","70,029"
6/5/2018,"64,993","67,624","64,95","67,394"
6/4/2018,"66,206","66,6","64,667","65,058"
6/1/2018,"67,875","69,265","65,663","66,768"
5/31/2018,"66,336","71,187","64,161","69,537"
5/30/2018,"71,77","71,77","66,495","66,643"
5/29/2018,"69,4","75,359","69,4","72,463"
5/25/2018,62,"67,295","61,87","64,993"
5/24/2018,"60,826","62,909","59,859","62,555"
5/23/2018,"59,38","62,387","59,204","61,106"
5/22/2018,"59,69","60,085","58,269","59,125"
5/21/2018,"57,588","60,386","57,588","60,258"
5/18/2018,"56,263","58,571","56,223","57,794"
5/17/2018,"56,113","57,814","56,113","56,264"
5/16/2018,"55,811","56,896","55,513","56,146"
5/15/2018,"54,731","55,52","54,448","55,224"
5/14/2018,"54,488","54,72","54,183","54,247"
5/11/2018,"54,912","55,246","54,161","54,495"
5/10/2018,"56,201","56,604","54,698","54,869"
5/9/2018,"56,531","56,857","56,164","56,424"
5/8/2018,"55,924","56,889","55,754","56,653"
5/4/2018,"56,056","57,182","55,938","55,975"
5/3/2018,"55,269","56,896","54,787","56,396"
5/2/2018,"54,782","55,183","54,35","55,148"
5/1/2018,"54,606","55,447","54,436","55,296"
4/30/2018,"54,213","54,717","54,19","54,409"
4/27/2018,"54,209","54,583","53,886","54,434"
4/26/2018,"56,049","56,095","54,505","54,63"
4/25/2018,"56,211","56,842","56,198","56,465"
4/24/2018,"55,213","55,578","54,56","55,476"
4/23/2018,"54,861","55,454","54,728","55,108"
4/20/2018,"54,513","55,035","53,95",55
4/19/2018,"53,274","54,653","53,201","54,586"
4/18/2018,"53,053","54,076","52,911","53,304"
4/17/2018,"53,3","53,3","52,319","52,622"
4/16/2018,"54,619","55,208","53,5","53,5"
4/13/2018,"55,989","55,989","54,692","54,967"
4/12/2018,"57,37","57,488","55,98","56,067"
4/11/2018,"57,3","57,928","56,924","57,225"
4/10/2018,"56,862","58,086","56,73","57,129"
4/9/2018,"57,931","58,236","57,212","57,378"
4/6/2018,"58,257","58,625","57,473","58,006"
4/5/2018,"58,831","59,008","57,496","57,571"
4/4/2018,"60,286","61,75","60,075","60,169"
4/3/2018,"60,75","61,41","60,43","60,512"
3/29/2018,"61,519","61,653","59,525","59,525"
3/28/2018,"61,363","62,451","61,265","61,771"
3/27/2018,"60,651","60,844","59,811","60,305"
3/26/2018,"61,188","62,311","60,604","62,252"
3/23/2018,"61,493","61,729","59,953","61,157"
3/22/2018,"58,294","60,603","58,235","59,56"
3/21/2018,"58,771","58,813","57,883","57,945"
3/20/2018,"58,148","59,508","58,091","58,924"
3/19/2018,"49,669","51,26","49,57","51,056"
3/16/2018,"50,4","50,731","49,104","49,475"
3/15/2018,"50,235","51,572","49,792","50,39"
3/14/2018,"49,313","50,563","48,61","50,406"
3/13/2018,"48,53","49,21","48,029","49,149"
3/12/2018,"49,691","49,794","48,461","48,548"
3/9/2018,"51,891","51,959","50,156","50,218"
3/8/2018,"52,38","52,688","51,449","52,028"
3/7/2018,"53,075","53,986","52,583","52,761"
3/6/2018,"53,593","53,618","51,818","52,544"
3/5/2018,"55,424","56,469","53,812","53,991"
3/2/2018,"54,213","54,965","53,784","54,52"
3/1/2018,"53,022","53,958","52,501","53,132"
2/28/2018,"53,276","53,669","51,541","52,458"
2/27/2018,"52,587","53,63","51,87","52,691"
2/26/2018,"55,007","55,007","52,83","52,83"
2/23/2018,"54,025","57,174","54,025","55,946"
2/22/2018,"52,894","54,655","52,751","53,949"
2/21/2018,"52,644","53,534","50,953","51,756"
2/20/2018,"52,243","53,619","52,037","52,037"
2/19/2018,"50,436","52,171","49,836","51,965"
2/16/2018,"51,218","51,894","50,778","51,176"
2/15/2018,"52,525","53,647","51,092","52,917"
2/14/2018,"55,503","57,932","54,608","54,847"
2/13/2018,"54,037","57,334","53,355","56,438"
2/12/2018,"53,888","54,414","52,416","54,132"
2/9/2018,"52,978","56,344","52,764","56,111"
2/8/2018,"49,032","52,18","48,267","51,651"
2/7/2018,"48,4","49,144","46,952","47,416"
2/6/2018,"49,658","51,295","47,712","49,364"
2/5/2018,"46,219","47,154","45,708","46,819"
2/2/2018,"43,9","45,364","43,9","45,352"
2/1/2018,"43,326","44,236","43,271","43,493"
1/31/2018,"44,275","44,458","43,375","43,647"
1/30/2018,"43,712","44,511","43,477","44,383"
1/29/2018,"42,718","43,451","42,615","43,239"
1/26/2018,"43,336","43,353","42,785","42,847"
1/25/2018,"43,913","44,256","43,276","43,335"
1/24/2018,"43,487","43,979","43,15","43,881"
1/23/2018,"43,535","43,964","43,375","43,724"
1/22/2018,"44,422","44,662","43,764","43,91"
1/19/2018,"45,034","45,245","44,509","44,574"
1/18/2018,"44,007","45,205","43,668","45,155"
1/17/2018,"44,432","44,882","44,125","44,172"
1/16/2018,"44,519","44,794","44,026","44,295"
1/15/2018,"44,063","44,686","43,946","44,686"
1/12/2018,"44,063","44,726","43,851","44,054"
1/11/2018,"44,638","44,939","44,078","44,353"
1/10/2018,"44,388","45,379","44,301","44,787"
1/9/2018,"43,895","44,265","43,704","44,162"
1/8/2018,"43,363","44,094","43,28","44,062"
1/5/2018,"43,45","43,875","43,098","43,625"
1/4/2018,"43,894","43,894","43,17","43,604"
1/3/2018,"45,148","45,162","44,189","44,347"
1/2/2018,"44,75","45,726","44,75","45,364"
12/29/2017,"44,328","45,172","44,238","44,826"
12/28/2017,"44,287","44,481","43,992","44,46"
12/27/2017,"45,223","45,223","44,251","44,276"
12/22/2017,"45,962","46,013","45,08","45,306"
12/21/2017,"46,757","46,834","45,642","45,73"
12/20/2017,"47,3","47,349","46,761","46,761"
12/19/2017,"47,15","47,395","46,998","47,317"
12/18/2017,"47,625","47,731","47,283","47,283"
12/15/2017,"48,382","48,563","48,222","48,235"
12/14/2017,"47,757","48,161","47,411","48,161"
12/13/2017,"47,372","47,928","47,214","47,712"
12/12/2017,"47,162","47,41","47,131","47,342"
12/11/2017,"47,194","47,35","47,038","47,278"
12/8/2017,"47,487","47,61","46,952","47,288"
12/7/2017,"48,4","48,445","47,931","47,952"
12/6/2017,"47,992","48,676","47,764","48,559"
12/5/2017,"47,319","47,836","47,204","47,306"
12/4/2017,"47,156","47,466","46,855","47,13"
12/1/2017,"47,961","48,951","46,965","48,757"
11/30/2017,"48,263","48,513","47,554","47,831"
11/29/2017,"48,588","48,662","47,653","48,46"
11/28/2017,"49,796","49,901","48,765","48,919"
11/27/2017,"49,362","49,77","48,848","49,75"
11/24/2017,"49,094","49,622","48,954","49,166"
11/23/2017,"49,213","49,328","48,56","49,188"
11/22/2017,"49,662","49,688","48,453","48,992"
11/21/2017,"50,811","50,811","49,593","49,767"
11/20/2017,"52,156","52,309","50,388","50,769"
11/17/2017,"51,395","51,903","51,128","51,507"
11/16/2017,"52,862","52,862","51,864","51,864"
11/15/2017,"53,59","54,589","52,967","53,444"
11/14/2017,"51,762","52,792","51,631","52,683"
11/13/2017,"51,881","52,737","51,249","51,778"
11/10/2017,"52,85","53,742","51,482","52,125"
11/9/2017,"51,555","53,16","51,171","53,122"
11/8/2017,"50,662","52,485","50,371","51,723"
11/7/2017,"49,248","50,692","49,114","50,692"
11/6/2017,"49,295","49,697","49,255","49,533"
11/3/2017,"49,396","49,876","49,177","49,257"
11/2/2017,"49,907","50,393","49,688","49,688"
11/1/2017,"49,6","49,778","48,883","49,717"
10/31/2017,"50,487","50,487","49,891","50,055"
10/30/2017,"51,291","51,291","50,368","50,635"
10/27/2017,"52,775","52,775","50,994","51,378"
10/26/2017,"55,407","55,61","52,56","52,938"
10/25/2017,"54,574","55,456","54,478","55,438"
10/24/2017,"54,563","54,702","53,662","54,436"
10/23/2017,"55,004","55,227","54,273","54,375"
10/20/2017,"55,613","55,689","54,625","55,014"
10/19/2017,"55,201","56,648","55,188","56,295"
10/18/2017,"55,059","55,25","54,34","55,25"
10/17/2017,"55,487","55,533","54,769","55,014"
10/16/2017,"55,543","55,935","55,358","55,471"
10/13/2017,"56,125","56,51","55,122","55,453"
10/12/2017,"55,338","56,169","55,207","56,162"
10/11/2017,"55,838","56,019","55,126","55,399"
10/10/2017,"57,044","57,357","55,918","56,253"
10/9/2017,"56,688","57,083","56,079","57,044"
10/6/2017,"55,307","57,2","55,131","56,987"
10/5/2017,"56,9","57,04","55,242","55,353"
10/4/2017,"55,2","57,12","55,044","56,751"
10/3/2017,"55,106","55,708","54,897","55,325"
10/2/2017,"56,501","56,889","55,387","55,5"
9/29/2017,"57,488","57,702","56,559","56,684"
9/28/2017,"57,206","58,09","57,087","57,785"
9/27/2017,"57,538","57,728","57,229","57,436"
9/26/2017,"58,825","59,203","58,219","58,251"
9/25/2017,"58,93","58,93","58,094","58,901"
9/22/2017,"57,407","59,112","57,331","59,077"
9/21/2017,"57,019","57,313","56,407","57,25"
9/20/2017,"56,352","57,419","56,112","57,214"
9/19/2017,"50,325","50,348","49,51","49,565"
9/18/2017,"50,137","50,291","49,711","50,206"
9/15/2017,"51,475","51,612","50,397","50,422"
9/14/2017,"51,543","51,826","50,991","51,213"
9/13/2017,"51,887","52,186","51,129","51,382"
9/12/2017,"51,613","51,903","51,338","51,888"
9/11/2017,"52,618","52,628","51,869","51,907"
9/8/2017,"53,468","54,342","53,272","53,59"
9/7/2017,"53,537","53,581","52,898","53,285"
9/6/2017,"54,638","54,923","53,823","53,9"
9/5/2017,"54,625","54,675","53,507","54,522"
9/4/2017,"54,894","55,076","54,55","54,82"
9/1/2017,"54,675","54,719","53,19","53,593"
8/31/2017,"55,856","55,857","54,725","54,869"
8/30/2017,"56,644","57,09","56,245","56,331"
8/29/2017,"56,862","58,191","56,788","57,431"
8/25/2017,"56,699","56,888","55,77","55,797"
8/24/2017,"57,694","57,72","56,6","56,843"
8/23/2017,"57,275","58,199","56,405","57,769"
8/22/2017,"57,883","58,037","56,808","57,249"
8/21/2017,"58,487","58,86","58,185","58,257"
8/18/2017,"58,265","59,425","57,77","58,269"
8/17/2017,"55,644","56,991","55,42","56,923"
8/16/2017,"56,275","56,288","54,85","55,287"
8/15/2017,"55,714","56,653","55,337","56,409"
8/14/2017,"56,412","56,412","55,623","56,151"
8/11/2017,"58,713","59,154","56,716","57,641"
8/10/2017,"55,106","57,977","54,831","57,807"
8/9/2017,"53,826","55,561","53,597","55,073"
8/8/2017,"52,361","53,047","52,092","52,779"
8/7/2017,"51,738","52,276","51,563","52,169"
8/4/2017,"51,769","52,045","51,264","51,785"
8/3/2017,"51,744","51,813","51,3","51,644"
8/2/2017,"52,144","52,194","51,347","51,6"
8/1/2017,"52,256","52,657","52,1","52,315"
7/31/2017,"51,944","52,748","51,7","52,449"
7/28/2017,"51,269","52,437","51,269","51,912"
7/27/2017,"51,154","51,154","50,61","50,975"
7/26/2017,"51,919","51,925","51,014","51,064"
7/25/2017,"52,237","52,275","51,571","51,869"
7/24/2017,"51,606","52,814","51,469","52,519"
7/21/2017,"52,237","52,238","51,173","51,7"
7/20/2017,"52,238","52,784","51,578","52,243"
7/19/2017,"52,425","52,792","52,083","52,556"
7/18/2017,"53,556","54,047","52,731","52,747"
7/17/2017,"53,981","54,269","53,206","53,497"
7/14/2017,"53,725","54,523","53,59","54,381"
7/13/2017,"54,938","55,094","53,799","54,269"
7/12/2017,"56,144","56,222",55,"55,37"
7/11/2017,"56,21","56,725","55,865","56,394"
7/10/2017,"56,701","56,852","55,86","56,394"
7/7/2017,"56,238","58,076","56,238","56,991"
7/6/2017,"55,225","56,579","55,188","56,074"
7/5/2017,"55,087","55,51","54,751","55,313"
7/4/2017,"55,263","55,45","54,727","55,196"
7/3/2017,"55,656","55,811","54,673","55,101"
6/30/2017,"56,215","56,695","54,314","56,215"
6/29/2017,"53,95","56,211","53,434","56,157"
6/28/2017,"55,838","56,514","54,165","54,259"
6/27/2017,"53,512","54,815","53,466","54,719"
6/26/2017,"52,841","53,597","52,356","53,391"
6/23/2017,"54,275","54,275","53,057","53,41"
6/22/2017,"55,457","56,371","53,97","54,059"
6/21/2017,"56,128","56,632","55,176","55,385"
6/20/2017,"55,088","55,654","54,731","55,601"
6/19/2017,"56,794","56,966","55,482","55,482"
6/16/2017,"56,751","57,596","56,636","57,444"
6/15/2017,"56,715","57,834","56,672","57,125"
6/14/2017,"57,104","57,106","55,835","56,588"
6/13/2017,"57,981","58,158","56,862","57,152"
6/12/2017,"59,194","59,603","58,262","58,438"
6/9/2017,"60,382","60,382","58,611","58,884"
6/8/2017,"61,688","61,694","59,856","60,006"
6/7/2017,"62,431","62,431","60,855","61,67"
6/6/2017,"62,8","62,962","62,088","62,088"
6/5/2017,"61,923","62,462","61,817","62,413"
6/2/2017,"61,513","62,146","61,436","61,768"
6/1/2017,"62,207","62,882","62,018","62,256"
5/31/2017,"62,244","62,543","61,428","62,401"
5/30/2017,"61,623","62,926","61,623","62,313"
5/26/2017,"61,547","62,481","61,292","61,292"
5/25/2017,"61,245","62,083","61,073","61,417"
5/24/2017,"62,236","62,669","61,979","62,201"
5/23/2017,"62,94","63,066","61,7","61,888"
5/22/2017,"62,53","62,725","62,031","62,725"
5/19/2017,"64,257","64,29","62,891","63,044"
5/18/2017,"63,906","65,98","63,701","64,831"
5/17/2017,"62,231","63,837","61,862","63,456"
5/16/2017,"62,419","62,5","61,181","61,727"
5/15/2017,"62,501","63,247","62,182","62,287"
5/12/2017,"62,384","63,646","62,271","63,06"
5/11/2017,"62,166","62,802","61,479","62,39"
5/10/2017,"62,612","62,76","62,012","62,144"
5/9/2017,"62,588","62,601","61,889","62,416"
5/8/2017,"62,525","63,482","62,271","63,02"
5/5/2017,"64,463","64,701","63,125","63,125"
5/4/2017,"64,521","64,593","63,874","64,088"
5/3/2017,"65,625","65,644","64,794","65,261"
5/2/2017,"66,523","66,552","65,482","65,482"
4/28/2017,"66,984","67,137","66,225","66,594"
4/27/2017,"67,331","68,176","66,354","66,975"
4/26/2017,"66,407","67,865","66,407","67,074"
4/25/2017,"67,413","67,463","65,981","66,519"
4/24/2017,"68,57","68,57","67,479","67,887"
4/21/2017,"75,156","75,605","73,746","74,631"
4/20/2017,"75,799","75,954","74,304","74,812"
4/19/2017,"77,113","77,232","75,363","75,518"
4/18/2017,"76,869","77,87","76,869","77,182"
4/13/2017,"77,081","77,947","76,619","76,619"
4/12/2017,"76,632","77,143","76,026","76,85"
4/11/2017,"76,356","77,31","76,344","76,657"
4/10/2017,"74,863","76,173","74,82","76,1"
4/7/2017,"74,363","74,649","73,97","74,247"
4/6/2017,"75,818","76,283","74,04","74,212"
4/5/2017,"75,162","75,3","74,49","75,096"
4/4/2017,"75,431","75,98","75,05","75,27"
4/3/2017,"73,45","75,297","73,348","75,282"
3/31/2017,"74,493","74,568","73,531","73,652"
3/30/2017,"74,556","75,477","74,196","74,313"
3/29/2017,"73,419","74,649","73,419","74,619"
3/28/2017,"74,243","74,888","73,475","73,525"
3/27/2017,"76,513","76,763","74,531","74,883"
3/24/2017,"75,875","76,613","74,717","75,115"
3/23/2017,"76,563","76,894","75,231","75,493"
3/22/2017,"77,569","78,67","76,563","76,833"
3/21/2017,"76,094","76,686","74,023","76,686"
3/20/2017,"76,915","76,941","76,263","76,511"
3/17/2017,"70,775","70,905","69,6","69,6"
3/16/2017,"69,626","70,947","69,534","70,481"
3/15/2017,"73,681","73,681","72,18","72,225"
3/14/2017,"72,156","74,088","72,088","74,037"
3/13/2017,"72,113","72,753","72,078","72,538"
3/10/2017,"71,156","72,098","70,609","72,098"
3/9/2017,"72,266","72,484","70,865","71,277"
3/8/2017,"71,566","71,863","71,146","71,785"
3/7/2017,"70,787","71,669","70,448","71,238"
3/6/2017,"69,901","71,034","69,901","70,75"
3/3/2017,"70,468","70,771","68,882","69,294"
3/2/2017,"71,331","71,428","69,71","69,954"
3/1/2017,"72,306","72,369","70,215","71,056"
2/28/2017,"73,907","73,978","72,756","72,756"
2/27/2017,"74,656","74,656","73,596",74
2/24/2017,"74,247","75,118","74,206","74,985"
2/23/2017,"74,063","74,249","73,071","73,876"
2/22/2017,"73,766","75,572","73,741","74,155"
2/21/2017,"73,676","74,144","72,867","73,628"
2/20/2017,"73,197","74,603","73,001","73,637"
2/17/2017,"73,182","74,826","73,165","73,84"
2/16/2017,"71,833","73,363","71,833","73,188"
2/15/2017,"72,563","72,643","71,235","71,645"
2/14/2017,"73,253","73,522","72,839","72,875"
2/13/2017,"74,781","74,781","73,094","73,283"
2/10/2017,"72,519","75,359","72,487","75,056"
2/9/2017,"75,014","75,161","73,493","73,542"
2/8/2017,"75,91","77,16","74,65","75,281"
2/7/2017,"75,434","76,211","73,825","75,844"
2/6/2017,"71,503","75,201","71,475","75,166"
2/3/2017,"71,667","71,747","70,985","71,533"
2/2/2017,"74,057","74,305","71,725","72,04"
2/1/2017,"72,925","73,732","72,625","73,671"
1/31/2017,"72,201","73,757","71,362","73,588"
1/30/2017,"70,737","72,643","70,674","72,15"
1/27/2017,"69,816","70,926","69,816","70,185"
1/26/2017,"67,896","70,033","67,688","69,75"
1/25/2017,"68,784","69,102","68,018","68,257"
1/24/2017,"70,557","70,66","69,493","69,75"
1/23/2017,"69,75","70,803","69,203","70,637"
1/20/2017,"69,318","69,503","68,371","68,999"
1/19/2017,"69,016","69,512","68,475","69,245"
1/18/2017,"69,618","70,098","69,095","69,369"
1/17/2017,"69,631","70,669","69,465","69,743"
1/16/2017,"68,986","69,39","68,597","69,357"
1/13/2017,"70,152","70,275","68,344","68,344"
1/12/2017,"70,201","71,444","69,572","70,72"
1/11/2017,"69,488","70,286","69,238","69,735"
1/10/2017,"69,569","70,35","68,975","69,131"
1/9/2017,"68,299","69,516","68,251","69,163"
1/6/2017,"68,618","69,548","68,217","68,328"
1/5/2017,"68,175","68,559","66,831","68,5"
1/4/2017,"68,654","68,989","67,743","67,743"
1/3/2017,"71,031","71,542","68,818","69,106"
12/30/2016,"73,131","73,144","72,35","72,35"
12/29/2016,"72,4","73,192","72,318","73,1"
12/28/2016,"70,263","71,975","70,263","71,974"
12/23/2016,"70,147","70,253","69,658","70,101"
12/22/2016,"69,641","70,675","69,411","70,594"
12/21/2016,"70,049","70,385","69,5","69,5"
12/20/2016,"70,956","70,965","70,313","70,396"
12/19/2016,"71,681","72,12","71,18","71,231"
12/16/2016,"72,76","73,262","71,155","71,706"
12/15/2016,"73,081","74,645","72,815","72,872"
12/14/2016,"71,246","72,762","70,856","72,762"
12/13/2016,"71,863","71,89","70,538","70,9"
12/12/2016,"72,732","73,218","72,005","72,044"
12/9/2016,"74,287","74,535","72,738","72,924"
12/8/2016,"73,288","75,296","73,204","74,017"
12/7/2016,"73,191","74,483","73,021","73,703"
12/6/2016,"77,656","77,887","74,075","74,075"
12/5/2016,"80,663","80,663","77,813","77,813"
12/2/2016,"80,069","80,204","77,922","78,067"
12/1/2016,"79,943","80,266","78,978","79,274"
11/30/2016,"80,111","80,313","78,527","79,706"
11/29/2016,"82,344","82,579","79,716","79,757"
11/28/2016,"81,693","82,459","81,389","82,175"
11/25/2016,"81,076","81,971","80,956","81,063"
11/24/2016,"81,363","81,656","80,632","81,063"
11/23/2016,"79,282","82,397","79,057","81,993"
11/22/2016,"80,376","80,482","79,066","80,118"
11/21/2016,"81,569","81,996","80,531","80,997"
11/18/2016,"80,262","82,219","80,26","82,219"
11/17/2016,"79,531","79,963","78,093","79,475"
11/16/2016,"77,137","79,859","77,119","79,089"
11/15/2016,"77,153","78,253","76,544","77,414"
11/14/2016,"77,794","80,91","77,731","78,758"
11/11/2016,"75,459","78,758","75,161","78,319"
11/10/2016,"72,328","75,367","70,71","74,775"
11/9/2016,"77,369","77,852","72,688","72,75"
11/8/2016,"73,768","74,714","73,025","73,1"
11/7/2016,"73,718","74,44","73,356","73,663"
11/4/2016,"75,794","77,109","74,828","76,175"
11/3/2016,"75,999","76,24","73,518","75,325"
11/2/2016,"75,376","76,047","74,454","75,706"
11/1/2016,"72,482","74,924","72,456","74,924"
10/31/2016,"73,463","73,614","72,875","72,894"
10/28/2016,"72,598","73,464","71,708","72,632"
10/27/2016,"71,328","72,265","70,58","71,956"
10/26/2016,"71,981","72,596","71,248","71,337"
10/25/2016,"70,118","71,679","70,118","71,6"
10/24/2016,"70,424","70,428","69,579","70,2"
10/21/2016,"70,766","71,495","70,414","71,012"
10/20/2016,"71,025","71,761","70,185","70,981"
10/19/2016,"72,35","72,678","70,448","70,888"
10/18/2016,"72,799","73,029","72,221","72,438"
10/17/2016,"74,397","74,585","73,261","73,261"
10/14/2016,"74,387","74,419","73,197","74,006"
10/13/2016,"75,287","75,81","74,719","74,875"
10/12/2016,"74,431","74,738","73,731","74,715"
10/11/2016,"73,382","74,682","72,653","74,381"
10/10/2016,"73,501","74,287","72,592",73
10/7/2016,"73,657","74,605","73,471","73,922"
10/6/2016,"73,262","74,095","72,514","73,444"
10/5/2016,"75,387","75,869","73,343","73,537"
10/4/2016,"74,525","74,95","72,833","73,759"
10/3/2016,"72,762","74,456","72,762","74,456"
9/30/2016,"74,715","75,184","72,277","72,587"
9/29/2016,"71,768","73,262","71,649","72,738"
9/28/2016,"72,8","73,575","71,779","73,313"
9/27/2016,"71,709","75,551","71,512","73,507"
9/26/2016,"71,775","72,973","71,775","72,618"
9/23/2016,"70,438","71,035","70,006","70,747"
9/22/2016,"71,344","71,344","68,232","70,243"
9/21/2016,"73,081","74,175","72,593",73
9/20/2016,"73,581","74,544","72,97","74,209"
9/19/2016,"70,547","70,547","68,688","68,688"
9/16/2016,"70,906","72,393","70,477","71,443"
9/15/2016,"70,503","71,329","69,786","70,347"
9/14/2016,"71,372","72,46","69,01","70,016"
9/13/2016,"68,257","71,766","68,206","71,703"
9/12/2016,"70,925","72,921","69,613","69,656"
9/9/2016,"65,547","68,751","65,417","68,167"
9/8/2016,"64,803","65,981","64,137","65,41"
9/7/2016,"65,557","65,676","64,613","65,038"
9/6/2016,"66,05","66,156","65,185","65,7"
9/5/2016,"67,375","67,432","66,228","66,228"
9/2/2016,"68,921","68,95","67,406","67,694"
9/1/2016,"68,166","69,543","67,757","69,132"
8/31/2016,"67,394","68,404","66,949","68,353"
8/30/2016,"67,013","67,922","66,617","67,275"
8/26/2016,"68,023","68,415","66,928","67,097"
8/25/2016,"67,819","68,448","67,463","67,939"
8/24/2016,"67,713","68,005","66,525","67,394"
8/23/2016,"69,188","69,372","67,425","67,425"
8/22/2016,"68,544","69,787","67,319","69,521"
8/19/2016,"66,275","68,063","66,005","67,997"
8/18/2016,"67,019","68,04","66,139","66,491"
8/17/2016,"65,313","67,527","64,906","67,445"
8/16/2016,"65,813","66,178","65,206","65,542"
8/15/2016,"66,513","66,528","65,469","65,469"
8/12/2016,"66,649","67,899","66,649","66,775"
8/11/2016,"67,106","68,334","66,587","66,671"
8/10/2016,"65,818","67,813","65,625","67,813"
8/9/2016,"65,493","66,59","65,049","65,25"
8/8/2016,"65,856","66,132","64,946","65,162"
8/5/2016,"67,729","68,39","66,153","66,313"
8/4/2016,"70,466","70,646","67,469","68,281"
8/3/2016,"71,688","71,973","70,613","70,938"
8/2/2016,"68,407","71,385","67,953","71,266"
8/1/2016,"65,614","68,57","65,087","67,779"
7/29/2016,"70,154","70,807","67,732","67,765"
7/28/2016,"69,475","70,447","68,812","70,447"
7/27/2016,"67,65","70,003","67,484","70,003"
7/26/2016,"68,578","69,518","68,29","68,453"
7/25/2016,"67,843","68,436","66,846","68,044"
7/22/2016,"67,512","68,984","67,337","67,688"
7/21/2016,"68,868","68,963","66,594","67,185"
7/20/2016,"70,544","70,94","69,009","69,097"
7/19/2016,"71,926","73,447","71,243","71,581"
7/18/2016,"70,769","72,471","70,326","71,132"
7/15/2016,"71,188","72,016","70,296","71,469"
7/14/2016,"71,494","71,494","69,408","70,785"
7/13/2016,"71,844","72,681","70,824","72,542"
7/12/2016,"75,269","75,269","71,329","71,438"
7/11/2016,"74,744","77,624","74,694","75,306"
7/8/2016,"83,001","83,001","76,27","76,27"
7/7/2016,"81,525","82,662","80,853","82,275"
7/6/2016,"83,818","85,093","82,887","82,919"
7/5/2016,"81,656","83,484","81,319","82,042"
7/4/2016,"78,463","80,635","77,475","80,387"
7/1/2016,"81,719","83,668","78,463","79,223"
6/30/2016,"86,751","87,995","84,346","84,637"
6/29/2016,"90,706","90,864","84,499","85,731"
6/28/2016,"95,388","95,419","91,605","93,762"
6/27/2016,"95,6","100,202","92,044","98,694"
6/24/2016,"95,113","97,032","89,908","93,7"
6/23/2016,"76,6","77,514","74,335","75,175"
6/22/2016,"78,044","80,007","76,211","78,167"
6/21/2016,"78,113","80,068","75,897","78,931"
6/20/2016,"80,188","80,938","77,443","78,309"
6/17/2016,"84,263","87,285","84,016","84,818"
6/16/2016,"89,438","91,067","86,268","86,337"
6/15/2016,"85,762","87,268","84,844","87,268"
6/14/2016,"82,922","88,817","82,922","87,561"
6/13/2016,"80,049","82,094","79,372","82,094"
6/10/2016,"75,157","78,553","75,157","77,85"
6/9/2016,"73,169","75,05","72,657","75,05"
6/8/2016,"73,134","73,609","71,489","73,006"
6/7/2016,"72,072","73,083","71,695","72,863"
6/6/2016,"76,313","77,257","72,82","72,954"
6/3/2016,"74,419","76,267","73,588","75,95"
6/2/2016,"74,828","75,109","73,645","74,813"
6/1/2016,"73,012","75,209","72,816","74,606"
5/31/2016,"70,516","72,929","70,516","72,929"
5/27/2016,"70,903","71,771","70,6","70,616"
5/26/2016,"71,84","71,84","70,201","70,863"
5/25/2016,"73,593","74,261","71,261","71,7"
5/24/2016,"79,079","79,224","74,855","75,106"
5/23/2016,"78,231","79,076","77,861","78,519"
5/20/2016,"79,294","79,904","78,004","78,275"
5/19/2016,"78,734","80,313","78,405","80,313"
5/18/2016,"79,138","79,327","77,579","77,975"
5/17/2016,"76,862","78,381","75,951","78,294"
5/16/2016,"77,438","78,528","77,438","78,028"
5/13/2016,"78,512","79,057","76,641","76,944"
5/12/2016,"76,594","78,038","76,501","77,477"
5/11/2016,"75,734","77,266","75,475","76,525"
5/10/2016,"77,738","77,738","75,971","76,076"
5/9/2016,"78,835","80,465","77,522","78,682"
5/6/2016,"80,119","80,571","78,344","79,618"
5/5/2016,"77,831","79,822","76,493","78,91"
5/4/2016,"76,425","78,674","75,763","78,525"
5/3/2016,"73,141","76,598","73,079","76,438"
4/29/2016,"72,109","73,747","71,622","73,544"
4/28/2016,"71,744","72,33","70,503",71
4/27/2016,"71,691","72,412","69,87","70,6"
4/26/2016,"71,047","71,505","69,778","71,387"
4/25/2016,"68,981","71,811","68,934","71,432"
4/22/2016,"68,138","68,882","67,355","68,882"
4/21/2016,"69,907","71,023","66,965","68,018"
4/20/2016,"71,001","72,323","69,617","71,141"
4/19/2016,"70,428","71,027","69,277","70,113"
4/18/2016,"74,186","74,375","70,76","71,225"
4/15/2016,"72,019","73,903","72,019","73,5"
4/14/2016,"73,744","75,244","71,507","71,593"
4/13/2016,"75,131","76,063","73,578","74,088"
4/12/2016,"77,35","78,384","76,249","76,975"
4/11/2016,"80,063","82,484","77,927","77,956"
4/8/2016,"81,557","82,156","77,62","79,475"
4/7/2016,"76,225","82,091","76,175","81,738"
4/6/2016,"76,568","78,879","76,442","76,984"
4/5/2016,"73,953","77,281","73,876","77,25"
4/4/2016,"73,938","74,419","73,225","73,243"
4/1/2016,"75,019","75,176","73,57","73,912"
3/31/2016,"72,157","73,679","71,847","73,007"
3/30/2016,"75,144","75,299","71,941","71,941"
3/29/2016,"75,952","77,17","75,424","76,182"
3/24/2016,"75,456","77,041","75,426","76,619"
3/23/2016,"71,925","75,388","71,855","74,419"
3/22/2016,"72,182","74,64","72,182","73,007"
3/21/2016,"70,878","71,754","69,706","71,219"
3/18/2016,"70,734","72,014","69,888","70,4"
3/17/2016,"73,813","75,395","71,134","71,497"
3/16/2016,"75,458","79,921","74,468","77,491"
3/15/2016,"73,641","76,684","72,8","76,684"
3/14/2016,"67,313","73,404","65,986","72,574"
3/11/2016,"80,072","80,644","67,238","67,481"
3/10/2016,"91,387","91,753","79,318","84,275"
3/9/2016,"92,484","93,1","90,938","91,558"
3/8/2016,"91,547","92,722","89,444","91,887"
3/7/2016,"93,469","94,452","89,753","89,878"
3/4/2016,"94,063","95,562","92,046","92,387"
3/3/2016,"95,25","97,776","95,075","95,544"
3/2/2016,"93,175","96,47","92,824","95,719"
3/1/2016,"99,075","99,497","94,938","94,938"
2/29/2016,"104,593","105,629","98,6","98,827"
2/26/2016,"106,563","106,851","102,655","103,1"
2/25/2016,"109,032","111,153","107,586","109,232"
2/24/2016,"107,126","112,781","106,833","110,863"
2/23/2016,"109,891","110,353","105,475","107,881"
2/22/2016,"112,256","112,319","107,868","108,368"
2/19/2016,"110,744","115,025","109,501","113,438"
2/18/2016,"107,313","112,055","105,508","110,544"
2/17/2016,"114,343","115,569","107,815","108,62"
2/16/2016,"112,612","115,027","110,7","114,287"
2/15/2016,"113,631","116,258","112,009","114,469"
2/12/2016,"123,612","123,612","118,044","118,212"
2/11/2016,"120,781","127,486","118,891","125,719"
2/10/2016,"116,751","117,915","112,626","117,219"
2/9/2016,"121,531","125,884","116,679","119,613"
2/8/2016,"109,194","122,363","108,159","121,925"
2/5/2016,"104,412","110,643","104,363","110,188"
2/4/2016,"101,419","107,652","100,996","104,83"
2/3/2016,"98,825","105,784","98,738","103,963"
2/2/2016,"93,763","98,783","93,763","98,137"
2/1/2016,"91,632","94,832","91,443","93,075"
1/29/2016,"91,693","92,727","90,503","91,813"
1/28/2016,"92,314","94,049","90,575","93,581"
1/27/2016,"92,469","93,234","91,544","91,544"
1/26/2016,"95,728","96,46","92,185","92,185"
1/25/2016,"92,181","93,812","91,26","93,319"
1/22/2016,"92,282","93,414","90,788","93,005"
1/21/2016,"98,904","99,726","94,019","94,019"
1/20/2016,"98,434","100,02","97,201","99,512"
1/19/2016,"94,844","96,018","93,567","95,552"
1/18/2016,"96,021","97,75","94,703","97,662"
1/15/2016,"91,282","96,52","90,802","96,311"
1/14/2016,"88,899","92,234","88,638","90,406"
1/13/2016,"84,85","87,113","84,319","87,113"
1/12/2016,"86,288","86,715","84,003","86,368"
1/11/2016,"86,787","86,787","84,194","85,811"
1/8/2016,"81,932","86,52","81,544","86,243"
1/7/2016,"84,243","85,781","81,693","82,912"
1/6/2016,"79,644","82,519","79,397","81,563"
1/5/2016,"79,675","82,26","79,34","79,657"
1/4/2016,"81,156","82,272","80,338","80,968"
12/31/2015,"78,088","80,055","77,006","77,057"
12/30/2015,"78,088","80,055","77,006","77,057"
12/29/2015,"79,463","79,488","77,662","77,662"
12/24/2015,"79,094","79,218","79,094","79,218"
12/23/2015,"80,862","80,862","78,756","78,781"
12/22/2015,"82,251","82,394","81,2","81,856"
12/21/2015,"80,501","83,712","80,41","82,881"
12/18/2015,"80,031","81,363","79,264","80,344"
12/17/2015,"76,469","78,98","75,178","78,932"
12/16/2015,"79,256","80,458","77,178","78,975"
12/15/2015,"83,088","83,391","79,225","79,938"
12/14/2015,"81,713","86,003","81,7","85,49"
12/11/2015,"77,262","81,875","76,722","81,869"
12/10/2015,"75,869","77,34","75,087","77,194"
12/9/2015,"72,971","75,774","72,85","75,756"
12/8/2015,"71,919","73,892","71,897","73,382"
12/7/2015,"72,281","72,38","70,189","71,775"
12/4/2015,"73,546","75,021","72,944","73,245"
12/3/2015,"69,388","73,632","68,161","73,575"
12/2/2015,"69,219","70,017","68,514","69,188"
12/1/2015,"69,251","70,116","68,801","69,732"
11/30/2015,"70,318","70,738","69,434","69,675"
11/27/2015,"70,681","70,681","69,727","70,113"
11/26/2015,"70,382","70,382","69,406","69,762"
11/25/2015,"72,218","73,012","70,213","70,519"
11/24/2015,"71,263","73,313","71,263","72,287"
11/23/2015,"70,856","71,816","70,772","70,806"
11/20/2015,"71,369","72,087","70,47","70,509"
11/19/2015,"69,444","71,426","69,293","71,425"
11/18/2015,"71,769","72,009","69,938","69,995"
11/17/2015,"73,163","73,3","70,75","70,837"
11/16/2015,"74,75","75,048","73,846","74,068"
11/13/2015,"74,251","74,765","73,473","73,762"
11/12/2015,"70,751","74,057","70,726","73,652"
11/11/2015,"71,744","71,799","70,497","70,606"
11/10/2015,"72,063","72,933","71,623","72,1"
11/9/2015,"70,963","72,859","70,838","72,747"
11/6/2015,"70,988","71,046","69,498","70,958"
11/5/2015,"70,031","71,243","69,854","70,922"
11/4/2015,"68,935","70,576","68,185","70,328"
11/3/2015,"70,019","70,43","68,715","69,011"
11/2/2015,"72,006","72,262","70,454","70,454"
10/30/2015,"70,326","72,54","70,275","70,775"
10/29/2015,"70,756","72,517","70,499","70,644"
10/28/2015,"71,969","72,549","71,196","71,334"
10/27/2015,"72,208","73,553","71,482","72,234"
10/26/2015,"70,388","71,749","69,447","71,708"
10/23/2015,"73,182","73,244","69,155","70,475"
10/22/2015,"78,071","78,365","74,075","74,075"
10/21/2015,"78,188","79,291","77,445","77,984"
10/20/2015,"78,313","79,269","77,509","78,25"
10/19/2015,"79,813","79,938","78,163","78,178"
10/16/2015,"80,626","80,626","79,146","79,621"
10/15/2015,"81,501","81,781","80,42","80,92"
10/14/2015,"81,376","82,021","80,201","81,402"
10/13/2015,"78,001","81,385","77,98","79,741"
10/12/2015,"79,501","79,988","77,846","77,973"
10/9/2015,"82,938","82,938","79,219","79,75"
10/8/2015,"83,563","84,809","83,016","83,031"
10/7/2015,"85,126","85,126","81,966","83,455"
10/6/2015,"86,688","88,342","83,889","85,122"
10/5/2015,"90,001","90,55","86,451","86,93"
10/2/2015,"94,25","94,507","90,981","91,238"
10/1/2015,"90,75","94,001","86,673","94,001"
9/30/2015,"91,25","91,25","89,055","90,571"
9/29/2015,91,"95,281","90,531","91,25"
9/28/2015,"84,5","91,188","84,5","90,996"
9/25/2015,"83,625","87,717","81,979","84,55"
9/24/2015,"80,75","86,818","80,174","85,612"
9/23/2015,"81,625","81,778","78,647","80,188"
9/22/2015,"76,5","81,8","76,331","80,951"
9/21/2015,"75,875","77,438","75,875","76,796"
9/18/2015,"69,25","70,871","68,613","70,751"
9/17/2015,"70,001","70,548","68,869","69,169"
9/16/2015,"71,75","71,913","70,419","70,501"
9/15/2015,"72,05","74,204","71,762","72,063"
9/14/2015,71,"72,191","70,438","72,191"
9/11/2015,"69,95","72,069","69,95","71,119"
9/10/2015,71,"71,768","70,035","70,512"
9/9/2015,"68,594","69,65","68,246","69,637"
9/8/2015,"72,15","72,15","70,434","71,071"
9/7/2015,73,"73,264",72,"72,561"
9/4/2015,"72,75","75,313","72,368","73,35"
9/3/2015,"72,55","73,622","71,001",72
9/2/2015,"74,25","75,26","73,035","74,25"
9/1/2015,"74,2","75,04","73,351","74,751"
8/28/2015,"70,5","71,794","70,049","71,375"
8/27/2015,"72,4","72,49","70,373","70,938"
8/26/2015,"74,075","75,699","72,669","74,613"
8/25/2015,"77,25","77,25","73,225","73,225"
8/24/2015,"77,5","81,997","75,387","77,477"
8/21/2015,"72,688","73,996","70,745","73,521"
8/20/2015,"69,5","70,848","68,908","70,525"
8/19/2015,"68,433","69,809","67,61","69,318"
8/18/2015,"66,5","67,85","66,5","67,525"
8/17/2015,"66,995","68,251","66,523","66,785"
8/14/2015,"67,5","68,088","66,55","67,75"
8/13/2015,67,"67,67","66,02","67,451"
8/12/2015,"68,375","69,816","67,133","68,595"
8/11/2015,"64,575","66,59","63,222","66,438"
8/10/2015,"65,2","65,813","63,675","63,894"
8/7/2015,"64,5","66,029","64,277","66,001"
8/6/2015,"63,25","64,775","62,537","64,698"
8/5/2015,63,63,"62,104","62,935"
8/4/2015,"63,5","64,01","62,813","63,34"
8/3/2015,"62,35","62,902","61,936","62,75"
7/31/2015,"63,5","63,64","62,208","62,25"
7/30/2015,"62,15","64,344","61,888","63,59"
7/29/2015,63,"63,744","62,425","62,604"
7/28/2015,"63,8","64,317","63,05","63,876"
7/27/2015,"63,101","65,701","62,734","64,692"
7/24/2015,"61,813","62,869","60,692","62,792"
7/23/2015,"60,601","61,65","59,942","61,65"
7/22/2015,"60,75","62,179","60,163","61,132"
7/21/2015,"58,75","60,29","58,75","59,821"
7/20/2015,"59,875","59,875","58,622","58,689"
7/17/2015,61,"61,856","58,701","59,813"
7/16/2015,"63,2","63,93","61,042","61,125"
7/15/2015,"65,5","66,275","64,292","64,331"
7/14/2015,"63,938","66,041","63,938","65,103"
7/13/2015,"69,375","71,375","64,229","64,376"
7/10/2015,70,"71,177","67,488","67,75"
7/9/2015,79,"79,5","74,456","75,375"
7/8/2015,"80,875","82,514","78,697","80,25"
7/7/2015,"79,375","81,949","77,719","80,75"
7/6/2015,"80,5","80,875","77,251","79,563"
7/3/2015,"72,75","76,088","71,438","75,126"
7/2/2015,"73,125","73,125","70,025","72,983"
7/1/2015,"73,5","75,181","69,9","73,3"
6/30/2015,"78,5","78,706","72,425","75,74"
6/29/2015,"66,65","76,943","66,65","76,943"
6/26/2015,"68,75","69,25","64,423","66,501"
6/25/2015,"70,094","70,094","65,813","67,09"
6/24/2015,"66,875","68,656","65,464","68,35"
6/23/2015,"64,875","66,749","63,558","66,439"
6/22/2015,"69,5","71,133","66,354","66,75"
6/19/2015,"76,25","78,458","73,425","74,501"
6/18/2015,"77,25","79,865","75,241","76,521"
6/17/2015,"72,75","76,394","72,75","76,102"
6/16/2015,"73,688","75,515","72,75","73,783"
6/15/2015,"72,125","74,344","71,166","72,25"
6/12/2015,"67,7","69,781","67,575","68,63"
6/11/2015,"66,25","67,75","64,191","67,15"
6/10/2015,"69,775","70,193","65,663","66,221"
6/9/2015,"69,25","69,7","68,001","69,5"
6/8/2015,"67,5","69,35","66,792","69,35"
6/5/2015,"67,1","68,607","66,55","67,501"
6/4/2015,"64,75","66,654","64,153","65,3"
6/3/2015,"65,65","66,001","63,753","64,806"
6/2/2015,"66,65","67,019","64,93","65,65"
6/1/2015,"64,951","67,906","64,95","67,142"
5/29/2015,"63,15","66,613","63,038","65,738"
5/28/2015,"61,75","64,059","61,75","63,688"
5/27/2015,63,"63,863","61,712","61,75"
5/26/2015,"61,75","63,773","61,727","63,299"
5/22/2015,59,"61,524","58,671","61,299"
5/21/2015,61,61,"58,931",59
5/20/2015,"59,75","60,524","59,674",60
5/19/2015,"60,5","60,5","59,288","59,813"
5/18/2015,"59,75","61,988","59,7","60,75"
5/15/2015,"59,25","60,469","59,212","60,112"
5/14/2015,62,"62,593","60,362","60,5"
5/13/2015,61,"61,701",60,"61,628"
5/12/2015,"61,907","62,784","61,224","61,224"
5/11/2015,"59,495","60,764","59,245","60,25"
5/8/2015,"61,4","62,537","59,242","59,375"
5/7/2015,64,"67,126","62,188","62,225"
5/6/2015,63,"63,755","61,668","63,082"
5/5/2015,60,"62,549","59,875","62,5"
5/1/2015,"60,2","60,625","58,888","60,122"
4/30/2015,"61,4","62,25","59,563","60,549"
4/29/2015,"59,5","61,784","58,424","61,255"
4/28/2015,"59,15","59,928","58,703","59,75"
4/27/2015,"61,75","61,95","58,775","58,775"
4/24/2015,"60,6","62,003","60,076","61,75"
4/23/2015,"59,65","61,562","59,326","60,583"
4/22/2015,"61,4","62,237","59,7","59,968"
4/21/2015,"61,25","63,781","60,708","61,601"
4/20/2015,"61,875","62,468","60,279","62,45"
4/17/2015,"58,5","62,087","58,163","61,875"
4/16/2015,55,"58,11","54,898","58,011"
4/15/2015,"55,1","55,106","54,233","54,395"
4/14/2015,54,"55,526","53,718","55,112"
4/13/2015,"52,875","53,863","52,875","53,289"
4/10/2015,"54,175","54,327","52,544","52,963"
4/9/2015,"55,826","55,826","54,778","54,803"
4/8/2015,"55,8","56,295","55,125","55,825"
4/7/2015,"55,5","55,875","55,028","55,692"
4/2/2015,"56,725","57,304","56,579","57,125"
4/1/2015,"56,4","57,217","55,381","56,656"
3/31/2015,"56,3","57,34","55,773","55,957"
3/30/2015,"55,875","56,455","54,875","56,25"
3/27/2015,"55,35","56,806","54,249","55,875"
3/26/2015,"57,775","57,949","55,333","55,375"
3/25/2015,"56,675","56,862","55,356","56,688"
3/24/2015,57,"58,688","55,113","56,136"
3/23/2015,"54,95","57,238","54,462","56,66"
3/20/2015,"57,75","57,75","54,495","54,75"
3/19/2015,"50,85","52,412","49,983","52,356"
3/18/2015,"50,175","52,038",50,"51,859"
3/17/2015,50,"51,512","49,992","50,468"
3/16/2015,"49,7","50,057","48,838",50
3/13/2015,"49,25","49,884","48,822","49,5"
3/12/2015,"49,35","49,913","49,338","49,5"
3/11/2015,"50,25","50,613","49,088","49,381"
3/10/2015,50,"51,578","49,863","50,313"
3/9/2015,"49,45","50,785","49,168","49,5"
3/6/2015,"47,875","48,982","47,237","48,913"
3/5/2015,"49,75","49,75","47,55","47,669"
3/4/2015,51,"51,209","49,868","50,035"
3/3/2015,"50,4","51,198","49,688","51,092"
3/2/2015,"49,75","50,651","49,056","50,5"
2/27/2015,"48,975","50,299","48,525","49,645"
2/26/2015,"50,375","50,444","48,688","48,85"
2/25/2015,"50,35","51,649","50,35","50,635"
2/24/2015,"52,3","52,3","50,638","50,638"
2/23/2015,52,"52,726","51,674","52,169"
2/20/2015,"54,425","56,038","53,406","53,875"
2/19/2015,"54,525","55,792","52,285",54
2/18/2015,"57,425","57,425","54,51","54,669"
2/17/2015,"60,25","60,341","57,013","57,785"
2/16/2015,"56,5","58,229","56,171","58,112"
2/13/2015,"57,588","57,588","55,385","56,45"
2/12/2015,"59,201","61,034","57,57","58,112"
2/11/2015,"58,475","59,451","57,951","59,438"
2/10/2015,"58,35","59,51","56,62","58,375"
2/9/2015,"57,2","59,366","57,125","59,125"
2/6/2015,"55,5","56,162","54,78","55,818"
2/5/2015,"58,4","58,4","55,088","55,365"
2/4/2015,"55,451","57,184","55,451","56,125"
2/3/2015,"57,275","57,5","54,833","55,933"
2/2/2015,"59,6","60,43","58,044","58,35"
1/30/2015,57,"60,296","56,094","59,95"
1/29/2015,"57,45","58,487","56,031","57,404"
1/28/2015,"53,3","56,471","53,3","55,681"
1/27/2015,52,"54,418","51,892","53,875"
1/26/2015,"55,35","56,1","51,716","52,042"
1/23/2015,"53,65","54,226","52,283","53,888"
1/22/2015,56,"56,745","54,196","54,975"
1/21/2015,"58,15","59,13","56,328","56,435"
1/20/2015,"58,25","58,419","57,435","58,3"
1/19/2015,"59,125","59,944","58,43","58,5"
1/16/2015,"60,85","61,717","59,225","59,462"
1/15/2015,"60,75","62,348","59,556","60,104"
1/14/2015,"62,963","63,248","60,923","62,256"
1/13/2015,"62,3","63,088","60,923","61,25"
1/12/2015,"62,875","63,508","61,409","62,044"
1/9/2015,"61,375","63,99","60,944","63,175"
1/8/2015,63,63,"60,908","61,535"
1/7/2015,"65,25","66,103","63,195","64,638"
1/6/2015,64,"67,169","63,5","66,63"
1/5/2015,"61,5","64,325","60,317","64,178"
1/2/2015,"61,75","62,271","59,431","60,25"
12/31/2014,"62,625","63,313","62,25","62,75"
12/30/2014,61,"63,5","60,875",63
12/29/2014,"58,625","63,531","58,5","60,25"
12/24/2014,"58,5","58,563","57,625","58,5"
12/23/2014,60,"60,788","58,174","58,5"
12/22/2014,62,62,"60,25","60,375"
12/19/2014,"60,5","63,344","60,5","61,875"
12/18/2014,"62,75","63,152","60,044","62,25"
12/17/2014,"69,375","69,593","64,194","64,208"
12/16/2014,69,"74,698","67,907","68,162"
12/15/2014,"66,25","69,688","63,716","69,578"
12/12/2014,"61,063",66,"60,972","65,938"
12/11/2014,"60,5","61,781","59,701","60,113"
12/10/2014,"58,125","61,581","58,125","60,299"
12/9/2014,"58,125","60,271","57,39","59,069"
12/8/2014,"55,5","56,9","55,5","56,75"
12/5/2014,"57,125","57,125","54,861","55,367"
12/4/2014,"56,125","59,15","55,821","57,4"
12/3/2014,"57,25","57,319","56,096","56,55"
12/2/2014,"58,2","58,2","56,504","56,975"
12/1/2014,"58,688","60,445","58,088","58,431"
11/28/2014,"57,55","59,142","57,55","57,657"
11/27/2014,"59,15","59,346","57,75","57,75"
11/26/2014,"59,1","59,61","58,14","59,5"
11/25/2014,59,"59,5","57,853","59,25"
11/24/2014,"60,5","60,5","58,737","59,306"
11/21/2014,"63,75","63,863","60,888","61,082"
11/20/2014,"64,625","66,245","63,863","64,167"
11/19/2014,"64,5","65,205","64,206","64,631"
11/18/2014,"63,5","64,656","63,325","64,653"
11/17/2014,"64,75","64,956","62,66","63,383"
11/14/2014,"63,125","64,869","62,668","63,25"
11/13/2014,63,"64,195","62,492","63,368"
11/12/2014,63,"64,169","62,842","63,25"
11/11/2014,"62,75","63,321","62,035","62,703"
11/10/2014,"64,5","65,094","62,76","62,867"
11/7/2014,"62,95","66,089","62,95","64,875"
11/6/2014,"66,125","66,938","62,522","63,781"
11/5/2014,"66,25",67,"65,006","65,725"
11/4/2014,"65,875","66,998","64,328","66,75"
11/3/2014,"65,126","66,425","65,126","65,75"
10/31/2014,"64,188","66,457","64,125","64,896"
10/30/2014,"67,25","70,085","65,823","67,751"
10/29/2014,"65,5","68,272","65,016","67,21"
10/28/2014,"66,75","68,04","65,274","66,8"
10/27/2014,"65,25","68,617","63,633","67,3"
10/24/2014,"67,063","67,723","65,691","66,869"
10/23/2014,"69,563","70,021","65,941","67,088"
10/22/2014,"67,188","69,265","66,118","67,938"
10/21/2014,"74,25","75,529","67,529","68,579"
10/20/2014,"71,25","74,725","71,25","73,887"
10/17/2014,"76,875","76,938","70,906","70,906"
10/16/2014,74,"82,708","72,384","77,296"
10/15/2014,"70,313","77,02","69,575","75,625"
10/14/2014,"71,5","72,565","69,484","69,9"
10/13/2014,"71,719","72,844","69,633","70,126"
10/10/2014,"67,95","71,376","67,675","69,375"
10/9/2014,"65,5","67,891","64,133","67,501"
10/8/2014,"68,5","69,459","67,208","67,626"
10/7/2014,"66,575","68,689","65,81","67,488"
10/6/2014,"66,125","66,427","64,175","65,546"
10/3/2014,"63,5","63,5","59,379","59,625"
10/2/2014,"63,125","65,317","61,635","64,845"
10/1/2014,"62,75","63,424","60,644","62,924"
9/30/2014,"66,35","66,35","62,549","62,575"
9/29/2014,"63,625","67,967","63,344","66,628"
9/26/2014,"61,375","64,673","60,482","63,457"
9/25/2014,"58,45","62,063","57,978","61,438"
9/24/2014,"60,1","60,414","58,454","58,625"
9/23/2014,"57,75","59,656","57,625","59,431"
9/22/2014,"56,688","57,704","56,313","57,7"
9/19/2014,"54,875","56,458","54,85","56,188"
9/18/2014,"58,25","58,644","56,818","57,01"
9/17/2014,"60,25","60,462","58,479","58,546"
9/16/2014,"61,188","61,91","60,55","60,573"
9/15/2014,"59,5","61,108","59,25","61,101"
9/12/2014,"58,875","59,629","58,663","58,8"
9/11/2014,"57,75","59,47","57,569","59,157"
9/10/2014,"59,313","59,704","58,05","58,693"
9/9/2014,"56,75","58,306","56,313","58,108"
9/8/2014,"55,125","56,254",55,"55,958"
9/5/2014,"56,5","56,585","54,797","55,25"
9/4/2014,"57,85","58,378","55,077","55,793"
9/3/2014,"58,5","58,5","56,559","57,782"
9/2/2014,"59,5","59,612","57,854",59
9/1/2014,"59,75","60,135","59,467","59,75"
8/29/2014,"58,75","60,26","58,166","59,75"
8/28/2014,"57,625","61,125","57,625","59,192"
8/27/2014,57,"57,638","56,5","57,5"
8/26/2014,"63,75","63,75","56,379","56,757"
8/22/2014,"58,5","60,647","58,217","59,7"
8/21/2014,"61,975","61,975","58,813","58,984"
8/20/2014,"60,246","60,565","59,721",60
8/19/2014,"60,5","60,5","59,436","60,063"
8/18/2014,"62,063","62,335","60,722","61,005"
8/15/2014,"63,75","66,25","60,94","65,75"
8/14/2014,"66,75","66,75","63,112","63,201"
8/13/2014,"66,75","67,141","64,597","64,819"
8/12/2014,"66,75","67,5","65,06","67,422"
8/11/2014,"67,468","68,099","66,669","66,75"
8/8/2014,"73,75","74,635","69,428","70,5"
8/7/2014,"63,938","71,247","63,938","71,113"
8/6/2014,"66,24","70,23","66,24","66,55"
8/5/2014,"63,563","66,428","63,063","65,825"
8/4/2014,"63,063","67,206","62,563","67,1"
8/1/2014,"65,25","69,269","63,032","67,302"
7/31/2014,"61,625","66,27","61,625","65,319"
7/30/2014,"61,375","62,087","60,687","61,792"
7/29/2014,"61,25","62,082","60,599","61,455"
7/28/2014,"60,875","61,66","60,528","61,335"
7/25/2014,"60,4","61,663","59,718","61,188"
7/24/2014,"60,5","60,783","59,497","60,018"
7/23/2014,"62,075","62,125","59,867","60,492"
7/22/2014,"62,75","62,75","60,577",61
7/21/2014,"60,875","63,417","60,672","62,742"
7/18/2014,"61,5","63,607","60,863","60,891"
7/17/2014,60,"62,234","59,76","61,581"
7/16/2014,"61,75","61,75","59,556","60,031"
7/15/2014,"59,875","61,813","59,235","61,813"
7/14/2014,"61,5","61,5","59,616","59,875"
7/11/2014,"61,875","62,823","60,078","61,5"
7/10/2014,"61,375","63,639","60,85","61,9"
7/9/2014,"60,75","62,684",60,"61,433"
7/8/2014,"58,5","61,112","58,05","60,76"
7/7/2014,"55,875","58,602","55,875","58,525"
7/4/2014,"55,875","57,172","55,722","56,375"
7/3/2014,"58,5","59,18","55,635","55,96"
7/2/2014,"59,75","59,813","58,442","58,6"
7/1/2014,"62,25","62,25","59,526","59,75"
6/30/2014,"60,625","62,299","60,06","62,25"
6/27/2014,"59,25","61,088","59,25","60,625"
6/26/2014,59,"60,363","58,26","59,862"
6/25/2014,58,"59,875",58,59
6/24/2014,"58,25","58,25","57,165","58,05"
6/23/2014,"57,875","58,975","57,494","58,25"
6/20/2014,"56,875","58,147","56,323","58,088"
6/19/2014,"59,75","59,75","56,258","56,899"
6/18/2014,60,"60,522","59,465","59,775"
6/17/2014,61,61,"59,791","59,99"
6/16/2014,"59,375","61,576","59,375","61,069"
6/13/2014,"59,375","61,007","59,29","59,594"
6/12/2014,"59,375","60,215","58,583","60,035"
6/11/2014,"57,75","59,468","57,75","59,468"
6/10/2014,"56,5","58,421","56,5","57,752"
6/9/2014,"57,75","57,75","56,294","56,513"
6/6/2014,"63,375","63,375","57,669","57,803"
6/5/2014,"64,25","64,25","60,7","60,726"
6/4/2014,"66,25","66,25","64,408","64,626"
6/3/2014,"66,25","66,25","64,625","65,042"
6/2/2014,"66,25","66,268","64,969","65,162"
5/30/2014,"66,25","67,427","65,638","65,853"
5/29/2014,"65,875","66,491","65,488","66,303"
5/28/2014,"66,75","67,365","65,79","65,935"
5/27/2014,"69,375","69,375","66,258","66,834"
5/23/2014,"70,25","70,376","68,577","69,015"
5/22/2014,"70,5","70,999","68,948","70,256"
5/21/2014,"71,375","74,035","69,802","70,563"
5/20/2014,"69,375","71,919","68,57","71,463"
5/19/2014,"69,25","71,245","68,244","69,458"
5/16/2014,71,"72,238","68,688","69,25"
5/15/2014,"66,25","71,044","66,25","70,875"
5/14/2014,"66,125","66,863","65,917","66,292"
5/13/2014,"66,125","66,342","65,201","66,231"
5/12/2014,"66,75","67,042","66,188","66,203"
5/9/2014,66,"67,251",66,"66,838"
5/8/2014,"68,375","68,375","65,706","66,001"
5/7/2014,"69,75","70,815","68,286","68,388"
5/6/2014,69,"69,85","68,577","69,75"
5/2/2014,"69,25","69,929","68,412","69,025"
5/1/2014,"70,125","70,125",69,"69,343"
4/30/2014,"71,25","71,6","69,908","70,125"
4/29/2014,"72,125","72,125","70,898","71,25"
4/28/2014,"73,625","73,625","71,279","71,988"
4/25/2014,"71,125","73,818","71,125","73,292"
4/24/2014,"70,875","72,833","70,029","71,117"
4/23/2014,"69,75","71,145","69,75","70,863"
4/22/2014,"70,762","71,029","69,662","69,75"
4/17/2014,"71,625","73,368","71,519","71,875"
4/16/2014,"74,5","74,5","71,519","71,65"
4/15/2014,"72,125","74,555","71,495","74,555"
4/14/2014,"73,5","74,803","72,042","72,172"
4/11/2014,"71,25","74,385","71,25","73,5"
4/10/2014,"70,625","71,354","69,581","71,25"
4/9/2014,"71,25","71,45","69,55","70,708"
4/8/2014,"70,75","72,806","69,94","71,323"
4/7/2014,"69,625","71,794","69,625","70,817"
4/4/2014,"72,125","72,125","69,325","69,625"
4/3/2014,73,"74,106","71,5","71,646"
4/2/2014,"73,5","73,646","72,188","72,5"
4/1/2014,"76,375","76,375","73,054","73,1"
3/31/2014,"77,75","77,75","74,684","75,925"
3/28/2014,"79,625","79,625","77,251","77,251"
3/27/2014,"79,125","80,097","78,178","79,2"
3/26/2014,"79,5","79,71","78,076","78,663"
3/25/2014,"80,25","80,532","78,447","79,9"
3/24/2014,"80,938","81,188","77,618","79,755"
3/21/2014,82,82,"78,308","78,675"
3/20/2014,"81,85","82,748","80,417","80,831"
3/19/2014,"72,25","72,25","70,154","70,475"
3/18/2014,"74,401","74,719","71,255","71,75"
3/17/2014,"77,25","77,25","73,581","73,792"
3/14/2014,"78,375","82,427","76,744","76,775"
3/13/2014,"74,75","78,375","73,721","77,919"
3/12/2014,"73,25","75,335","72,75","74,25"
3/11/2014,"73,375","73,375","71,743","72,775"
3/10/2014,72,"73,192","70,915","72,82"
3/7/2014,"71,375","71,987","69,521","71,525"
3/6/2014,"72,375","72,375","70,117","71,075"
3/5/2014,"72,125","72,187","70,387","71,875"
3/4/2014,"75,5","75,5","71,416","71,656"
3/3/2014,"70,875","75,263","70,375","75,013"
2/28/2014,"73,25","73,25","70,16","70,406"
2/27/2014,"73,375","74,74","72,396","72,75"
2/26/2014,"71,475","73,278","71,226","72,813"
2/25/2014,"71,625","72,212","70,907","71,688"
2/24/2014,73,"73,688","71,044","71,1"
2/21/2014,"74,375","74,375","72,252","72,479"
2/20/2014,73,"75,419","72,5","73,844"
2/19/2014,"73,25","74,005","72,331","72,54"
2/18/2014,"73,5","74,491","72,127","72,266"
2/17/2014,"74,125","74,125","72,745","73,001"
2/14/2014,"75,635","75,635","72,76","73,594"
2/13/2014,"76,1","77,378","74,491","74,949"
2/12/2014,"73,75","74,972","72,291","74,683"
2/11/2014,"75,759","76,5","73,882","74,033"
2/10/2014,"76,5","77,72","75,381","76,797"
2/7/2014,"77,701","80,553","76,25","76,25"
2/6/2014,"81,801","82,021","78,363","78,626"
2/5/2014,"84,001","84,234","80,372","81,875"
2/4/2014,"85,75","86,929","81,408","81,938"
2/3/2014,"83,105","84,771","80,841","84,417"
1/31/2014,"82,125","85,008","81,25","81,906"