Date,Open,High,Low,Close
11/22/2024,"18,2904","19,791","17,9689","17,9689"
11/21/2024,"19,9818","21,0219","18,9378","18,952"
11/20/2024,"18,6398","20,4062","18,3621","20,0581"
11/19/2024,"17,6746","21,4024","17,5784","19,2251"
11/18/2024,"17,8437","18,6169","17,6153","17,7888"
11/15/2024,"17,8596","17,8782","16,8704","17,2116"
11/14/2024,"17,117","17,6739","16,9468","17,1048"
11/13/2024,"17,8348","18,5502","17,5566","17,6841"
11/12/2024,"17,4442","18,0414","16,9043","17,9442"
11/11/2024,"16,6719","16,8878","16,3883","16,7866"
11/8/2024,"16,5568","17,1058","16,1146","16,7768"
11/7/2024,"17,7593","17,7593","16,5166","16,7385"
11/6/2024,"18,7817","19,1121","16,2456","18,4866"
11/5/2024,"21,057","21,057","19,6921","19,8482"
11/4/2024,"21,9803","22,0559","20,8167","20,9586"
11/1/2024,"21,3573","21,6222","20,6943","21,094"
10/31/2024,"20,9456","22,175","20,698","21,7302"
10/30/2024,"19,2848","20,3871","19,1381","19,9312"
10/29/2024,"18,6564","19,1255","18,5024","18,9946"
10/28/2024,"19,2243","19,4269","18,5404","18,6585"
10/25/2024,"19,1397","19,322","18,6238","18,9165"
10/24/2024,"18,6237","19,2092","18,3442","19,1718"
10/23/2024,"18,5237","19,0239","18,4479","18,9938"
10/22/2024,"18,4148","19,4856","18,1849","18,6169"
10/21/2024,"17,9031","18,8718","17,6488","18,8489"
10/18/2024,"17,9868","18,0708","17,0794","17,2509"
10/17/2024,"18,8826","18,8886","17,6929","18,2664"
10/16/2024,"19,1421","19,5695","18,8316","19,2128"
10/15/2024,"17,5384","18,9779","17,5057","18,5964"
10/14/2024,"18,8091","18,8922","17,6598","17,6747"
10/11/2024,"19,4187","19,6763","18,3177","18,4665"
10/10/2024,"19,6059","19,8484","19,1375","19,1897"
10/9/2024,"20,6837","20,7976","19,2762","19,3657"
10/8/2024,"21,8333","22,1562","20,2778","20,2825"
10/7/2024,"20,8372","21,1638","20,0859","20,2202"
10/4/2024,"21,4697","21,5042","19,6578","20,2537"
10/3/2024,"20,5402","21,5757","20,2986","21,2197"
10/2/2024,"20,7407","21,4498","19,7585","19,8893"
10/1/2024,"18,1534","21,5354","17,684","21,1034"
9/30/2024,"17,2183","18,162","17,205","18,0647"
9/27/2024,"16,1961","16,316","15,9521","15,9531"
9/26/2024,"15,7676","16,5898","15,6725","16,3795"
9/25/2024,"16,5009","16,5235","16,1035","16,2155"
9/24/2024,"16,0065","16,6625","15,7089","16,02"
9/23/2024,"17,1623","17,2146","16,1849","16,3693"
9/20/2024,"15,5361","16,969","15,4837","16,1859"
9/19/2024,"16,2193","16,2193","15,3791","15,4193"
9/18/2024,"16,7537","17,4744","16,607","17,0602"
9/17/2024,"16,8227","16,8926","16,3423","16,5794"
9/16/2024,"16,915","17,2672","16,3359","17,1151"
9/13/2024,"16,9191","17,0619","15,9922","16,0523"
9/12/2024,"17,8953","18,594","17,3631","17,533"
9/11/2024,"19,0783","20,383","18,2492","19,5984"
9/10/2024,"19,705","20,1073","18,909","19,5428"
9/9/2024,"22,3711","22,3711","19,7166","20,2294"
9/6/2024,"21,068","22,5954","17,9458","22,5849"
9/5/2024,"20,2387","20,8145","19,2104","20,0497"
9/4/2024,"19,4796","21,1072","19,0913","19,8665"
9/3/2024,"15,4947","17,6323","15,192","17,3374"
9/2/2024,"15,8991","16,4919","15,4055","15,4132"
8/30/2024,"15,3635","15,3635","14,9897","15,2695"
8/29/2024,"15,3037","15,3246","14,8905","15,2338"
8/28/2024,"15,2877","15,6303","14,9124","15,5896"
8/27/2024,"15,546","15,6436","15,3764","15,4568"
8/26/2024,"15,762","15,7681","15,1927","15,6627"
8/23/2024,"15,8856","15,953","15,304","15,307"
8/22/2024,"15,3926","16,0715","15,2615","16,0105"
8/21/2024,"15,6241","15,78","15,0236","15,4752"
8/20/2024,"14,8328","15,4662","14,5919","15,46"
8/19/2024,"15,3911","15,6071","14,7677","14,9168"
8/16/2024,"15,7815","15,8562","14,4969","14,5006"
8/15/2024,"16,0583","16,7764","15,0477","15,3092"
8/14/2024,"17,8036","17,9216","16,7514","16,7631"
8/13/2024,"19,0832","19,876","18,3001","18,3433"
8/12/2024,"19,1275","19,559","18,5291","19,2927"
8/9/2024,"21,2326","22,1076","19,9552","20,4295"
8/8/2024,"21,2719","24,0572","21,2341","21,6299"
8/7/2024,"25,2427","25,2467","20,488","20,7485"
8/6/2024,"30,4877","30,4878","24,4279","25,0676"
8/5/2024,"29,5077","40,869","29,5077","31,1676"
8/2/2024,"20,3839","24,8217","19,863","24,519"
8/1/2024,"16,0229","18,4641","16,0095","18,1194"
7/31/2024,"16,6648","16,6648","15,7434","15,7434"
7/30/2024,"16,539","16,7536","16,1234","16,5329"
7/29/2024,"16,2092","17,0827","16,2092","16,8293"
7/26/2024,"16,7437","16,8197","16,0209","16,1458"
7/25/2024,"17,3872","18,3646","16,9016","16,93"
7/24/2024,"15,3478","16,1558","15,3478","16,0622"
7/23/2024,"15,2979","15,4662","14,8035","14,8035"
7/22/2024,"16,3294","16,3695","15,5511","15,6897"
7/19/2024,"16,3216","16,8796","15,8779","16,5217"
7/18/2024,"14,6637","15,8398","14,2575","15,7337"
7/17/2024,"14,0287","15,1832","13,7196","14,5472"
7/16/2024,"14,2981","14,4305","13,7815","13,865"
7/15/2024,"13,6966","13,8161","13,0808","13,5933"
7/12/2024,"13,3751","13,4266","12,834","13,0602"
7/11/2024,"13,9547","14,0602","13,3499","13,4169"
7/10/2024,"14,3167","14,4128","13,8332","13,8688"
7/9/2024,"13,6878","14,6923","13,23","14,5967"
7/8/2024,"14,1394","14,1394","13,1213","13,2924"
7/5/2024,"14,3728","15,2126","14,125","14,4265"
7/4/2024,"14,6399","14,7432","14,4399","14,6177"
7/3/2024,"15,5784","15,5784","14,676","14,8321"
7/2/2024,"16,5806","17,235","15,7494","15,8831"
7/1/2024,"18,1226","18,1261","15,6307","15,8952"
6/28/2024,"18,8321","18,9694","17,9874","18,2969"
6/27/2024,"18,7377","19,5033","18,6646","19,0602"
6/26/2024,"17,5064","19,2825","17,4509","18,98"
6/25/2024,"17,7875","18,1026","17,6595","18,0399"
6/24/2024,"17,6383","17,73","17,2229","17,3846"
6/21/2024,"17,9691","19,0802","17,5461","17,6045"
6/20/2024,"18,1919","18,1976","17,4039","17,7544"
6/19/2024,"18,4091","18,7042","17,7446","18,5209"
6/18/2024,"19,2429","19,5588","18,261","18,604"
6/17/2024,"19,4875","21,2504","18,971","19,9107"
6/14/2024,"17,3636","22,1769","17,3636","19,8691"
6/13/2024,"14,3802","17,0062","14,2597","16,751"
6/12/2024,"15,6117","15,8195","14,5139","14,7719"
6/11/2024,"14,307","16,6517","14,1652","15,7607"
6/10/2024,"14,8838","15,6082","14,4822","14,5074"
6/7/2024,"13,2179","13,956","13,1403","13,2861"
6/6/2024,"13,6197","13,7796","13,3234","13,3388"
6/5/2024,"14,2529","14,348","13,9035","13,9334"
6/4/2024,"14,4338","15,2862","14,3362","14,7419"
6/3/2024,"13,6616","14,1389","13,4004","14,0593"
5/31/2024,"14,1324","14,3105","13,6405","14,1384"
5/30/2024,"14,6038","14,6481","13,8673","13,9805"
5/29/2024,"13,7532","14,7071","13,7068","14,0762"
5/28/2024,"12,8767","13,5583","12,7532","13,3141"
5/27/2024,"12,965","12,9911","12,7094","12,8844"
5/24/2024,"13,3285","13,527","12,5404","12,6094"
5/23/2024,"12,5081","12,8515","12,1154","12,5152"
5/22/2024,"12,6144","12,7459","12,3537","12,7432"
5/21/2024,"12,5035","13,0778","12,4816","12,5421"
5/20/2024,"12,5873","12,5959","12,3179","12,442"
5/17/2024,"12,8175","12,9845","12,1346","12,1346"
5/16/2024,"12,6162","12,8449","12,4633","12,7936"
5/15/2024,"13,9011","14,0501","12,9906","13,0905"
5/14/2024,"13,9389","14,1449","13,822","13,9554"
5/13/2024,"13,8663","13,9824","13,8465","13,924"
5/10/2024,"13,3909","13,627","13,2836","13,6018"
5/9/2024,"13,615","13,8464","13,4571","13,4636"
5/8/2024,"13,9662","13,9662","13,7049","13,7213"
5/7/2024,"14,1458","14,3356","14,03","14,0852"
5/6/2024,"14,6578","14,7327","14,2844","14,299"
5/3/2024,"15,1645","15,2728","14,1767","14,4388"
5/2/2024,"15,8138","15,8566","15,2287","15,4322"
4/30/2024,"15,1321","15,5652","14,9392","15,5652"
4/29/2024,"15,4354","15,4682","15,0798","15,1077"
4/26/2024,"15,5733","15,6929","15,1905","15,2644"
4/25/2024,"15,7936","17,2191","15,6026","16,3578"
4/24/2024,"15,4367","15,6931","15,1797","15,6176"
4/23/2024,"16,4113","16,4444","15,6971","15,7948"
4/22/2024,"17,7927","18,2003","16,898","17,1142"
4/19/2024,"18,6839","19,7915","18,1412","18,1885"
4/18/2024,"18,0187","18,2871","17,4545","17,5161"
4/17/2024,"19,1276","19,1276","17,4228","18,4714"
4/16/2024,"20,1952","20,2108","19,0298","19,6253"
4/15/2024,"17,7106","18,712","16,8089","18,5184"
4/12/2024,"15,4914","20,2231","15,4804","18,7948"
4/11/2024,"15,9735","17,3396","15,8503","16,7012"
4/10/2024,"15,6432","16,6771","15,3051","15,9059"
4/9/2024,"15,6379","16,6807","15,2997","16,3013"
4/8/2024,"16,14","16,14","15,3669","15,5231"
4/5/2024,"15,7884","16,3832","15,6433","16,1199"
4/4/2024,"14,2304","14,2559","13,6866","13,6866"
4/3/2024,"14,9542","15,0297","14,2407","14,2498"
4/2/2024,"13,9688","15,5556","13,8093","15,1815"
3/28/2024,"12,7974","13,4074","12,666","13,3781"
3/27/2024,"12,5374","12,8702","12,3635","12,8635"
3/26/2024,"12,5758","12,7216","12,3965","12,4541"
3/25/2024,"12,9592","12,993","12,4386","12,4948"
3/22/2024,"12,4266","13,0698","12,2773","12,4209"
3/21/2024,"12,7641","12,7641","12,169","12,1808"
3/20/2024,"13,2973","13,3631","12,812","12,9557"
3/19/2024,"13,5539","13,5655","13,0363","13,1173"
3/18/2024,"13,752","13,8331","13,4116","13,4411"
3/15/2024,"13,3282","13,3965","12,8224","13,3135"
3/14/2024,"12,2876","13,6629","12,2242","13,3153"
3/13/2024,"13,581","13,5823","13,1093","13,1363"
3/12/2024,"14,5198","14,5394","13,5921","13,6807"
3/11/2024,"14,7654","15,08","14,6424","14,7303"
3/8/2024,"13,8703","14,0897","13,4861","13,7211"
3/7/2024,"14,6898","14,7438","13,7001","13,9026"
3/6/2024,"14,5382","14,5815","14,0611","14,1614"
3/5/2024,"14,0472","14,7341","13,8939","14,6918"
3/4/2024,"14,095","14,1065","13,7312","13,7474"
3/1/2024,"13,507","13,869","13,4699","13,7842"
2/29/2024,"13,9746","14,2676","13,6592","13,7832"
2/28/2024,"13,3951","13,8643","13,3758","13,8643"
2/27/2024,"13,3452","13,4541","13,108","13,3586"
2/26/2024,"14,1001","14,1013","13,4339","13,4373"
2/23/2024,"13,8515","13,8613","13,3324","13,6956"
2/22/2024,"13,8641","14,1102","13,7531","13,8143"
2/21/2024,"14,2137","14,7634","14,1398","14,5517"
2/20/2024,"14,2203","14,4494","13,9961","14,2001"
2/19/2024,"14,6511","14,6523","14,0461","14,0778"
2/16/2024,"14,0825","14,6097","13,7871","13,7871"
2/15/2024,"14,1014","14,4776","13,9892","14,3226"
2/14/2024,"15,1206","15,1206","14,2492","14,4442"
2/13/2024,"14,6243","15,5459","14,579","15,0271"
2/12/2024,"14,3413","14,3637","14,0156","14,3637"
2/9/2024,"13,7518","14,0959","13,4949","13,9901"
2/8/2024,"13,5824","13,8082","13,4154","13,7628"
2/7/2024,"13,5336","13,7139","13,3136","13,6403"
2/6/2024,"13,868","13,8991","13,565","13,6148"
2/5/2024,"14,6099","14,6801","13,9263","14,1586"
2/2/2024,"14,2806","14,3021","13,9054","14,0448"
2/1/2024,"15,0352","15,0556","14,1224","14,8059"
1/31/2024,"14,1497","14,8429","13,9266","14,8188"
1/30/2024,"14,0975","14,2941","13,8971","14,1062"
1/29/2024,"14,1781","14,1894","13,8016","14,0569"
1/26/2024,"13,6308","14,1686","13,538","13,6074"
1/25/2024,"13,6656","13,9372","13,447","13,5755"
1/24/2024,"13,548","13,548","13,0141","13,4592"
1/23/2024,"13,7563","13,9948","13,4877","13,5791"
1/22/2024,"14,123","14,6018","13,8453","13,8453"
1/19/2024,"14,1512","14,6713","14,0017","14,172"
1/18/2024,"14,9351","14,9854","14,4843","14,5083"
1/17/2024,"15,1042","15,9336","14,9177","15,082"
1/16/2024,"14,8264","14,9444","14,0821","14,1507"
1/15/2024,"13,7894","14,2066","13,715","14,1101"
1/12/2024,"13,4822","13,807","13,2921","13,4234"
1/11/2024,"13,358","13,9272","13,2489","13,9196"
1/10/2024,"13,5791","13,5894","13,3133","13,392"
1/9/2024,"13,9614","14,1834","13,5727","13,6966"
1/8/2024,"14,5786","14,9698","13,8866","14,0017"
1/5/2024,"14,8427","15,3812","13,9423","14,1189"
1/4/2024,"15,2985","15,3362","14,2602","14,3099"
1/3/2024,"14,3056","15,686","14,2622","15,4904"
1/2/2024,"14,0056","14,8211","13,7733","14,4914"
12/29/2023,"13,3697","13,6325","13,1659","13,5747"
12/28/2023,"13,3139","13,758","13,2738","13,5156"
12/27/2023,"14,1364","14,1414","13,3893","13,4324"
12/22/2023,"13,7235","13,7394","13,2545","13,5645"
12/21/2023,"13,3015","13,6798","13,1212","13,5946"
12/20/2023,"12,8563","13,0428","12,3689","12,7353"
12/19/2023,"12,7459","12,8736","12,5136","12,8278"
12/18/2023,"13,0009","13,1681","12,7323","12,9116"
12/15/2023,"12,6985","12,6985","11,993","12,1242"
12/14/2023,"12,8403","12,8606","11,9114","12,4532"
12/13/2023,"13,0641","13,5255","12,8607","13,4963"
12/12/2023,"13,6558","13,8876","13,2043","13,205"
12/11/2023,"13,9907","14,0302","13,7103","13,7103"
12/8/2023,"14,0872","14,251","13,451","13,7018"
12/7/2023,"14,4673","14,7323","14,1619","14,2078"
12/6/2023,"13,9277","14,1315","13,7944","14,0777"
12/5/2023,"14,027","14,3063","13,9807","13,9983"
12/4/2023,"14,145","14,302","13,895","14,1209"
12/1/2023,"13,4971","13,6931","13,317","13,5043"
11/30/2023,"14,2442","14,4878","13,7346","13,815"
11/29/2023,"13,9157","14,1975","13,638","14,1975"
11/28/2023,"14,3389","14,5177","14,1089","14,1716"
11/27/2023,"13,9931","14,1117","13,7382","14,0274"
11/24/2023,"13,7634","13,8653","13,3329","13,3953"
11/23/2023,"13,4929","13,6599","13,2854","13,6417"
11/22/2023,"13,827","13,8624","13,4844","13,4844"
11/21/2023,"13,9873","14,181","13,7349","14,065"
11/20/2023,"14,3817","14,5301","13,8069","14,0106"
11/17/2023,"14,4836","14,5663","13,8409","13,8479"
11/16/2023,"14,5586","14,7118","14,4324","14,6829"
11/15/2023,"14,8969","15,0012","14,5683","14,8085"
11/14/2023,"15,9655","16,1041","14,9925","15,0266"
11/13/2023,"16,3997","16,4507","15,8653","15,8653"
11/10/2023,"16,2986","16,7525","16,0383","16,0383"
11/9/2023,"15,9679","16,1405","15,7142","15,7657"
11/8/2023,"16,8704","16,8934","15,9909","16,0477"
11/7/2023,"16,8397","17,082","16,5194","16,6816"
11/6/2023,"17,0641","17,2422","16,8221","16,8258"
11/3/2023,"17,4995","17,9096","16,8022","16,8411"
11/2/2023,"17,6668","17,9779","17,155","17,7337"
11/1/2023,"18,7902","19,3512","18,3922","18,6508"
10/31/2023,"20,5561","20,5688","19,6362","19,7076"
10/30/2023,"21,4946","21,4946","20,665","20,949"
10/27/2023,"21,548","21,5667","20,6718","20,7887"
10/26/2023,"22,0158","22,4535","20,9167","21,5031"
10/25/2023,"20,7211","21,1049","20,1872","20,5753"
10/24/2023,"21,8712","21,8712","20,5503","20,988"
10/23/2023,"23,5287","24,0075","21,9105","21,9351"
10/20/2023,"23,9204","23,9361","22,5272","23,3334"
10/19/2023,"22,0992","22,9268","21,6123","22,3032"
10/18/2023,"20,5309","21,6965","19,7633","21,6373"
10/17/2023,"19,5195","20,7341","19,2091","19,8746"
10/16/2023,"20,331","21,3041","19,5149","19,9156"
10/13/2023,"17,5524","20,2587","17,5504","20,1795"
10/12/2023,"17,3179","17,3902","16,811","17,1634"
10/11/2023,"18,9306","18,9306","17,7229","17,7664"
10/10/2023,"19,0619","19,0619","18,1604","18,6124"
10/9/2023,"20,709","20,8096","19,6073","20,2398"
10/6/2023,"19,0555","19,8567","18,5818","18,6464"
10/5/2023,"20,1044","20,1147","19,2565","19,656"
10/4/2023,"20,7671","21,2357","19,7101","20,2158"
10/3/2023,"19,4148","20,3862","18,5737","20,1991"
10/2/2023,"17,7578","19,4067","17,5654","18,9158"
9/29/2023,"18,1476","18,1493","17,0609","17,4704"
9/28/2023,"19,4392","19,7795","18,5921","18,8228"
9/27/2023,"19,5768","19,6049","19,0161","19,5114"
9/26/2023,"20,1942","20,4575","19,3574","19,7747"
9/25/2023,"17,7228","19,5329","17,4485","19,0808"
9/22/2023,"17,4607","17,9015","16,8804","16,9607"
9/21/2023,"16,4537","17,2256","16,1624","17,1196"
9/20/2023,"16,2465","16,2955","15,397","15,4074"
9/19/2023,"16,3076","16,4367","15,5881","16,3475"
9/18/2023,"15,8889","16,535","15,6302","16,1549"
9/15/2023,"14,6781","14,8622","13,961","14,7262"
9/14/2023,"16,2093","16,3925","14,6648","14,7497"
9/13/2023,"16,843","17,2955","16,3567","16,5042"
9/12/2023,"16,2747","16,7062","16,0953","16,5155"
9/11/2023,"16,2836","16,4015","15,8553","16,2321"
9/8/2023,"16,5008","17,4753","16,0613","16,1885"
9/7/2023,"17,1922","17,3096","16,5477","16,9887"
9/6/2023,"16,9201","17,2402","16,5775","16,8029"
9/5/2023,"17,1358","17,239","16,2313","16,3544"
9/4/2023,"15,971","16,8965","15,7177","16,6633"
9/1/2023,"16,047","16,0724","15,2716","15,9449"
8/31/2023,"16,6019","16,6041","15,676","16,0638"
8/30/2023,"16,7732","17,1735","16,4547","16,5618"
8/29/2023,"17,6189","17,6618","16,6873","16,7835"
8/28/2023,"18,403","18,4214","17,5094","17,8175"
8/25/2023,"19,1552","19,2069","18,0325","18,4734"
8/24/2023,"18,1217","18,9135","17,903","18,9039"
8/23/2023,"18,6341","19,1695","18,185","18,4996"
8/22/2023,"19,0953","19,2579","18,5415","19,1293"
8/21/2023,"19,9884","20,1134","19,2504","19,8367"
8/18/2023,"20,7724","21,6488","20,2055","20,2456"
8/17/2023,"19,439","20,3878","18,6741","20,3539"
8/16/2023,"19,1864","19,2922","18,4532","18,551"
8/15/2023,"17,8946","19,3532","17,8433","18,8579"
8/14/2023,"18,9213","18,9637","18,0018","18,0529"
8/11/2023,"18,3761","19,3989","18,1909","18,3746"
8/10/2023,"17,9985","18,5164","17,5172","18,0764"
8/9/2023,"18,4201","18,9837","18,0047","18,9796"
8/8/2023,"19,1149","20,2642","18,7053","19,5393"
8/7/2023,"19,4318","19,6074","18,3636","18,6231"
8/4/2023,"19,0924","19,3895","18,2053","18,3516"
8/3/2023,"20,2334","21,3274","19,5913","19,6507"
8/2/2023,"18,7488","19,7263","17,7182","19,7059"
8/1/2023,"16,3464","17,2355","16,2503","17,1897"
7/31/2023,"15,8652","16,2476","15,5777","16,2264"
7/28/2023,"15,5434","15,7407","14,9618","15,2189"
7/27/2023,"15,5657","15,611","14,7118","14,9653"
7/26/2023,"15,8538","17,2399","15,823","16,0997"
7/25/2023,"15,6929","15,8731","15,3856","15,4793"
7/24/2023,"15,9487","16,0097","15,5029","15,534"
7/21/2023,"15,9204","15,974","14,9236","14,9422"
7/20/2023,"16,5039","16,5342","15,6328","15,6917"
7/19/2023,"15,0609","16,0068","15,0322","15,9653"
7/18/2023,"15,8671","15,886","15,3003","15,506"
7/17/2023,"15,6906","16,6843","15,4685","15,8316"
7/14/2023,"15,1474","15,1876","14,7545","14,7973"
7/13/2023,"15,0119","15,1302","14,6735","15,0485"
7/12/2023,"16,4824","16,484","15,0837","15,1849"
7/11/2023,"17,069","17,2482","16,2548","16,5671"
7/10/2023,"18,541","18,6251","17,1773","17,5041"
7/7/2023,"18,5382","18,9389","17,0161","17,5374"
7/6/2023,"16,5931","19,4048","16,4862","19,2277"
7/5/2023,"14,7723","15,6098","14,7723","15,2945"
7/4/2023,"13,5351","14,1209","13,3477","14,1015"
7/3/2023,"13,8676","13,8676","13,3521","13,6529"
6/30/2023,"14,0854","14,135","13,3667","13,6139"
6/29/2023,"14,2083","14,3031","13,8649","14,252"
6/28/2023,"14,9386","15,0426","14,1944","14,213"
6/27/2023,"15,4042","16,0397","15,1327","15,2039"
6/26/2023,"16,2097","17,1816","15,6844","15,8789"
6/23/2023,"15,0267","16,1813","14,8413","15,3519"
6/22/2023,"15,632","16,046","14,8529","14,8578"
6/21/2023,"14,4681","14,4793","12,8895","14,3982"
6/20/2023,"14,4058","14,9071","14,1962","14,6542"
6/19/2023,"13,9913","14,2366","13,5627","14,2158"
6/16/2023,"13,8888","13,8888","13,0637","13,0737"
6/15/2023,"13,2592","14,27","12,931","13,7205"
6/14/2023,"14,6534","14,7536","14,1062","14,2258"
6/13/2023,"15,2048","15,4919","14,7248","14,7763"
6/12/2023,"15,2196","15,7943","15,1204","15,1847"
6/9/2023,"15,1227","15,6228","14,8118","14,9894"
6/8/2023,"15,6137","15,8255","15,0903","15,0986"
6/7/2023,"15,3092","15,7823","15,2463","15,3277"
6/6/2023,"16,3662","16,4909","15,3753","15,3988"
6/5/2023,"16,6512","16,8623","16,0571","16,1174"
6/2/2023,"17,0089","17,0327","15,9355","16,0329"
6/1/2023,"18,0519","19,0194","17,527","17,5469"
5/31/2023,"19,1363","20,2201","18,0639","19,9817"
5/30/2023,"18,1433","18,1474","16,4399","17,9576"
5/29/2023,"17,6339","18,0319","17,2736","17,868"
5/26/2023,"19,19","20,3021","17,1546","17,5971"
5/25/2023,"20,5617","21,0864","19,6239","19,8595"
5/24/2023,"20,0187","21,1605","19,5853","20,93"
5/23/2023,"16,659","17,7514","16,3466","17,6691"
5/22/2023,"16,2504","17,0053","16,1187","16,3133"
5/19/2023,"15,2629","15,715","14,9589","15,715"
5/18/2023,"16,4364","16,6218","15,6484","15,6599"
5/17/2023,"17,0768","17,4657","16,5533","16,9505"
5/16/2023,"17,2349","17,3536","16,599","16,8808"
5/15/2023,"16,9852","17,8637","16,8821","17,1689"
5/12/2023,"17,8564","17,908","16,9504","17,0094"
5/11/2023,"18,1583","19,4984","17,7329","18,5578"
5/10/2023,"18,703","19,5228","18,0851","18,6652"
5/9/2023,"18,3183","19,3852","18,1255","18,9217"
5/8/2023,"18,5322","18,5943","18,0706","18,0706"
5/5/2023,"20,0617","20,5018","18,2847","18,2847"
5/4/2023,"20,8526","21,416","19,8552","20,8326"
5/3/2023,"19,5115","19,995","19,0101","19,9433"
5/2/2023,"17,9782","20,6215","17,6726","20,5692"
4/28/2023,"18,1023","19,9613","17,4211","17,4304"
4/27/2023,"19,0212","19,0497","18,0023","18,1786"
4/26/2023,"19,0461","20,0513","18,7122","18,7788"
4/25/2023,"18,1195","18,4552","17,5468","17,9256"
4/24/2023,"18,1951","18,1992","16,5159","17,1568"
4/21/2023,"17,9017","18,5859","17,0692","17,0847"
4/20/2023,"17,234","18,1904","17,2269","17,727"
4/19/2023,"17,4013","17,4335","16,6951","16,9332"
4/18/2023,"16,8989","17,123","16,2719","16,8952"
4/17/2023,"16,6059","17,5453","16,4327","17,4568"
4/14/2023,"17,5289","17,5319","16,4212","16,4374"
4/13/2023,"18,136","18,4011","17,4539","17,6441"
4/12/2023,"19,1734","19,3651","18,2105","18,6254"
4/11/2023,"19,4608","19,6027","18,7703","18,8152"
4/6/2023,"19,4692","19,926","19,0936","19,123"
4/5/2023,"18,8762","20,2668","18,7545","19,935"
4/4/2023,"18,485","19,181","18,0013","19,0203"
4/3/2023,"20,1042","20,3009","18,7416","19,0905"
3/31/2023,"19,5851","19,6892","18,8407","19,4246"
3/30/2023,"20,0684","20,1202","19,3389","19,7826"
3/29/2023,"21,2166","21,2813","19,9041","20,4"
3/28/2023,"21,9712","23,321","21,8907","22,0865"
3/27/2023,"23,181","25,5381","22,6994","23,0631"
3/24/2023,"23,5095","27,9338","23,4515","24,8849"
3/23/2023,"22,1299","23,3468","20,9098","21,5715"
3/22/2023,"23,7966","24,1381","21,5688","22,246"
3/21/2023,"26,3135","26,5006","24,0816","24,1126"
3/20/2023,"33,0909","33,5011","27,1689","28,432"
3/17/2023,"25,0904","31,2687","24,615","30,0367"
3/16/2023,"30,2263","32,5036","26,0942","26,6513"
3/15/2023,"22,9527","32,1326","22,7679","32,0183"
3/14/2023,"25,4391","26,0877","22,1223","22,7609"
3/13/2023,"21,8766","30,1882","21,8614","25,8606"
3/10/2023,"21,4557","22,1531","20,0844","21,1745"
3/9/2023,"18,2331","18,7236","17,724","18,0178"
3/8/2023,"18,7723","18,9897","17,9481","18,0586"
3/7/2023,"18,1061","18,7322","17,8755","18,4278"
3/6/2023,"18,4445","18,6156","17,8125","17,8713"
3/3/2023,"19,0686","19,0686","18,0096","18,1167"
3/2/2023,"21,2623","21,2869","19,5213","19,6692"
3/1/2023,"19,0853","20,3726","18,5547","20,108"
2/28/2023,"20,3913","20,6664","19,1402","19,5007"
2/27/2023,"21,3516","21,3978","19,6989","19,9638"
2/24/2023,"19,6487","22,16","19,6487","21,6716"
2/23/2023,"20,2977","20,3525","19,5697","20,2369"
2/22/2023,"21,1997","22,1209","20,9308","21,1761"
2/21/2023,"19,9421","21,7628","19,9421","20,8943"
2/20/2023,"19,434","19,7873","19,0252","19,5282"
2/17/2023,"19,7805","20,4561","18,8204","19,2298"
2/16/2023,"17,1755","18,8478","17,1047","18,0518"
2/15/2023,"18,7712","18,7938","17,5912","17,6154"
2/14/2023,"19,7554","19,7994","18,0569","18,8976"
2/13/2023,"20,5959","20,6599","19,7268","19,7867"
2/10/2023,"18,9221","21,3168","18,7503","20,4681"
2/9/2023,"18,1544","18,2838","17,8966","18,1667"
2/8/2023,"18,324","18,7579","17,6833","18,7222"
2/7/2023,"18,9229","19,1836","18,3689","18,7636"
2/6/2023,"17,6261","19,2817","17,6257","18,6439"
2/3/2023,"17,7895","17,9091","16,7194","16,7598"
2/2/2023,"17,255","17,5814","16,4939","16,6712"
2/1/2023,"18,7094","19,0314","18,4507","18,6992"
1/31/2023,"19,0342","19,8033","18,5413","18,5683"
1/30/2023,"19,078","19,9041","18,6868","18,7467"
1/27/2023,"18,0869","18,229","17,2867","17,2871"
1/26/2023,"17,8422","18,4026","17,6969","18,1732"
1/25/2023,"18,0766","19,1949","17,9799","18,4243"
1/24/2023,"18,2209","18,7659","18,0552","18,0648"
1/23/2023,"18,9595","19,2833","17,9966","18,1635"
1/20/2023,"19,5056","19,6763","18,6595","18,6836"
1/19/2023,"18,8272","20,9447","18,7952","20,2982"
1/18/2023,"18,0101","18,153","17,3759","18,1208"
1/17/2023,"18,5257","18,7753","18,0062","18,6197"
1/16/2023,"17,8869","18,3601","17,8031","18,3479"
1/13/2023,"17,7477","17,8908","17,0681","17,3437"
1/12/2023,"19,5036","19,7641","17,9438","17,9438"
1/11/2023,"19,0874","19,406","18,7784","19,34"
1/10/2023,"19,4935","19,7942","19,2264","19,2537"
1/9/2023,"19,0595","19,0829","18,619","18,9985"
1/6/2023,"19,5336","19,694","18,3186","18,4877"
1/5/2023,"19,5642","19,7402","19,1778","19,5317"
1/4/2023,"19,8785","20,0538","19,3998","19,4454"
1/3/2023,"20,9668","20,975","20,1428","20,2765"
1/2/2023,"21,0551","21,2592","20,7319","20,7701"
12/30/2022,"20,3685","20,8942","20,1206","20,8862"
12/29/2022,"20,9112","20,9606","19,8007","19,9315"
12/28/2022,"20,4907","20,7129","20,1328","20,5078"
12/27/2022,"20,6952","20,9732","20,4497","20,6586"
12/23/2022,"20,3223","20,5989","19,8253","20,0403"
12/22/2022,"18,8568","20,1103","18,6975","19,962"
12/21/2022,"20,2102","20,2102","18,9884","19,0621"
12/20/2022,"21,707","22,073","20,3529","20,6949"
12/19/2022,"21,1702","21,3918","20,5332","20,6049"
12/16/2022,"21,0978","21,8455","20,9518","21,3153"
12/15/2022,"19,5683","21,3107","19,1342","20,8424"
12/14/2022,"20,1649","20,6737","20,0544","20,34"
12/13/2022,"22,8263","23,0959","19,5937","20,3898"
12/12/2022,"22,7369","22,8509","22,1459","22,538"
12/9/2022,"21,7015","22,2265","21,2228","21,3964"
12/8/2022,"22,0209","22,4346","21,5805","21,7925"
12/7/2022,"21,0892","22,1271","20,9523","22,0266"
12/6/2022,"19,8663","21,016","19,8245","20,81"
12/5/2022,"20,138","20,169","19,4264","19,8221"
12/2/2022,"20,2917","21,1286","19,3216","19,3283"
12/1/2022,"20,3171","20,6041","19,9294","20,3191"
11/30/2022,"21,1288","21,5544","21,0674","21,2104"
11/29/2022,"21,5862","21,8572","21,3109","21,7003"
11/28/2022,"21,035","21,7292","20,988","21,523"
11/25/2022,"19,818","20,228","19,6197","19,9294"
11/24/2022,"19,3836","19,7225","19,1277","19,563"
11/23/2022,"20,0828","20,2442","19,4236","19,5057"
11/22/2022,"20,8952","21,2133","20,1805","20,2196"
11/21/2022,"21,6051","21,7009","21,113","21,1749"
11/18/2022,"21,5523","21,5727","20,7821","20,8843"
11/17/2022,"20,9327","22,3529","20,676","21,8159"
11/16/2022,"21,1449","21,8833","20,615","21,1699"
11/15/2022,"20,9027","21,1789","20,4134","20,8552"
11/14/2022,"21,352","21,5351","20,5371","20,9416"
11/11/2022,"21,5876","21,8531","20,7694","20,7775"
11/10/2022,"23,7285","23,7944","21,1672","21,3193"
11/9/2022,"23,1857","23,786","23,1039","23,2437"
11/8/2022,"22,8861","22,9451","22,3917","22,6103"
11/7/2022,"23,7385","23,7385","22,5716","22,6633"
11/4/2022,"23,5722","23,6913","22,3439","22,9051"
11/3/2022,"24,2069","24,9687","23,713","23,7706"
11/2/2022,"24,5399","25,0281","24,3763","24,7005"
11/1/2022,"24,4749","24,7729","24,2829","24,4661"
10/31/2022,"25,7415","25,8538","24,6695","24,8305"
10/28/2022,"26,3328","26,607","24,6869","24,8904"
10/27/2022,"27,0265","27,0431","25,8154","25,8725"
10/26/2022,"27,277","27,7887","26,8544","26,9479"
10/25/2022,"28,3294","28,5218","27,4371","27,6175"
10/24/2022,"28,7942","29,3285","28,1954","28,6794"
10/21/2022,"28,2426","28,7166","27,3683","27,8325"
10/20/2022,"28,6743","28,7496","27,5452","27,7451"
10/19/2022,"28,5478","29,0746","28,039","28,302"
10/18/2022,"29,2953","29,3763","28,5692","28,9165"
10/17/2022,"30,3574","30,6351","29,265","29,2711"
10/14/2022,"30,0007","30,5175","28,5268","29,766"
10/13/2022,"32,1581","32,4236","30,0101","30,2048"
10/12/2022,"32,3542","32,5407","31,3815","31,8224"
10/11/2022,"32,4588","32,9081","31,8231","32,0131"
10/10/2022,"31,5131","32,1452","30,9626","31,8717"
10/7/2022,"29,6988","30,6201","29,1376","29,9234"
10/6/2022,"29,0527","29,7315","28,9089","29,1714"
10/5/2022,"29,4674","30,1145","29,0928","29,8599"
10/4/2022,"29,8928","29,9591","28,8277","29,2679"
10/3/2022,"33,1377","33,206","30,566","30,7147"
9/30/2022,"31,8807","32,5394","30,4735","30,7092"
9/29/2022,"32,1183","33,7791","31,7755","33,0733"
9/28/2022,"33,4356","33,6736","31,2868","31,3435"
9/27/2022,"30,6517","31,3505","29,6564","31,3224"
9/26/2022,"31,4582","32,1679","30,251","30,7535"
9/23/2022,"28,0711","30,8053","27,9234","29,9959"
9/22/2022,"28,0965","28,1115","26,7215","27,9968"
9/21/2022,"28,5869","28,649","27,0006","27,2697"
9/20/2022,"25,5737","27,1947","25,4115","27,1557"
9/19/2022,"27,5643","27,7462","25,9304","26,1867"
9/16/2022,"26,4371","27,0455","25,8368","26,4308"
9/15/2022,"25,2595","26,0702","24,8306","25,3479"
9/14/2022,"26,1274","27,2002","25,8917","26,2438"
9/13/2022,"24,7118","26,0947","24,0534","26,041"
9/12/2022,"25,3314","25,3516","24,3262","24,6249"
9/9/2022,"25,1792","25,3587","24,3304","24,8838"
9/8/2022,"26,5268","27,2968","25,7487","25,9173"
9/7/2022,"28,1362","28,2159","27,0638","27,1301"
9/6/2022,"27,268","28,0035","26,8401","27,3521"
9/5/2022,"28,6735","29,0144","27,4712","27,7853"
9/2/2022,"27,8591","27,9808","25,3889","25,5031"
9/1/2022,"28,7961","29,4462","27,8962","29,1451"
8/31/2022,"27,6532","29,0154","27,3708","27,9451"
8/30/2022,"27,6736","28,9023","26,6196","28,3703"
8/29/2022,"29,1725","29,7237","28,0646","28,4642"
8/26/2022,"24,1648","26,8217","23,9786","26,6601"
8/25/2022,"24,6585","25,2325","24,3324","24,719"
8/24/2022,"26,6222","27,3804","25,3129","25,4513"
8/23/2022,"27,624","27,7182","26,3374","26,9246"
8/22/2022,"25,9708","27,6268","25,8652","27,3682"
8/19/2022,"23,0623","24,5809","22,8984","24,5809"
8/18/2022,"22,8645","23,197","22,3963","22,667"
8/17/2022,"21,3989","22,8516","20,973","22,7453"
8/16/2022,"21,5428","21,7208","21,0186","21,3365"
8/15/2022,"22,2971","22,441","21,5774","21,5858"
8/12/2022,"21,4414","21,5013","20,8517","21,2132"
8/11/2022,"21,6773","22,1371","21,3198","21,6517"
8/10/2022,"23,6412","23,6412","21,6622","21,7894"
8/9/2022,"22,3613","23,6735","22,3613","23,284"
8/8/2022,"22,7512","22,954","22,0847","22,0847"
8/5/2022,"21,9478","23,4925","21,9354","22,8536"
8/4/2022,"22,3311","22,9819","21,5909","22,4519"
8/3/2022,"24,1455","24,2027","22,2422","22,3417"
8/2/2022,"24,6999","24,9496","23,5766","23,7725"
8/1/2022,"23,1614","23,5965","22,4094","22,9625"
7/29/2022,"21,9366","22,3213","21,5877","22,3049"
7/28/2022,"23,7656","24,1022","22,5275","22,5542"
7/27/2022,"25,0314","25,0579","23,9954","24,0433"
7/26/2022,"24,8155","25,7365","24,4707","25,5671"
7/25/2022,"25,2609","25,6191","23,9118","24,5311"
7/22/2022,"25,6142","25,7","23,5717","24,0588"
7/21/2022,"27,3146","27,5102","25,1745","25,5535"
7/20/2022,"26,6731","28,3497","26,536","27,4017"
7/19/2022,"29,4386","30,1988","26,4091","26,7194"
7/18/2022,"29,3259","29,4321","28,7301","29,0637"
7/15/2022,"31,7305","31,7559","28,6555","28,8183"
7/14/2022,"29,9311","32,6701","29,4079","31,8165"
7/13/2022,"30,0716","31,9112","29,379","29,8522"
7/12/2022,"29,7966","30,4501","28,9125","29,2615"
7/11/2022,"29,5965","29,5997","28,3766","28,8668"
7/8/2022,"28,8204","29,1582","27,2388","27,5514"
7/7/2022,"29,0774","29,2242","28,2857","28,317"
7/6/2022,"30,1935","30,7935","29,3155","30,108"
7/5/2022,"28,2788","31,6365","28,0907","31,604"
7/4/2022,"28,9061","29,1127","28,1162","28,3185"
7/1/2022,"30,4356","30,5195","28,5017","28,7616"
6/30/2022,"29,9444","30,9206","29,3767","29,7804"
6/29/2022,"27,6497","28,6128","27,3154","28,1127"
6/28/2022,"26,5221","27,1775","26,2198","26,6834"
6/27/2022,"28,3329","28,3913","26,894","27,0179"
6/24/2022,"28,9897","29,188","27,4353","27,7689"
6/23/2022,"28,2944","29,7019","27,9707","29,209"
6/22/2022,"30,2098","30,2574","28,4716","28,6815"
6/21/2022,"27,6803","28,5205","27,4178","28,1129"
6/20/2022,"31,1363","31,1609","28,5701","28,5896"
6/17/2022,"32,407","32,5226","30,2107","30,893"
6/16/2022,"29,8227","32,7927","29,8214","32,5946"
6/15/2022,"30,6222","31,3315","29,2878","30,0721"
6/14/2022,"31,2342","33,1523","30,5633","31,5667"
6/13/2022,"30,3668","32,2379","30,2964","31,8085"
6/10/2022,"25,2728","27,6629","25,2728","27,6629"
6/9/2022,"23,5525","24,4486","22,7374","23,9731"
6/8/2022,"23,2279","23,9475","22,8275","23,1306"
6/7/2022,"23,6544","24,7018","23,3848","23,5931"
6/6/2022,"23,0939","23,3089","22,4465","22,97"
6/3/2022,"23,349","23,6356","22,7559","23,3949"
6/2/2022,"24,2611","24,479","23,1633","23,3885"
6/1/2022,"24,5042","25,5156","23,8256","25,4388"
5/31/2022,"24,6067","25,8292","24,267","25,249"
5/30/2022,"24,1744","24,2697","23,6341","23,726"
5/27/2022,"25,3829","25,4488","23,8394","23,8505"
5/26/2022,"26,5473","26,7683","25,5522","25,6642"
5/25/2022,"27,698","28,5007","26,9213","27,4222"
5/24/2022,"28,348","28,919","27,5391","28,6123"
5/23/2022,"28,4091","29,1205","27,5689","27,5784"
5/20/2022,"27,8953","29,0232","26,7986","28,6575"
5/19/2022,"29,5832","31,3731","29,0797","29,4669"
5/18/2022,"26,3616","27,6978","25,9454","27,6329"
5/17/2022,"27,0949","27,1244","26,1949","26,2385"
5/16/2022,"30,4465","30,5516","28,1994","28,2178"
5/13/2022,"31,6287","31,977","28,9964","29,1149"
5/12/2022,"33,4473","34,2589","31,86","32,3963"
5/11/2022,"33,6692","34,9237","31,1216","31,1216"
5/10/2022,"34,441","35,1248","33,1405","35,0146"
5/9/2022,"33,6069","36,0649","33,5721","35,9089"
5/6/2022,"33,565","35,3395","32,1117","32,8002"
5/5/2022,"30,0134","32,9009","28,1662","32,7671"
5/4/2022,"30,9618","31,2352","30,1148","31,2319"
5/3/2022,"31,9959","32,9459","31,2936","31,3834"
5/2/2022,"33,4409","35,9988","33,1721","34,0677"
4/29/2022,"29,8984","31,0897","29,217","30,7732"
4/28/2022,"31,0213","32,8031","30,1238","31,2799"
4/27/2022,"32,8482","34,1893","31,3518","32,7446"
4/26/2022,"29,6099","33,8355","28,7912","32,7093"
4/25/2022,"31,3434","32,5243","30,2872","31,4602"
4/22/2022,"25,9679","28,7045","25,9377","28,345"
4/21/2022,"24,4356","24,8029","23,9511","24,5398"
4/20/2022,"26,741","26,741","24,9786","24,9786"
4/19/2022,"29,1863","29,5431","27,2872","27,4395"
4/14/2022,"27,9051","28,5938","26,6031","26,7531"
4/13/2022,"30,4859","30,6443","28,76","28,843"
4/12/2022,"32,2569","32,5403","29,5133","30,0143"
4/11/2022,"31,5669","31,6407","29,315","30,2283"
4/8/2022,"30,2962","32,0469","30,0918","30,7314"
4/7/2022,"30,7533","32,5544","29,5565","32,5322"
4/6/2022,"29,3097","33,8031","29,2707","32,238"
4/5/2022,"26,88","29,4548","26,0974","29,1551"
4/4/2022,"29,5347","29,6226","26,6098","26,725"
4/1/2022,"29,1054","29,1054","27,9019","28,5011"
3/31/2022,"27,0119","29,5142","26,9347","28,9898"
3/30/2022,"27,2177","28,3462","27,2177","28,1001"
3/29/2022,"28,9056","28,9645","26,582","26,582"
3/28/2022,"31,6525","31,755","29,4332","30,5027"
3/25/2022,"31,8669","33,5415","30,7782","32,2262"
3/24/2022,"30,1411","32,6804","29,3434","31,1577"
3/23/2022,"27,3135","31,6319","26,9605","30,7746"
3/22/2022,"27,8591","27,8833","26,5521","27,484"
3/21/2022,"29,8147","30,2531","28,2287","28,3402"
3/18/2022,"31,6002","33,9079","29,8018","29,9048"
3/17/2022,"34,5707","35,4908","31,9741","32,017"
3/16/2022,"38,6794","38,6794","35,4588","36,0127"
3/15/2022,"43,3777","45,2645","40,5217","41,1972"
3/14/2022,"41,1092","41,9764","39,4337","40,6415"
3/11/2022,"42,1981","42,7982","37,7642","41,3743"
3/10/2022,"42,803","45,4338","41,7818","43,3509"
3/9/2022,"42,3035","42,6887","40,3445","41,497"
3/8/2022,"47,2368","48,2336","43,7145","45,5607"
3/7/2022,"56,6978","59,4888","47,0828","48,2373"
3/4/2022,"41,391","49,6852","41,391","49,6395"
3/3/2022,"37,0972","41,7449","36,8787","40,4507"
3/2/2022,"42,4571","42,9324","37,7948","38,7848"
3/1/2022,"35,3548","41,6539","35,0239","41,5796"
2/28/2022,"37,5479","40,387","34,9348","35,293"
2/25/2022,"35,955","36,7286","31,4617","32,1184"
2/24/2022,"38,7084","42,4566","37,3927","38,1264"
2/23/2022,"30,3524","34,2396","29,02","33,4572"
2/22/2022,"37,4285","37,9198","31,4575","32,9766"
2/21/2022,"31,7042","39,0862","30,0802","36,2245"
2/18/2022,"28,5692","33,0013","27,9451","31,2669"
2/17/2022,"26,125","30,3998","26,1073","28,7931"
2/16/2022,"25,4003","27,8102","24,7161","26,6138"
2/15/2022,"28,5564","28,7216","26,5985","27,055"
2/14/2022,"31,9944","33,9541","29,0458","30,0547"
2/11/2022,"24,0065","25,1835","23,618","24,6637"
2/10/2022,"20,9938","22,8983","20,9938","21,8414"
2/9/2022,"21,8403","22,1921","21,1711","21,4117"
2/8/2022,"23,7415","24,5869","22,9033","23,1564"
2/7/2022,"25,5","26,8046","24,0649","24,2433"
2/4/2022,"24,7447","27,6787","24,4477","26,3008"
2/3/2022,"23,7558","25,4309","23,2952","24,3287"
2/2/2022,"22,1046","22,9248","21,6931","22,6402"
2/1/2022,"24,5513","25,2184","23,6596","24,0892"
1/31/2022,"28,5184","29,0071","26,5162","27,0084"
1/28/2022,"28,3845","32,3","28,3654","29,4111"
1/27/2022,"29,9078","30,7904","26,9528","28,028"
1/26/2022,"28,2704","29,0315","27,2137","28,3362"
1/25/2022,"31,2776","33,5512","29,9501","31,453"
1/24/2022,"25,7385","34,7645","25,429","32,6811"
1/21/2022,"24,1989","26,4512","23,1765","24,2217"
1/20/2022,"21,7968","22,7475","20,3528","20,4033"
1/19/2022,"22,6759","22,8817","20,59","22,3578"
1/18/2022,"22,1304","23,077","21,4085","21,9614"
1/17/2022,"21,0791","21,1291","19,822","20,0374"
1/14/2022,"20,2026","21,9854","19,9779","21,3963"
1/13/2022,"18,2105","19,1582","17,7833","18,4609"
1/12/2022,"18,8615","19,4223","17,6772","18,3029"
1/11/2022,"20,5405","21,4084","19,7196","19,7861"
1/10/2022,"20,8458","23,7149","20,459","22,543"
1/7/2022,"20,1704","21,8732","19,7568","20,6232"
1/6/2022,"21,1679","22,4112","19,8443","20,0961"
1/5/2022,"18,0729","18,4948","17,6228","17,7553"
1/4/2022,"18,9539","18,9539","17,8068","18,6397"
1/3/2022,"19,0926","19,9199","18,7541","19,1696"
12/30/2021,"19,5634","19,6071","18,6604","19,2677"
12/29/2021,"19,1463","20,5668","18,7693","20,1834"
12/28/2021,"19,7959","19,8132","18,8503","19,0728"
12/27/2021,"20,5511","20,9976","19,6615","19,6616"
12/23/2021,"20,183","20,6628","18,8369","19,0369"
12/22/2021,"22,3336","22,8075","21,0241","21,0421"
12/21/2021,"24,2178","24,8406","22,7639","22,8332"
12/20/2021,"28,3672","29,5725","25,5168","26,835"
12/17/2021,"21,685","23,3447","21,2615","21,9842"
12/16/2021,"19,9433","21,2237","19,4896","20,6116"
12/15/2021,"23,5439","24,899","23,3657","24,7416"
12/14/2021,"21,5759","24,9131","21,5759","24,418"
12/13/2021,"22,1996","23,5911","21,0572","23,0184"
12/10/2021,"24,3969","24,5093","21,5735","22,4272"
12/9/2021,"23,8984","24,121","22,836","23,516"
12/8/2021,"23,8735","25,7087","23,4364","24,708"
12/7/2021,"28,7726","28,7726","24,7477","24,873"
12/6/2021,"31,8718","31,9","29,4457","30,041"
12/3/2021,"28,9857","32,5194","27,9741","31,4794"
12/2/2021,"28,7963","31,5833","27,5714","30,469"
12/1/2021,"28,5881","28,5895","25,7602","26,0164"
11/30/2021,"30,182","33,0753","27,755","30,0679"
11/29/2021,"31,292","31,292","27,6109","28,8033"
11/26/2021,"29,0892","32,4974","26,6606","32,3129"
11/25/2021,"19,8912","20,2978","19,7083","19,8777"
11/24/2021,"20,3921","22,5458","19,7558","20,666"
11/23/2021,"21,2833","22,2748","19,566","20,6416"
11/22/2021,"19,0459","19,8823","18,6252","18,8846"
11/19/2021,"17,6456","20,6592","17,4308","19,1166"
11/18/2021,"16,7664","18,3492","16,5493","17,7692"
11/17/2021,"16,6952","16,7917","15,9805","16,6822"
11/16/2021,"16,6182","17,0346","16,5943","16,7973"
11/15/2021,"16,6462","16,9501","16,3765","16,6495"
11/12/2021,"16,9337","17,2552","16,1284","16,1449"
11/11/2021,"17,4972","17,6468","17,0311","17,0902"
11/10/2021,"17,6649","18,4171","17,1761","17,1761"
11/9/2021,"17,412","18,1687","16,9197","18,062"
11/8/2021,"17,432","17,4498","16,7211","17,1981"
11/5/2021,"15,9144","16,4233","15,7098","16,4029"
11/4/2021,"15,586","16,0813","15,4658","15,9723"
11/3/2021,"16,9809","17,0106","16,4522","16,4717"
11/2/2021,"17,6919","17,9094","16,8527","16,8576"
11/1/2021,"17,7121","18,3182","17,4845","17,4961"
10/29/2021,"18,5335","19,9898","17,5351","17,6164"
10/28/2021,"17,3896","17,7899","16,9387","17,6094"
10/27/2021,"16,6247","17,5952","16,5232","16,9191"
10/26/2021,"16,0985","16,2456","15,6603","16,1505"
10/25/2021,"17,3126","17,3783","16,2449","16,2815"
10/22/2021,"16,6765","16,724","15,774","16,4007"
10/21/2021,"16,8287","16,9153","16,3865","16,7516"
10/20/2021,"16,5996","16,6332","15,6779","15,9796"
10/19/2021,"17,3426","17,3977","16,2344","16,2901"
10/18/2021,"18,2796","18,8357","17,0061","17,1324"
10/15/2021,"16,3094","17,1491","16,0952","16,3486"
10/14/2021,"18,3015","18,5971","16,9401","16,9918"
10/13/2021,"21,1461","21,216","19,3547","19,8415"
10/12/2021,"21,3199","21,8843","20,4247","20,7442"
10/11/2021,"21,3937","22,2312","20,1281","20,1795"
10/8/2021,"20,9536","21,414","19,8586","20,2799"
10/7/2021,"22,2277","22,4718","20,6823","21,0201"
10/6/2021,"24,7083","26,0712","23,7029","24,3318"
10/5/2021,"24,1199","24,5459","22,0445","22,2252"
10/4/2021,"24,5902","25,8001","23,3602","25,1857"
10/1/2021,"25,6854","26,3851","23,5258","24,0389"
9/30/2021,"23,51","24,6563","22,4189","23,2428"
9/29/2021,"23,4669","25,16","22,7046","23,9588"
9/28/2021,"22,0464","25,6103","21,9901","24,8941"
9/27/2021,"21,0248","21,7996","20,2659","20,8349"
9/24/2021,"21,6802","22,5496","21,2381","21,8467"
9/23/2021,"21,237","21,8986","20,0427","20,6244"
9/22/2021,"23,4697","24,4414","22,5832","22,8073"
9/21/2021,"25,1097","26,1607","23,881","25,5096"
9/20/2021,"27,4092","28,6329","26,1924","26,4695"
9/17/2021,"20,1024","23,2434","19,5338","23,1662"
9/16/2021,"20,5328","21,7814","20,092","21,6515"
9/15/2021,"20,3205","21,8659","19,8854","21,6946"
9/14/2021,"20,8823","21,3976","19,6384","20,4635"
9/13/2021,"20,2818","21,0682","19,7371","20,7429"
9/10/2021,"19,1965","20,8565","18,641","20,357"
9/9/2021,"21,6366","21,9297","18,9176","19,6412"
9/8/2021,"20,5772","21,3389","19,3148","20,4927"
9/7/2021,"17,6796","18,8539","17,6019","18,6"
9/6/2021,"17,78","17,78","17,1462","17,5551"
9/3/2021,"17,4207","19,1052","16,938","18,1919"
9/2/2021,"17,3684","17,5538","16,8482","16,9721"
9/1/2021,"17,4021","18,1672","16,9297","17,4679"
8/31/2021,"17,3507","19,1828","17,3319","18,7654"
8/30/2021,"18,0115","18,086","17,4026","17,498"
8/27/2021,"19,2367","19,4286","17,4077","17,6003"
8/26/2021,"19,5301","20,0081","18,5376","19,0944"
8/25/2021,"17,9526","18,0805","17,6564","17,8302"
8/24/2021,"17,4924","18,6305","17,4001","18,0943"
8/23/2021,"18,9197","19,5213","17,8006","17,8943"
8/20/2021,"22,2532","23,6591","20,0099","20,1509"
8/19/2021,"21,0836","25,1569","21,0743","22,1296"
8/18/2021,"18,581","19,2508","18,2861","18,4705"
8/17/2021,"19,1998","19,1998","18,1202","18,3901"
8/16/2021,"17,1664","18,8355","17,1083","18,0025"
8/13/2021,"16,072","16,1969","15,6298","15,8002"
8/12/2021,"16,9303","16,9847","15,9363","16,1073"
8/11/2021,"17,1199","17,6041","16,7088","17,038"
8/10/2021,"17,2075","17,3533","16,9384","17,2752"
8/9/2021,"18,3527","18,6318","17,5196","17,5508"
8/6/2021,"18,5059","18,5461","17,4052","17,8883"
8/5/2021,"18,7906","18,9006","18,2121","18,2492"
8/4/2021,"19,3601","19,9981","18,9085","19,2129"
8/3/2021,"20,4147","21,0515","19,3313","20,2233"
8/2/2021,"19,7487","21,3989","19,6815","19,8395"
7/30/2021,"21,4697","21,4697","19,6416","20,9392"
7/29/2021,"18,7255","19,3262","18,428","19,2556"
7/28/2021,"21,1484","21,255","19,459","19,4809"
7/27/2021,"19,8149","21,4211","19,2473","21,3563"
7/26/2021,"19,4305","20,3999","18,4976","18,5323"
7/23/2021,"19,2636","19,3103","17,5372","17,5527"
7/22/2021,"20,2736","20,4888","18,8172","19,9131"
7/21/2021,"23,0525","23,5257","21,2249","21,5241"
7/20/2021,"22,8486","26,3098","22,6751","24,4923"
7/19/2021,"22,2357","26,6922","21,8994","25,4361"
7/16/2021,"17,9148","19,7897","17,6122","19,4537"
7/15/2021,"17,2337","19,257","17,0025","18,642"
7/14/2021,"18,4654","18,8788","17,283","17,6841"
7/13/2021,"18,248","18,248","17,5549","17,9989"
7/12/2021,"18,2121","19,4085","17,8961","17,9521"
7/9/2021,"18,7092","19,0955","17,8554","17,9506"
7/8/2021,"18,953","21,9665","18,9462","19,9652"
7/7/2021,"17,1268","18,0174","16,8548","17,3168"
7/6/2021,"17,1726","18,4351","16,4848","18,1255"
7/5/2021,"17,728","17,9719","16,5138","16,7545"
7/2/2021,"17,6051","17,7463","16,2289","16,5747"
7/1/2021,"17,3882","18,9771","16,9602","17,7267"
6/30/2021,"17,3357","19,5152","17,2245","18,1849"
6/29/2021,"17,095","17,339","16,839","16,9495"
6/28/2021,"17,2077","17,9202","16,7979","17,6455"
6/25/2021,"17,4931","17,7676","16,5916","16,6823"
6/24/2021,"17,5978","18,0308","16,932","17,3518"
6/23/2021,"17,347","18,8213","17,1962","18,549"
6/22/2021,"19,5906","19,7249","17,3926","17,5733"
6/21/2021,"22,9893","22,9893","19,325","19,4847"
6/18/2021,"16,8416","20,7756","16,6866","20,7634"
6/17/2021,"17,3497","17,8233","16,4121","17,0804"
6/16/2021,"16,3591","16,9336","15,9857","16,1772"
6/15/2021,"15,7521","16,5541","15,6207","16,4055"
6/14/2021,"15,4779","16,0964","15,3113","16,0495"
6/11/2021,"16,2529","16,2761","15,1433","15,1511"
6/10/2021,"18,0201","18,5669","16,6463","16,6565"
6/9/2021,"17,6722","18,1581","17,1952","17,2322"
6/8/2021,"17,4308","18,076","17,0354","17,7247"
6/7/2021,"18,4201","18,4587","17,2832","17,711"
6/4/2021,"18,6149","18,9022","17,2594","17,376"
6/3/2021,"18,2721","19,9392","18,0856","18,2446"
6/2/2021,"18,5662","19,1991","17,8262","17,8481"
6/1/2021,"18,1652","18,7979","17,6206","18,7726"
5/31/2021,"17,7359","19,1005","17,6729","19,0981"
5/28/2021,"17,3331","17,4275","16,6928","17,1662"
5/27/2021,"18,4068","18,5015","17,1665","17,8227"
5/26/2021,"18,6633","19,2574","18,2732","18,2823"
5/25/2021,"19,1631","19,659","18,6392","19,0816"
5/24/2021,"20,7534","20,7685","19,2251","19,2364"
5/21/2021,"21,5133","23,1225","20,3045","20,3521"
5/20/2021,"22,795","24,7877","22,0464","22,1023"
5/19/2021,"23,7753","27,8705","23,0878","24,4802"
5/18/2021,"20,2185","22,5984","19,8083","21,3082"
5/17/2021,"19,6561","22,0327","19,6561","21,8052"
5/14/2021,"21,4823","22,0285","19,5019","19,5457"
5/13/2021,"26,0699","28,2705","22,2717","23,3498"
5/12/2021,"23,0879","23,9614","21,9506","23,9387"
5/11/2021,"21,7178","23,8866","21,1471","22,5573"
5/10/2021,"18,6963","18,9968","18,2932","18,5019"
5/7/2021,"19,7681","20,1055","18,3678","18,3838"
5/6/2021,"19,1724","21,4911","19,1406","20,3775"
5/5/2021,"20,598","20,731","19,8228","19,9042"
5/4/2021,"19,0836","22,9834","18,8472","22,8185"
5/3/2021,"20,4831","21,6605","19,5478","19,9314"
4/30/2021,"18,4465","20,6488","18,3409","20,6309"
4/29/2021,"17,9986","19,6656","17,3989","18,8768"
4/28/2021,"18,571","18,7779","17,9171","18,377"
4/27/2021,"18,4109","19,2176","17,8962","19,2123"
4/26/2021,"18,6419","18,8444","18,1092","18,2841"
4/23/2021,"18,6617","19,9729","18,0543","18,1883"
4/22/2021,"18,485","18,5059","17,7128","17,7562"
4/21/2021,"19,7209","21,0103","19,1502","19,2813"
4/20/2021,"17,6927","21,3518","17,5624","21,0797"
4/19/2021,"16,6425","17,4202","16,4687","17,2101"
4/16/2021,"15,6515","16,1702","15,5575","16,1131"
4/15/2021,"15,3699","15,8851","15,3316","15,7081"
4/14/2021,"16,1705","16,2927","15,7627","16,1903"
4/13/2021,"16,6684","17,2827","16,0381","16,3086"
4/12/2021,"16,6098","17,3622","16,605","17,0514"
4/9/2021,"16,39","16,4431","15,9547","16,1768"
4/8/2021,"16,2799","16,4893","16,0011","16,1602"
4/7/2021,"16,9745","17,1561","16,5919","16,6645"
4/6/2021,"17,8204","17,8204","16,7561","17,1057"
4/1/2021,"17,5466","17,6847","16,7871","16,8956"
3/31/2021,"17,957","18,214","17,528","17,9742"
3/30/2021,"17,9054","18,5489","17,7823","18,4722"
3/29/2021,"17,9807","18,5865","17,6445","18,348"
3/26/2021,"17,692","18,497","16,9764","17,112"
3/25/2021,"18,2574","20,1754","17,7734","18,8836"
3/24/2021,"18,3828","18,5723","17,6355","17,7712"
3/23/2021,"17,9162","17,9269","17,2065","17,5964"
3/22/2021,"19,647","19,8027","17,6826","17,6826"
3/19/2021,"18,5496","21,1664","18,222","18,395"
3/18/2021,"17,0017","17,7346","16,6844","17,4622"
3/17/2021,"17,5925","17,9083","17,0688","17,5706"
3/16/2021,"18,071","18,1975","17,2925","17,5488"
3/15/2021,"18,4271","19,5217","18,2471","18,6234"
3/12/2021,"19,6198","19,8885","18,6784","18,7087"
3/11/2021,"19,4564","19,6419","18,862","18,8846"
3/10/2021,"20,3387","20,3569","19,3723","19,6671"
3/9/2021,"21,1789","21,3902","20,1775","20,2608"
3/8/2021,"24,0446","24,3414","20,8437","20,8952"
3/5/2021,"23,8182","25,1539","21,7851","25,0782"
3/4/2021,"22,9132","23,8401","21,836","22,0916"
3/3/2021,"20,6756","23,1198","20,4377","21,6956"
3/2/2021,"21,973","22,5197","21,2511","21,8134"
3/1/2021,"23,4343","23,8185","22,0003","22,1594"
2/26/2021,"25,8805","28,2903","24,6445","26,8632"
2/25/2021,"20,7521","22,5892","20,4539","22,0962"
2/24/2021,"22,712","22,8855","21,2521","21,4258"
2/23/2021,"21,4367","25,1356","21,4331","23,1325"
2/22/2021,"23,4924","23,8952","21,583","21,6934"
2/19/2021,"22,4613","22,5135","20,4844","20,4844"
2/18/2021,"20,81","23,4001","20,807","22,5234"
2/17/2021,"21,478","22,0467","19,5209","21,829"
2/16/2021,"20,2403","20,9794","19,8516","20,9294"
2/15/2021,"20,1394","20,6786","19,916","20,1531"
2/12/2021,"20,9752","22,1073","20,0175","20,0616"
2/11/2021,"21,8833","21,9327","21,0138","21,2082"
2/10/2021,"20,939","24,194","20,7403","22,4678"
2/9/2021,"20,6255","21,2969","20,2568","21,1232"
2/8/2021,"20,9699","21,2247","20,1649","20,4375"
2/5/2021,"21,1481","21,4702","20,3942","20,6436"
2/4/2021,"21,8767","22,1034","20,9973","21,3727"
2/3/2021,"22,5787","23,1129","22,2479","22,7195"
2/2/2021,"24,8691","25,2499","23,675","24,0219"
2/1/2021,"27,9659","28,5242","26,2424","27,3261"
1/29/2021,"29,4566","31,0592","26,7342","29,0082"
1/28/2021,"29,5597","33,0283","25,382","25,9287"
1/27/2021,"23,775","29,2401","23,5409","26,7698"
1/26/2021,"25,2238","25,2238","22,4981","23,0994"
1/25/2021,"21,4633","26,2846","21,1455","26,0059"
1/22/2021,"20,9952","23,6257","20,9919","21,317"
1/21/2021,"19,4133","20,6187","19,4042","19,9362"
1/20/2021,"21,2022","21,2822","20,0996","20,2772"
1/19/2021,"21,4766","21,7943","20,858","21,749"
1/18/2021,"23,1316","23,1691","21,8916","21,9473"
1/15/2021,"20,5567","23,8887","20,4573","22,4344"
1/14/2021,"19,8904","20,1957","19,4247","19,6932"
1/13/2021,"21,3287","22,0358","20,9286","21,0937"
1/12/2021,"21,6799","22,503","21,1263","21,9516"
1/11/2021,"21,2826","22,8431","21,1942","21,9797"
1/8/2021,"20,781","21,0475","19,9327","20,5276"
1/7/2021,"21,8896","22,0687","20,7835","21,0154"
1/6/2021,"23,9623","24,4356","21,4192","21,4423"
1/5/2021,"24,9117","26,8415","24,7255","25,1986"
1/4/2021,"22,9869","26,0644","22,3686","24,8416"
12/30/2020,"22,5424","23,3976","22,3185","23,369"
12/29/2020,"21,5506","22,657","21,211","22,3828"
12/28/2020,"23,237","23,237","21,7054","21,7054"
12/23/2020,"24,0041","24,1663","23,1137","23,1531"
12/22/2020,"25,6555","25,872","24,8076","25,2067"
12/21/2020,"25,4902","30,336","25,0343","27,2641"
12/18/2020,"20,7092","21,8878","19,9504","21,6252"
12/17/2020,"20,2203","20,5791","19,8472","20,5099"
12/16/2020,"21,2465","21,7418","20,2815","21,1372"
12/15/2020,"22,8107","22,841","21,5038","21,7301"
12/14/2020,"22,3251","22,8176","21,7298","22,521"
12/11/2020,"21,1371","24,6242","21,1371","23,6144"
12/10/2020,"20,4852","21,8873","20,0601","20,6617"
12/9/2020,"20,2606","20,3512","19,472","20,0186"
12/8/2020,"21,2394","21,9729","20,4698","20,5353"
12/7/2020,"21,9325","23,1244","21,4053","21,4355"
12/4/2020,"21,0205","21,3743","20,6406","20,8186"
12/3/2020,"21,6479","22,1529","20,9649","21,3172"
12/2/2020,"21,536","22,1368","21,1674","21,694"
12/1/2020,"21,7554","21,9807","20,9894","21,3014"
11/30/2020,"22,1771","22,9149","21,3243","22,9149"
11/27/2020,"20,1697","20,2718","19,6122","20,0788"
11/26/2020,"20,6481","20,7933","20,1532","20,2346"
11/25/2020,"21,2586","21,7118","20,7612","20,7778"
11/24/2020,"21,6234","21,7653","21,0859","21,3674"
11/23/2020,"21,9606","22,5783","21,4127","22,4894"
11/20/2020,"21,6131","21,7157","20,785","21,4393"
11/19/2020,"21,6324","22,1121","21,1212","21,9714"
11/18/2020,"22,4657","22,4657","20,8252","20,9029"
11/17/2020,"22,2411","23,1638","22,0882","22,2529"
11/16/2020,"23,345","24,036","22,3849","22,3849"
11/13/2020,"23,9019","23,9544","22,4567","23,1431"
11/12/2020,"23,9425","24,0694","23,134","23,3023"
11/11/2020,"24,7409","24,9718","23,0012","23,1256"
11/10/2020,"24,5379","25,4931","23,7254","25,0803"
11/9/2020,"24,9793","25,9605","23,4811","23,8631"
11/6/2020,"26,3527","28,0971","25,301","25,6153"
11/5/2020,"26,8142","26,8142","25,6773","26,3725"
11/4/2020,"33,8053","33,8053","27,3548","28,0023"
11/3/2020,"34,0707","34,0707","32,5122","32,763"
11/2/2020,"36,221","36,3171","34,137","35,233"
10/30/2020,"37,6105","38,0815","35,2458","35,3472"
10/29/2020,"38,0027","39,8641","36,7537","37,5504"
10/28/2020,"37,5918","39,9198","35,4491","38,2587"
10/27/2020,"32,5426","33,432","31,6354","32,7397"
10/26/2020,"30,9185","31,8159","29,8551","31,7557"
10/23/2020,"28,9127","28,9127","27,1907","28,157"
10/22/2020,"30,8842","30,8842","28,79","28,9879"
10/21/2020,"28,243","29,6814","27,964","29,4488"
10/20/2020,"27,2933","27,7701","26,4724","27,6293"
10/19/2020,"25,5472","26,7532","25,3028","26,6186"
10/16/2020,"25,4492","26,3611","24,534","25,3165"
10/15/2020,"25,0915","27,4538","25,0915","26,8422"
10/14/2020,"23,033","23,4211","22,4595","23,2425"
10/13/2020,"22,8288","23,2469","22,0477","22,9397"
10/12/2020,"22,628","22,7168","21,8875","22,2531"
10/9/2020,"23,1945","23,4688","22,153","22,2369"
10/8/2020,"24,4013","24,6178","23,7947","23,98"
10/7/2020,"25,3132","25,5121","24,6486","24,9744"
10/6/2020,"25,8074","26,214","24,8811","25,2128"
10/5/2020,"27,3808","27,5592","26,2085","26,2763"
10/2/2020,"27,9482","28,5496","26,7341","26,8168"
10/1/2020,"26,0943","26,7373","25,6568","26,5374"
9/30/2020,"27,1635","27,456","25,5643","26,0598"
9/29/2020,"27,5514","27,8887","26,3346","26,9026"
9/28/2020,"27,0351","27,2336","26,4428","26,8241"
9/25/2020,"28,2207","29,8678","27,6615","27,8075"
9/24/2020,"28,9496","29,2513","27,5871","28,3437"
9/23/2020,"27,5127","27,6562","26,0581","27,1669"
9/22/2020,"28,8879","29,0345","27,3002","28,1097"
9/21/2020,"25,5293","30,1501","25,5293","29,8809"
9/18/2020,"22,6709","23,3323","21,5433","22,6496"
9/17/2020,"23,7429","23,8621","22,4084","22,5468"
9/16/2020,"21,7811","22,7983","20,7802","21,9927"
9/15/2020,"22,5054","22,6746","21,7118","22,1155"
9/14/2020,"23,2413","23,9839","22,5682","22,5682"
9/11/2020,"24,8728","25,2076","23,5054","23,7249"
9/10/2020,"25,7791","26,4245","24,0706","25,0052"
9/9/2020,"27,2497","27,5168","25,8342","25,8888"
9/8/2020,"27,4955","31,3474","27,3804","28,4501"
9/7/2020,"29,2312","29,3038","27,5731","27,922"
9/4/2020,"30,2782","33,2041","27,8634","31,7117"
9/3/2020,"25,8983","29,5561","24,8462","29,0121"
9/2/2020,"26,4819","26,7156","25,0537","26,6145"
9/1/2020,"26,1134","27,8951","25,2303","27,1192"
8/31/2020,"24,1888","26,7906","24,0025","26,7213"
8/28/2020,"24,2519","25,6103","23,5521","25,1579"
8/27/2020,"23,4973","23,7529","22,1715","23,5584"
8/26/2020,"22,9851","23,2472","21,9485","22,0013"
8/25/2020,"22,547","23,4942","21,8498","23,3594"
8/24/2020,"23,2534","23,6898","22,8547","23,1101"
8/21/2020,"23,2762","26,1236","22,9238","24,3375"
8/20/2020,"24,1088","25,1199","23,1855","24,0354"
8/19/2020,"23,0325","23,4456","21,9292","21,9882"
8/18/2020,"22,9708","23,6628","21,9052","23,269"
8/17/2020,"24,7347","25,1434","22,7476","22,7835"
8/14/2020,"23,6725","25,8604","23,5327","23,8671"
8/13/2020,"22,6442","23,2719","22,4098","22,691"
8/12/2020,"24,2825","24,2825","21,9207","22,4674"
8/11/2020,"23,3316","23,8732","22,3828","23,3863"
8/10/2020,"24,6636","25,2382","23,8318","24,1127"
8/7/2020,"24,902","25,6626","23,7449","24,1977"
8/6/2020,"23,4048","25,4871","22,8869","24,9371"
8/5/2020,"24,0322","24,7622","23,7022","23,9421"
8/4/2020,"25,4057","26,4024","24,8889","25,087"
8/3/2020,"27,1416","27,4585","25,415","25,7571"
7/31/2020,"26,6956","27,7796","25,1545","26,6625"
7/30/2020,"25,1821","29,7139","25,1821","28,024"
7/29/2020,"24,7165","24,8626","24,1105","24,2316"
7/28/2020,"24,3838","25,9406","24,3036","24,3987"
7/27/2020,"25,9687","26,4458","24,9245","25,238"
7/24/2020,"27,0626","27,1823","25,2795","25,5773"
7/23/2020,"23,4372","23,8252","22,1914","23,3144"
7/22/2020,"23,4971","25,1467","23,4624","24,2123"
7/21/2020,"23,3969","23,586","21,8422","23,4879"
7/20/2020,"26,0722","26,6674","24,1423","24,2112"
7/17/2020,"26,1858","26,7768","25,5762","25,5762"
7/16/2020,"27,0641","27,8853","26,5342","26,8067"
7/15/2020,"27,481","27,9256","26,8232","27,5724"
7/14/2020,"29,5475","30,622","28,7552","28,9278"
7/13/2020,"28,1252","28,7218","27,0699","27,1352"
7/10/2020,"31,25","31,25","28,3711","28,4276"
7/9/2020,"28,7383","30,8529","27,6679","30,4505"
7/8/2020,"28,9633","29,8311","28,1119","29,5725"
7/7/2020,"29,0083","29,3373","27,9203","27,9345"
7/6/2020,"27,7068","28,4593","27,5243","27,6015"
7/3/2020,"27,4743","28,8844","27,1139","28,2699"
7/2/2020,"28,8462","28,9679","27,2528","27,5942"
7/1/2020,"31,9549","32,0821","29,7691","30,1305"
6/30/2020,"34,0268","34,1086","31,549","31,7179"
6/29/2020,"35,5675","36,5761","33,9641","34,4922"
6/26/2020,"33,6851","35,6758","32,128","35,1735"
6/25/2020,"39,146","39,6043","34,449","34,6839"
6/24/2020,"32,0728","36,8782","31,8138","36,8071"
6/23/2020,"32,3307","32,3307","30,9541","31,3419"
6/22/2020,"35,3057","35,3522","33,0534","33,781"
6/19/2020,"33,8537","33,9444","31,3518","32,2142"
6/18/2020,"34,7816","37,1736","33,9459","35,0461"
6/17/2020,"35,0437","36,1918","33,7659","35,3603"
6/16/2020,"35,4653","38,1523","32,905","36,0977"
6/15/2020,"44,1388","45,2167","38,2013","38,4135"
6/12/2020,"38,244","42,2058","36,2293","41,4116"
6/11/2020,"33,4228","36,1276","32,119","36,0215"
6/10/2020,"28,9245","31,309","28,8853","30,0524"
6/9/2020,"28,4623","30,9261","28,4367","29,7453"
6/8/2020,"28,6373","28,6786","27,4971","28,1197"
6/5/2020,"26,9367","27,8909","26,7054","27,8909"
6/4/2020,"29,4355","29,4355","26,7808","27,6617"
6/3/2020,"29,9431","29,9532","28,9908","29,6082"
6/2/2020,"29,6835","30,678","28,9164","30,678"
6/1/2020,"30,3693","32,1266","30,051","30,099"
5/29/2020,"30,5848","31,436","29,6765","31,1263"
5/28/2020,"28,8702","29,3899","28,2797","29,0063"
5/27/2020,"27,9217","30,3511","27,0454","29,3988"
5/26/2020,"28,4","29,5832","28,0385","28,0385"
5/25/2020,"31,2484","31,996","29,0769","29,1565"
5/22/2020,"34,1261","34,6404","31,2735","31,4161"
5/21/2020,"30,3483","32,4567","29,6157","32,315"
5/20/2020,"30,7995","31,4512","28,9717","29,1093"
5/19/2020,"28,9127","31,1339","28,6201","30,1699"
5/18/2020,"31,8053","31,9613","28,9035","29,0582"
5/15/2020,"32,7598","35,561","32,1941","34,4706"
5/14/2020,"35,1296","39,4211","34,3288","36,3219"
5/13/2020,"31,1935","33,903","29,9995","33,4196"
5/12/2020,"29,5146","29,5418","27,4103","27,6697"
5/11/2020,"29,076","32,2132","28,7441","29,9068"
5/8/2020,"31,3703","31,8752","29,6404","29,6643"
5/7/2020,"33,7813","33,855","32,423","32,4312"
5/6/2020,"34,7917","35,0653","33,3356","34,8075"
5/5/2020,"35,3632","37,6921","34,4447","34,5055"
5/4/2020,"39,6963","40,8433","38,032","38,322"
4/30/2020,"30,6468","34,5303","30,5709","33,9105"
4/29/2020,"32,2541","32,9282","30,5751","30,7205"
4/28/2020,"34,3249","34,3649","31,7755","33,012"
4/27/2020,"37,931","38,1566","34,7053","34,7193"
4/24/2020,"42,6609","42,8337","39,0449","40,1744"
4/23/2020,"42,9129","44,2303","39,762","40,3534"
4/22/2020,"46,6375","46,7917","43,6972","43,9569"
4/21/2020,"44,1744","48,3053","43,6741","48,2215"
4/20/2020,"41,8008","44,2209","40,8277","41,2975"
4/17/2020,"41,0849","41,8835","39,8184","41,201"
4/16/2020,"43,2062","44,7207","41,657","43,2623"
4/15/2020,"40,7877","45,3407","40,7877","44,9575"
4/14/2020,"42,6039","42,8864","39,5302","40,4768"
4/9/2020,"43,2866","46,4145","42,8607","44,7106"
4/8/2020,"47,575","48,1056","45,1651","45,2972"
4/7/2020,"41,2396","47,2674","40,3307","46,2871"
4/6/2020,"43,6499","43,6499","41,3891","43,0301"
4/3/2020,"48,1759","48,7753","45,6141","45,8806"
4/2/2020,"49,2386","52,1012","47,7218","49,9156"
4/1/2020,"53,8852","55,1683","49,4751","51,1408"
3/31/2020,"52,1726","53,4455","47,9446","48,5926"
3/30/2020,"62,1164","63,7031","55,5199","55,6324"
3/27/2020,"56,1585","63,1314","56,0735","60,9948"
3/26/2020,"60,2082","61,1485","52,8455","54,3148"
3/25/2020,"51,566","60,3602","50,7593","57,1305"
3/24/2020,"57,0356","57,644","49,6543","52,5304"
3/23/2020,"75,9173","75,9413","60,1322","64,4283"
3/20/2020,"65,2016","72,1252","62,8594","68,2146"
3/19/2020,"84,6415","87,4815","78,3461","78,3461"
3/18/2020,"84,976","90,2635","80,2977","84,7969"
3/17/2020,"79,5723","92,4163","74,6642","77,2625"
3/16/2020,"81,5014","95,0212","81,2573","85,6206"
3/13/2020,"68,6496","77,7362","59,9011","74,3321"
3/12/2020,"60,5726","74,0335","60,4509","71,5196"
3/11/2020,"51,4488","55,6211","51,0095","53,7615"
3/10/2020,"51,5615","55,8189","44,1786","53,8031"
3/9/2020,"57,875","64,6301","52,7644","54,0993"
3/6/2020,"37,8847","46,6079","37,8847","43,0212"
3/5/2020,"29,8237","35,2373","29,7011","33,1404"
3/4/2020,"32,6745","32,6745","28,8425","29,7565"
3/3/2020,"32,0386","33,7363","29,3097","33,4532"
3/2/2020,"34,6933","43,1272","33,2908","36,1186"
2/28/2020,"43,7342","49,6898","40,3718","42,2369"
2/27/2020,"27,6191","38,4871","26,7169","34,6989"
2/26/2020,"27,5081","32,6425","24,4685","24,5403"
2/25/2020,"21,3422","27,7305","21,3422","27,4449"
2/24/2020,"21,7083","23,4462","21,1127","22,6584"
2/21/2020,"15,4212","16,6193","14,5506","15,7536"
2/20/2020,"12,9173","14,09","12,8833","14,09"
2/19/2020,"13,2457","13,2522","12,5194","12,8829"
2/18/2020,"13,5173","14,0484","13,3319","13,8431"
2/17/2020,"13,2172","13,2604","12,9598","12,9654"
2/14/2020,"13,1161","13,3323","12,7476","13,0625"
2/13/2020,"13,0408","14,5798","12,8301","13,2476"
2/12/2020,"12,882","12,9065","12,4199","12,4526"
2/11/2020,"13,1733","13,5806","12,7225","12,9201"
2/10/2020,"13,9652","14,2752","13,6673","13,7034"
2/7/2020,"13,1288","14,1582","12,8296","13,3241"
2/6/2020,"13,3122","13,4476","12,978","12,9889"
2/5/2020,"14,6403","14,7262","13,3824","13,6052"
2/4/2020,"15,2703","15,3399","14,4587","14,4971"
2/3/2020,"17,0562","17,3663","15,8752","16,2837"
1/31/2020,"15,3144","17,5533","15,1292","17,1542"
1/30/2020,"16,4522","16,9716","15,4736","16,4174"
1/29/2020,"14,7954","15,1091","14,2227","14,4199"
1/28/2020,"15,9282","16,9182","14,9511","15,1979"
1/27/2020,"15,6837","17,4624","14,9863","17,1711"
1/24/2020,"12,1173","12,7096","11,73","12,6665"
1/23/2020,"12,6402","13,3162","12,168","13,164"
1/22/2020,"11,6502","12,3306","11,4122","12,2389"
1/21/2020,"12,6598","12,6598","11,7891","11,8141"
1/20/2020,"11,2579","11,5657","11,1923","11,2522"
1/17/2020,"10,8378","10,9745","10,5002","10,6899"
1/16/2020,"11,3895","11,5898","11,0187","11,0223"
1/15/2020,"12,7551","12,7651","12,0093","12,0408"
1/14/2020,"13,0196","13,6649","12,369","12,4099"
1/13/2020,"12,7327","13,0003","12,3989","12,7138"
1/10/2020,"12,7021","12,9014","12,2976","12,3886"
1/9/2020,"12,995","13,2755","12,7628","13,0363"
1/8/2020,"15,2754","15,5454","13,9244","14,0401"
1/7/2020,"14,3023","15,1187","14,0542","14,2117"
1/6/2020,"15,4524","16,8069","14,8866","15,1404"
1/3/2020,"14,3646","15,0039","13,8848","13,9588"
1/2/2020,"13,3693","13,4527","12,5626","12,6736"
12/30/2019,"12,916","14,131","12,831","13,9548"
12/27/2019,"11,9539","12,3139","11,6346","12,0913"
12/23/2019,"11,7384","11,7531","11,2182","11,6482"
12/20/2019,"12,0752","12,3672","11,0774","11,0774"
12/19/2019,"11,8302","12,4877","11,7829","12,1761"
12/18/2019,"12,0227","12,0742","11,3909","11,8244"
12/17/2019,"11,9666","12,348","11,6126","12,1489"
12/16/2019,"12,1355","12,2758","11,58","11,644"
12/13/2019,"12,3404","13,8963","12,0444","13,1174"
12/12/2019,"14,944","15,5028","13,9996","14,6631"
12/11/2019,"14,9428","15,5437","14,7746","15,2345"
12/10/2019,"15,6427","16,5499","14,8666","15,022"
12/9/2019,"14,5578","14,9855","14,3042","14,9246"
12/6/2019,"14,9897","15,0548","14,016","14,1327"
12/5/2019,"14,8715","15,5527","14,4985","15,3707"
12/4/2019,"16,5879","16,5917","15,0913","15,2237"
12/3/2019,"15,2742","17,8881","15,257","16,9096"
12/2/2019,"13,3586","16,1274","12,9754","15,8889"
11/29/2019,"13,2917","13,3373","12,8657","13,174"
11/28/2019,"12,5773","12,8575","12,3841","12,7959"
11/27/2019,"12,1618","12,2819","11,8666","12,2032"
11/26/2019,"12,3833","12,5494","12,0421","12,0954"
11/25/2019,"12,8304",13,"12,3795","12,3837"
11/22/2019,"12,7776","13,17","12,4729","13,0888"
11/21/2019,"13,611","14,102","13,0318","13,1317"
11/20/2019,"13,309","13,799","12,6509","12,7274"
11/19/2019,"11,8047","12,7282","11,7351","12,3699"
11/18/2019,"11,7496","12,6455","11,7259","12,0372"
11/15/2019,"12,2194","12,441","11,5","11,537"
11/14/2019,"12,5732","12,6518","12,1823","12,4735"
11/13/2019,"12,8098","13,8094","12,7123","12,7955"
11/12/2019,"12,9049","12,9408","12,5406","12,6338"
11/11/2019,"13,3039","13,7182","13,0845","13,0887"
11/8/2019,"13,1022","13,3188","12,7467","12,8514"
11/7/2019,"12,7558","12,8703","12,6161","12,7542"
11/6/2019,"12,9462","13,483","12,7943","12,9335"
11/5/2019,"12,8673","13,0903","12,8017","12,9226"
11/4/2019,"12,8667","13,0229","12,6711","12,9047"
11/1/2019,"13,521","13,6316","12,6558","12,8444"
10/31/2019,"13,179","14,6211","13,0163","13,7919"
10/30/2019,"13,8135","14,5735","13,6605","13,7963"
10/29/2019,"13,5546","14,0033","13,5198","13,7262"
10/28/2019,"13,1277","13,3746","13,0548","13,2006"
10/25/2019,"13,1929","13,4109","12,7703","12,8208"
10/24/2019,"13,3263","13,5649","13,083","13,0918"
10/23/2019,"14,5497","14,5576","13,4449","13,4557"
10/22/2019,"14,489","14,9359","14,1604","14,1743"
10/21/2019,"15,4816","15,4867","14,5941","14,7438"
10/18/2019,"15,5016","15,6823","14,9573","15,3746"
10/17/2019,"14,8599","15,1664","14,0299","14,9276"
10/16/2019,"14,6517","15,1326","14,4088","14,76"
10/15/2019,"15,1809","15,5761","14,2058","14,4716"
10/14/2019,"16,0335","17,1773","15,7928","15,9171"
10/11/2019,"16,9564","17,1447","15,822","15,8911"
10/10/2019,"18,456","19,3067","17,261","17,418"
10/9/2019,"19,6122","19,6851","18,0923","18,3918"
10/8/2019,"17,8459","19,4613","17,7508","19,2294"
10/7/2019,"19,0557","19,0788","17,7073","17,856"
10/4/2019,"19,6801","20,6179","18,3401","18,5245"
10/3/2019,"20,3732","21,8931","19,8264","20,5011"
10/2/2019,"18,8395","21,4047","18,8352","21,0071"
10/1/2019,"15,4333","17,4621","15,1952","17,26"
9/30/2019,"16,7592","16,7592","15,8282","15,8282"
9/27/2019,"15,8233","16,2937","15,4777","15,8826"
9/26/2019,"16,7884","16,7884","15,9542","16,587"
9/25/2019,"17,247","18,1651","17,0388","17,2313"
9/24/2019,"15,3076","16,0342","14,8256","15,9723"
9/23/2019,"15,0716","16,4105","15,0474","15,5783"
9/20/2019,"14,4209","14,627","13,5459","13,9744"
9/19/2019,"14,7588","14,8288","14,3783","14,501"
9/18/2019,"15,4428","15,5596","14,8807","15,2097"
9/17/2019,"15,5643","16,0862","15,1291","15,5502"
9/16/2019,"14,8272","15,6015","14,7525","15,2467"
9/13/2019,"14,2599","14,2599","13,67","13,7364"
9/12/2019,"15,2641","15,7618","14,0747","14,4138"
9/11/2019,"15,057","15,831","15,0206","15,4354"
9/10/2019,"15,1284","15,8688","15,1284","15,2574"
9/9/2019,"14,6529","15,3365","14,6516","14,9418"
9/6/2019,"15,1373","15,1807","14,6257","14,6313"
9/5/2019,"15,9384","16,1191","15,3508","15,5052"
9/4/2019,"17,0576","17,1653","16,4229","16,5794"
9/3/2019,"19,2146","19,2279","17,8046","18,2403"
9/2/2019,"17,7688","17,8885","17,0864","17,5382"
8/30/2019,"17,4595","17,9231","16,3206","17,6681"
8/29/2019,"18,7723","18,9399","17,5328","17,601"
8/28/2019,"19,9389","20,842","19,2756","19,3267"
8/27/2019,"20,5418","20,6345","18,7953","19,4399"
8/26/2019,"21,2557","21,9047","19,8234","20,2502"
8/23/2019,"17,4172","20,2602","17,3081","20,1473"
8/22/2019,"17,1161","18,7454","16,4755","18,2332"
8/21/2019,"17,6328","17,6758","16,7119","16,7721"
8/20/2019,"17,668","18,7887","17,1913","18,4289"
8/19/2019,"19,0636","19,3862","18,1629","18,2556"
8/16/2019,"21,7756","21,7877","19,9548","20,3841"
8/15/2019,"22,2807","25,6009","21,4339","22,5419"
8/14/2019,"18,3225","22,5624","17,81","22,0616"
8/13/2019,"20,0676","20,9421","17,8223","18,6224"
8/12/2019,"18,0538","19,7","17,7958","19,2544"
8/9/2019,"17,9529","18,9959","17,6775","18,9533"
8/8/2019,"19,2417","19,674","17,7463","18,0037"
8/7/2019,"20,0424","21,9752","18,9361","21,039"
8/6/2019,"20,8083","21,6428","19,7854","21,3783"
8/5/2019,"19,4436","21,7127","19,1846","21,0618"
8/2/2019,"16,316","19,1916","16,2296","18,3481"
8/1/2019,"14,2725","14,3766","13,5278","13,7348"
7/31/2019,"14,5575","14,6296","14,0584","14,3909"
7/30/2019,"12,778","14,8456","12,7748","14,4662"
7/29/2019,"13,1848","13,2285","12,6034","12,6386"
7/26/2019,"13,2091","13,2667","12,6146","12,669"
7/25/2019,"12,8623","14,0288","12,2404","13,2666"
7/24/2019,"12,8268","13,2904","12,8051","13,1227"
7/23/2019,"12,9651","13,2116","12,5074","12,7137"
7/22/2019,"14,2196","14,2554","13,4467","13,5495"
7/19/2019,"12,9836","14,446","12,6558","13,6973"
7/18/2019,"13,5911","13,8112","13,0014","13,332"
7/17/2019,"12,1526","12,8191","11,625","12,6034"
7/16/2019,"12,598","12,7199","11,9713","12,1592"
7/15/2019,"12,3563","13,2497","12,3297","12,6064"
7/12/2019,"12,524","12,7598","12,0956","12,3888"
7/11/2019,"12,6004","12,7881","12,1708","12,4747"
7/10/2019,"12,9602","13,2135","12,4345","12,8191"
7/9/2019,"13,0444","13,6809","12,6871","12,7504"
7/8/2019,"12,8194","12,9415","12,5926","12,616"
7/5/2019,"11,8201","12,7593","11,801","12,4185"
7/4/2019,"11,5622","11,9169","11,5622","11,7651"
7/3/2019,"11,7213","11,7633","11,4266","11,7045"
7/2/2019,"12,302","12,3586","11,7834","11,8371"
7/1/2019,"12,922","12,922","12,2617","12,383"
6/28/2019,"13,953","14,2033","13,6772","13,7342"
6/27/2019,"13,8375","14,6671","13,7188","14,1174"
6/26/2019,"14,2624","14,3049","13,6346","14,0634"
6/25/2019,"14,1793","14,23","13,753","13,9815"
6/24/2019,"13,6073","14,1746","13,5818","13,9669"
6/21/2019,"13,4493","13,7291","13,0973","13,3894"
6/20/2019,"12,8407","13,3849","12,4787","13,3474"
6/19/2019,"13,3981","13,7636","13,2848","13,6604"
6/18/2019,"14,5114","14,6243","13,0515","13,2695"
6/17/2019,"14,6827","14,7112","14,0157","14,0293"
6/14/2019,"14,7589","15,2243","14,2643","14,3629"
6/13/2019,"15,0775","15,1873","14,292","14,3656"
6/12/2019,"15,2504","15,4435","14,8651","14,945"
6/11/2019,"14,666","14,8475","14,3774","14,796"
6/10/2019,"15,2208","15,2268","14,7652","14,8913"
6/7/2019,"15,0222","15,285","14,5978","14,9085"
6/6/2019,"15,863","16,1462","15,3633","15,6299"
6/5/2019,"16,3031","16,5843","15,7938","16,1034"
6/4/2019,"17,5747","17,5754","16,3864","16,42"
6/3/2019,"18,6584","19,0292","17,1914","17,2417"
5/31/2019,"18,3525","18,9485","17,363","17,4218"
5/30/2019,"17,0103","17,0991","16,3992","16,7607"
5/29/2019,"17,8701","18,1573","17,271","17,7806"
5/28/2019,"16,3221","17,0583","15,8724","16,1658"
5/27/2019,"16,3863","16,8064","16,0828","16,2373"
5/24/2019,"16,9779","17,1081","16,1751","16,7146"
5/23/2019,"16,8188","17,9587","16,615","17,637"
5/22/2019,"15,5908","16,9149","14,8215","15,4494"
5/21/2019,"16,6039","16,9237","15,6402","15,8302"
5/20/2019,"15,7409","17,6531","15,2619","17,3812"
5/17/2019,"15,4104","16,27","14,8775","14,9769"
5/16/2019,"16,4652","16,716","15,0605","15,0605"
5/15/2019,"17,2191","18,2446","16,6817","16,7467"
5/14/2019,"18,2824","18,5387","17,5564","17,5609"
5/13/2019,"18,4727","19,9306","18,1255","19,4264"
5/10/2019,"18,1003","19,6288","17,9362","18,5073"
5/9/2019,"18,8607","20,6794","18,8607","20,0378"
5/8/2019,"17,2614","18,9568","17,1915","17,6428"
5/7/2019,"15,4907","18,3546","15,0108","18,0429"
5/6/2019,"16,7479","17,4612","15,7108","15,7375"
5/3/2019,"13,8337","13,8575","13,3295","13,3808"
5/2/2019,"13,7729","14,3357","13,2889","14,3357"
4/30/2019,"13,152","13,515","13,0099","13,2624"
4/29/2019,"13,0049","13,4476","12,7466","13,0278"
4/26/2019,"12,9779","13,1618","12,4639","12,6034"
4/25/2019,"12,9578","13,6917","12,6009","12,9572"
4/24/2019,"12,4478","12,721","12,2408","12,5447"
4/23/2019,"11,9058","12,204","11,9046","12,204"
4/18/2019,"11,3952","11,7281","10,8775","11,0066"
4/17/2019,"11,3354","11,3391","10,4748","11,2672"
4/16/2019,"11,3881","11,6007","11,159","11,3012"
4/15/2019,"12,0813","12,1174","11,4864","11,4864"
4/12/2019,"12,7291","12,7502","11,7012","11,877"
4/11/2019,"13,7238","14,3272","12,5337","12,595"
4/10/2019,"14,6092","14,6154","14,0641","14,281"
4/9/2019,"14,7177","15,0664","13,9962","14,5187"
4/8/2019,"14,4226","14,6726","14,0677","14,603"
4/5/2019,"14,131","14,1348","13,4904","13,552"
4/4/2019,"14,478","14,5602","14,1491","14,2468"
4/3/2019,"14,2666","14,2934","13,9075","14,1923"
4/2/2019,"14,7987","15,0993","14,474","14,7848"
4/1/2019,"15,1333","15,3404","14,6871","14,7903"
3/29/2019,"15,8571","16,091","15,1895","15,2748"
3/28/2019,"16,2779","16,9845","15,8734","16,6715"
3/27/2019,"15,6667","17,0215","15,6264","16,3337"
3/26/2019,"17,2639","17,3349","15,7934","15,8457"
3/25/2019,"18,3039","18,6343","17,1808","17,3356"
3/22/2019,"15,2316","17,8007","15,0283","17,6785"
3/21/2019,"15,0212","16,694","14,9854","15,6876"
3/20/2019,"13,5396","14,4929","13,2752","14,4778"
3/19/2019,"13,0465","13,0533","12,4323","13,0007"
3/18/2019,"13,3852","13,4026","13,0704","13,2122"
3/15/2019,"13,5652","13,7383","12,6824","12,9242"
3/14/2019,"13,4155","13,8289","13,097","13,6478"
3/13/2019,"13,8548","14,0534","13,3726","13,9503"
3/12/2019,"13,95","14,5582","13,7759","13,8356"
3/11/2019,"14,5377","14,7728","14,0506","14,1546"
3/8/2019,"14,5162","14,9167","14,139","14,411"
3/7/2019,"13,794","14,6702","13,539","13,8671"
3/6/2019,"13,4493","13,883","13,1764","13,4409"
3/5/2019,"13,6312","13,765","13,3502","13,5075"
3/4/2019,"13,5735","13,663","13,0389","13,6499"
3/1/2019,"13,5862","13,6104","13,068","13,3709"
2/28/2019,"14,5304","14,6319","13,54","13,5876"
2/27/2019,"14,4831","14,6971","14,1766","14,3497"
2/26/2019,"14,4536","14,4837","13,8122","13,8942"
2/25/2019,"14,2742","14,378","13,7244","13,8464"
2/22/2019,"14,3575","14,3907","13,7539","13,9767"
2/21/2019,"14,3092","14,608","14,115","14,3444"
2/20/2019,"14,4187","14,8893","14,1025","14,2742"
2/19/2019,"14,6581","15,4877","14,2963","14,6143"
2/18/2019,"14,8132","15,0063","14,4321","14,5378"
2/15/2019,"16,1919","16,1919","14,1637","14,2944"
2/14/2019,"13,76","15,772","13,6754","15,757"
2/13/2019,"14,1659","14,2158","13,8474","13,9695"
2/12/2019,"14,4374","14,4549","14,0325","14,2814"
2/11/2019,"15,7652","15,902","15,1233","15,2186"
2/8/2019,"16,0912","17,3858","15,7578","16,3132"
2/7/2019,"13,8488","16,2267","13,7477","16,1706"
2/6/2019,"13,9305","14,024","13,4203","13,616"
2/5/2019,"14,0393","14,0693","13,4777","13,5808"
2/4/2019,"14,5814","14,8327","14,1852","14,2075"
2/1/2019,"14,9474","15,2309","13,9401","13,9879"
1/31/2019,"15,324","16,1162","15,0962","15,1126"
1/30/2019,"16,0228","16,3423","15,8139","16,0154"
1/29/2019,"16,1817","16,2133","15,3545","16,0456"
1/28/2019,"15,6544","16,2693","15,4094","16,1551"
1/25/2019,"15,1564","15,1572","14,7207","14,7823"
1/24/2019,"16,351","16,3755","15,549","15,5603"
1/23/2019,"16,7699","16,8011","15,7311","16,4792"
1/22/2019,"15,7286","16,185","15,3568","15,9971"
1/21/2019,"15,0957","15,385","14,9988","15,385"
1/18/2019,"15,1097","15,2574","14,2762","14,28"
1/17/2019,"16,1842","16,5054","15,2409","15,4064"
1/16/2019,"16,3711","16,4941","15,4862","15,7177"
1/15/2019,"17,2396","18,1388","16,8879","16,9334"
1/14/2019,"18,3404","18,9561","17,6247","17,8987"
1/11/2019,"18,3445","18,6416","17,4182","17,4182"
1/10/2019,"19,8142","20,075","18,6513","18,6879"
1/9/2019,"18,9994","19,4843","18,6412","18,997"
1/8/2019,"19,6151","19,6273","18,9891","19,4803"
1/7/2019,"20,9242","21,3996","20,1408","20,151"
1/4/2019,"22,3332","22,3473","20,3583","20,4827"
1/3/2019,"23,6004","24,31","22,7688","22,9978"
1/2/2019,"25,1724","25,3914","23,3053","23,3924"
12/28/2018,"24,7","24,7518","23,357","23,8643"
12/27/2018,"22,6373","26,8813","22,6083","25,6882"
12/21/2018,"21,4524","22,3745","20,3575","20,3984"
12/20/2018,"20,0887","20,8141","19,4806","20,733"
12/19/2018,"19,8516","19,8878","19,0883","19,6024"
12/18/2018,"20,492","20,7708","19,5207","20,0366"
12/17/2018,"19,8628","20,5382","18,8262","19,8187"
12/14/2018,"19,7982","20,7197","18,9677","19,1643"
12/13/2018,"19,1466","19,428","18,7775","19,1773"
12/12/2018,"20,7653","20,7653","19,55","19,7254"
12/11/2018,"21,4978","21,7724","20,4391","21,0925"
12/10/2018,"22,8178","23,8648","21,9461","23,6592"
12/7/2018,"21,878","21,926","20,1015","21,6688"
12/6/2018,"20,8291","24,6383","20,7904","24,6155"
12/5/2018,"18,9511","19,1174","17,9065","19,0904"
12/4/2018,"17,103","17,4265","16,7045","17,2085"
12/3/2018,"18,3895","18,397","16,0007","16,9152"
11/30/2018,"18,7563","19,0974","18,0385","18,4935"
11/29/2018,"18,1301","19,2214","18,0697","18,61"
11/28/2018,"18,236","18,9486","18,144","18,5952"
11/27/2018,"18,0735","19,3839","18,0673","18,479"
11/26/2018,"18,6857","18,8425","18,2332","18,4228"
11/23/2018,"19,2917","20,1095","18,6772","18,9738"
11/22/2018,"18,6379","19,4291","18,3609","19,2881"
11/21/2018,"18,7594","19,1404","18,2215","18,2397"
11/20/2018,"19,0917","20,7483","18,3291","19,9622"
11/19/2018,"17,6904","18,182","17,2011","18,032"
11/16/2018,"19,0781","20,4797","17,7099","18,0762"
11/15/2018,"17,7553","21,4291","17,7553","20,1522"
11/14/2018,"17,8604","18,593","17,1686","18,4549"
11/13/2018,"17,2952","18,0307","16,9015","17,029"
11/12/2018,"16,3577","17,8953","16,3313","17,8587"
11/9/2018,"16,3266","16,9173","16,0239","16,3773"
11/8/2018,"15,832","16,2783","15,5732","15,881"
11/7/2018,"16,705","16,7713","16,2818","16,4264"
11/6/2018,"18,2713","18,8236","17,8831","18,1091"
11/5/2018,"19,2083","19,3686","18,0486","18,3296"
11/2/2018,"17,9537","19,0511","17,7145","18,848"
11/1/2018,"20,0581","20,0857","18,71","18,995"
10/31/2018,"20,7473","20,7732","19,8728","20,3038"
10/30/2018,"22,375","24,0062","21,7237","22,2249"
10/29/2018,"22,5633","22,9969","21,1538","22,2872"
10/26/2018,"21,9286","25,2196","21,9286","23,7391"
10/25/2018,"22,8978","22,8978","20,7264","20,7552"
10/24/2018,"20,611","22,2466","19,681","21,9772"
10/23/2018,"20,7558","22,4276","20,424","21,3624"
10/22/2018,"18,3274","19,9562","18,2498","19,3581"
10/19/2018,"17,9177","20,3127","17,8396","18,7838"
10/18/2018,"17,076","18,2658","16,5408","18,1712"
10/17/2018,"16,0044","17,8076","15,9143","17,0163"
10/16/2018,"18,5914","18,6052","16,7868","16,8341"
10/15/2018,"20,343","20,5934","19,0619","19,0703"
10/12/2018,"19,3575","20,612","19,3188","20,2103"
10/11/2018,"20,5628","21,9784","19,7085","21,2373"
10/10/2018,"17,0427","18,66","16,8972","18,4029"
10/9/2018,"17,0659","18,3332","16,7444","16,9002"
10/8/2018,"17,163","17,7951","16,9722","17,6264"
10/5/2018,"15,9767","16,7771","15,9747","16,6807"
10/4/2018,"15,22","16,4829","15,211","16,0249"
10/3/2018,"14,7683","15,3358","14,3439","14,6064"
10/2/2018,"15,5781","16,0432","15,1078","15,4784"
10/1/2018,"14,8637","14,8967","13,7923","14,2333"
9/28/2018,"13,7686","16,258","13,5101","14,7637"
9/27/2018,"13,233","14,098","13,0977","13,171"
9/26/2018,"13,1367","13,2165","12,8296","12,8518"
9/25/2018,"13,4217","13,5694","13,0937","13,1636"
9/24/2018,"13,6875","13,8975","13,3666","13,7328"
9/21/2018,"12,9338","13,127","12,5198","12,8151"
9/20/2018,"13,4252","13,4806","12,9376","13,1843"
9/19/2018,"14,0967","14,157","13,5249","13,5296"
9/18/2018,"14,6858","15,0289","14,2424","14,356"
9/17/2018,"14,6352","14,7826","14,3458","14,5708"
9/14/2018,"14,2829","14,3269","13,8873","13,8963"
9/13/2018,"15,2639","15,3381","14,4863","14,5934"
9/12/2018,"15,509","15,8642","15,2408","15,3235"
9/11/2018,"15,5657","16,2967","15,5645","15,7862"
9/10/2018,"16,6992","16,7468","15,6764","15,8948"
9/7/2018,"16,755","17,411","16,4254","16,4546"
9/6/2018,"17,3942","17,4437","16,2279","17,1012"
9/5/2018,"16,873","17,7387","16,4384","17,2886"
9/4/2018,"15,0812","17,1924","15,0812","16,3854"
9/3/2018,"15,968","16,1143","15,3804","15,4945"
8/31/2018,"14,8665","15,8116","14,8615","15,6343"
8/30/2018,"13,2729","14,4609","13,1883","14,1532"
8/29/2018,"13,4378","13,6967","12,979","12,9914"
8/28/2018,"13,1753","13,5136","13,0203","13,1602"
8/27/2018,"13,2427","13,5016","13,0848","13,1149"
8/24/2018,"13,3801","13,5665","13,0679","13,1882"
8/23/2018,"13,5342","13,7841","13,2145","13,6438"
8/22/2018,"13,9554","14,0428","13,5536","13,8512"
8/21/2018,"14,1707","14,2481","13,3826","13,8748"
8/20/2018,"15,4633","15,483","14,2428","14,5019"
8/17/2018,"16,0994","16,6495","15,5265","16,0982"
8/16/2018,"17,2729","17,2949","16,1698","16,2633"
8/15/2018,"15,7547","18,6752","15,448","18,4755"
8/14/2018,"15,0215","16,4739","14,9678","15,861"
8/13/2018,"16,2053","16,7356","15,4195","15,9406"
8/10/2018,"13,6074","15,7508","13,4561","15,1113"
8/9/2018,"13,1357","13,1887","12,3971","12,4882"
8/8/2018,"12,772","13,0828","12,3105","12,8654"
8/7/2018,"13,0078","13,0175","12,4303","12,6265"
8/6/2018,"13,5599","13,9492","13,1963","13,47"
8/3/2018,"14,2076","14,2867","13,2789","13,3973"
8/2/2018,"13,5752","15,2111","13,5752","14,5051"
8/1/2018,"12,5495","13,115","12,4847","13,028"
7/31/2018,"12,7056","12,8749","12,4219","12,5596"
7/30/2018,"12,588","12,7717","12,1471","12,7107"
7/27/2018,"11,9644","11,9644","11,4564","11,6594"
7/26/2018,"12,9005","13,0121","12,1053","12,1361"
7/25/2018,"12,8076","13,7671","12,8011","13,5029"
7/24/2018,"13,727","13,7673","12,6061","12,7259"
7/23/2018,"15,0697","15,175","14,1177","14,1892"
7/20/2018,"13,0063","15,0548","12,6276","13,7747"
7/19/2018,"12,0288","13,3332","11,9373","12,8476"
7/18/2018,"12,1717","12,3072","11,6436","11,9617"
7/17/2018,"13,4118","13,6941","12,556","12,556"
7/16/2018,"13,0762","13,505","12,8033","13,0323"
7/13/2018,"13,1128","13,4387","12,7011","12,8035"
7/12/2018,"14,3102","14,6098","13,3817","13,4596"
7/11/2018,"14,555","14,7013","13,9257","14,5961"
7/10/2018,"14,0284","14,0437","12,9658","12,9935"
7/9/2018,"14,6641","14,9105","13,9899","14,0711"
7/6/2018,"15,6202","15,8466","14,7032","14,7428"
7/5/2018,"15,9465","16,2762","15,3553","15,731"
7/4/2018,"16,4373","16,5018","15,8602","16,2213"
7/3/2018,"17,0005","17,3804","15,9839","16,3909"
7/2/2018,"19,2801","19,5604","17,6777","17,9959"
6/29/2018,"16,7648","17,4585","16,2233","16,6333"
6/28/2018,"17,6196","19,5059","17,202","18,4191"
6/27/2018,"17,3921","18,8619","15,8675","17,1802"
6/26/2018,"16,8235","17,9847","16,6929","17,2411"
6/25/2018,"15,8047","17,8849","15,4656","17,8727"
6/22/2018,"15,3518","15,6698","14,1385","14,2065"
6/21/2018,"14,1595","16,9146","13,9152","16,0901"
6/20/2018,"13,8028","14,4059","13,0474","13,9834"
6/19/2018,"16,0195","16,2275","14,6839","14,8685"
6/18/2018,"13,2624","14,7887","13,2284","13,763"
6/15/2018,"11,6186","12,637","11,5628","12,1297"
6/14/2018,"13,3156","13,5338","11,3331","11,4418"
6/13/2018,"13,6068","13,7884","12,9619","13,198"
6/12/2018,"13,9057","14,1588","13,5244","13,6885"
6/11/2018,"14,5699","14,7675","13,9598","13,9917"
6/8/2018,"15,5561","16,1908","14,8586","14,9616"
6/7/2018,"14,4217","15,1488","14,1158","14,4204"
6/6/2018,"14,808","15,9896","14,704","14,7989"
6/5/2018,"14,3979","14,8224","13,4663","14,7988"
6/4/2018,"14,9806","15,0992","14,3641","14,3641"
6/1/2018,"16,2433","16,2433","15,3083","15,6231"
5/31/2018,"17,4455","19,2958","16,6896","17,6547"
5/30/2018,"19,8666","20,1127","18,0572","18,3411"
5/29/2018,"18,8501","22,2804","18,7877","20,1545"
5/28/2018,"15,4375","18,5205","15,3465","17,7786"
5/25/2018,"15,091","17,8248","14,3423","16,0228"
5/24/2018,"14,7157","16,833","13,9385","15,6902"
5/23/2018,"14,4886","15,8825","14,3731","15,0616"
5/22/2018,"13,6182","13,8334","12,8296","12,9845"
5/21/2018,"13,9398","14,1544","13,0509","13,7761"
5/18/2018,"13,1218","14,9869","13,1164","13,9673"
5/17/2018,"13,3345","13,8448","12,9857","13,0848"
5/16/2018,"12,5654","14,0688","12,491","13,5725"
5/15/2018,"12,776","13,524","12,4429","12,6765"
5/14/2018,"12,6774","13,0527","12,5374","12,6448"
5/11/2018,"12,6476","12,8965","12,3545","12,4351"
5/10/2018,"13,3433","13,8057","12,7587","12,8229"
5/9/2018,"13,4766","13,4966","13,0858","13,3529"
5/8/2018,"13,4114","14,2841","13,374","13,7161"
5/7/2018,"13,8477","13,8477","13,3093","13,3159"
5/4/2018,"13,8603","14,2346","13,4166","13,4198"
5/3/2018,"13,743","14,8377","13,4748","14,4576"
5/2/2018,"13,8955","13,8974","13,452","13,5282"
4/30/2018,"13,5344","13,9655","13,4466","13,7154"
4/27/2018,"13,3773","13,7911","13,0011","13,1315"
4/26/2018,"14,5514","14,5765","13,5227","13,6785"
4/25/2018,"14,2705","15,521","13,7951","14,6576"
4/24/2018,"13,4346","14,1198","13,0475","13,4086"
4/23/2018,"14,2154","14,7417","13,328","13,328"
4/20/2018,"13,716","13,992","13,1073","13,756"
4/19/2018,"13,03","14,2582","12,8522","13,7415"
4/18/2018,"12,9775","13,5175","12,6782","13,0383"
4/17/2018,"13,9653","13,9832","13,2259","13,288"
4/16/2018,"15,3759","15,3759","14,4453","14,5036"
4/13/2018,"15,6654","15,6847","14,7314","15,2974"
4/12/2018,"16,9289","16,9539","15,6602","15,8108"
4/11/2018,"16,6898","17,6201","16,4121","16,9837"
4/10/2018,"16,8571","17,2304","16,2718","16,3164"
4/9/2018,"17,432","17,9317","17,2113","17,353"
4/6/2018,"17,6425","18,0256","16,5675","17,4368"
4/5/2018,"17,9375","18,0496","16,8742","16,9025"
4/4/2018,"18,9427","21,0554","18,8866","19,5763"
4/3/2018,"19,2751","20,1649","18,6166","18,8146"
3/29/2018,"18,8766","19,0816","17,1182","17,4364"
3/28/2018,"19,9561","21,5309","19,2984","19,6857"
3/27/2018,"19,1752","19,8944","18,5042","18,9761"
3/26/2018,"20,2071","22,9692","19,791","22,0543"
3/23/2018,"19,5668","22,5976","19,5199","21,0758"
3/22/2018,"15,4269","19,8217","14,53","18,551"
3/21/2018,"15,3788","15,6459","14,3177","14,8531"
3/20/2018,"15,9773","16,7245","15,2551","15,3836"
3/19/2018,"14,3037","16,7044","14,1952","16,4988"
3/16/2018,"15,3907","15,428","13,2358","13,389"
3/15/2018,"15,7511","16,6992","15,1869","15,2246"
3/14/2018,"16,2159","16,973","15,4647","16,9106"
3/13/2018,"15,2918","17,1099","14,8751","16,6195"
3/12/2018,"15,3599","15,9499","15,2156","15,4002"
3/9/2018,"16,4543","16,4988","15,3761","15,4054"
3/8/2018,"17,662","17,9167","16,5207","16,6065"
3/7/2018,"19,6286","19,6286","17,8156","18,1546"
3/6/2018,"18,0729","18,7078","17,5084","18,6852"
3/5/2018,"21,9401","22,087","18,8562","18,8922"
3/2/2018,"21,9291","24,4289","21,5498","23,386"
3/1/2018,"18,4","21,1152","18,0933","20,5673"
2/28/2018,"17,8105","18,5254","17,2667","18,0002"
2/27/2018,"16,9089","17,612","16,7327","17,5944"
2/26/2018,"17,7023","17,7095","16,7444","16,7709"
2/23/2018,"18,692","18,9391","18,0192","18,1752"
2/22/2018,"19,8665","20,5305","18,6441","18,6903"
2/21/2018,"19,1795","19,9804","18,6222","18,6489"
2/20/2018,"18,7335","19,7643","18,5111","18,6401"
2/19/2018,"18,1123","19,3377","17,8981","19,1283"
2/16/2018,"19,6613","19,9433","17,5807","17,7606"
2/15/2018,"19,5863","21,1071","18,5428","20,5158"
2/14/2018,"23,0197","26,2232","20,6062","20,7053"
2/13/2018,"27,8286","28,4321","25,6288","25,9501"
2/12/2018,"28,7171","29,6502","26,3729","28,1626"
2/9/2018,"30,1945","36,5638","29,0997","34,737"
2/8/2018,"21,4929","32,1831","21,0438","32,0402"
2/7/2018,"24,8412","25,9987","20,8058","21,3656"
2/6/2018,"25,0471","32,1679","22,4195","30,1771"
2/5/2018,"19,909","20,0247","18,0479","18,855"
2/2/2018,"16,4819","17,6241","16,2212","17,5594"
2/1/2018,"14,4141","16,7243","13,8941","16,1394"
1/31/2018,"14,5205","15,303","14,1663","15,1644"
1/30/2018,"13,7822","15,7875","13,6186","14,811"
1/29/2018,"13,3127","13,4833","12,9313","13,2927"
1/26/2018,"12,5495","12,5584","12,2401","12,4779"
1/25/2018,"12,7252","13,0651","12,1248","12,691"
1/24/2018,"12,0821","12,406","11,7612","12,3924"
1/23/2018,"12,1164","12,2152","11,8502","11,9508"
1/22/2018,"12,3936","12,3971","11,7765","11,9678"
1/19/2018,"12,134","12,3393","11,751","11,8533"
1/18/2018,"12,0568","12,2038","11,8085","11,9883"
1/17/2018,"11,2974","12,1349","11,1219","11,9473"
1/16/2018,"11,0381","11,4461","10,9647","11,3466"
1/15/2018,"11,2595","11,2605","10,7635","11,0727"
1/12/2018,"11,3537","11,4223","10,8061","10,9024"
1/11/2018,"11,6256","11,8109","11,2769","11,3595"
1/10/2018,"11,5181","12,018","11,2866","11,759"
1/9/2018,"11,4961","11,5728","11,2592","11,262"
1/8/2018,"11,5503","11,7303","11,3809","11,4954"
1/5/2018,"11,3184","11,4375","11,0468","11,1245"
1/4/2018,"12,0212","12,1034","11,156","11,4105"
1/3/2018,"13,1041","13,1238","12,042","12,1367"
1/2/2018,"14,3211","14,3978","13,2591","13,3676"
12/29/2017,"13,6369","13,813","13,4598","13,5114"
12/28/2017,"12,915","13,6852","12,7729","13,6229"
12/27/2017,"12,6658","13,0268","12,5278","12,7143"
12/22/2017,"11,5717","12,1074","11,3845","12,0057"
12/21/2017,"12,9704","13,3395","11,694","11,7371"
12/20/2017,"11,0311","12,6787","10,9804","12,5108"
12/19/2017,"10,6146","11,3279","10,3959","11,197"
12/18/2017,"11,6008","11,6016","10,5861","10,6783"
12/15/2017,"12,7095","12,904","11,7025","11,792"
12/14/2017,"12,1983","12,323","11,715","12,2635"
12/13/2017,"12,6494","12,7812","12,4456","12,7344"
12/12/2017,"12,7856","13,1253","12,4306","12,4734"
12/11/2017,"13,0244","13,3805","12,8888","12,9236"
12/8/2017,"13,1512","13,3533","12,7877","12,8484"
12/7/2017,"13,6561","14,0565","13,3962","13,4513"
12/6/2017,"14,2097","14,4075","13,7161","13,9107"
12/5/2017,"13,5884","14,1403","13,1154","13,1587"
12/4/2017,"14,3735","14,3822","13,5905","13,7242"
12/1/2017,"13,5089","16,0501","13,49","16,0124"
11/30/2017,"13,0425","13,4906","12,6231","13,4708"
11/29/2017,"12,8686","13,6834","12,4897","13,5436"
11/28/2017,"13,2535","13,656","12,7721","12,8773"
11/27/2017,"13,3657","13,7333","12,9863","13,5459"
11/24/2017,"12,4576","12,8582","12,225","12,8582"
11/23/2017,"13,2597","13,2597","12,4741","12,7296"
11/22/2017,"12,7319","12,9058","12,0715","12,8717"
11/21/2017,"13,7961","13,8606","12,7357","12,9355"
11/20/2017,"15,2121","15,2675","13,6381","13,7039"
11/17/2017,"14,6099","15,0757","13,9014","14,7428"
11/16/2017,"15,1153","15,3336","14,6824","15,0291"
11/15/2017,"15,9258","16,2917","15,3566","15,5778"
11/14/2017,"13,9089","15,4395","13,864","15,2348"
11/13/2017,"14,5101","15,6024","13,8319","14,3816"
11/10/2017,"13,6196","14,7235","13,5496","14,453"
11/9/2017,"12,4329","14,3947","12,2989","13,9158"
11/8/2017,"12,0618","12,7829","11,8657","12,4069"
11/7/2017,"11,6491","12,4836","11,5394","12,1337"
11/6/2017,"12,1762","12,4121","11,6934","11,6934"
11/3/2017,"12,0688","12,2081","11,5599","11,5635"
11/2/2017,"12,0525","12,7556","11,8492","12,0219"
11/1/2017,"12,0007","12,098","11,6389","11,7924"
10/31/2017,"12,6938","12,7012","11,7847","11,9864"
10/30/2017,"12,7293","12,9012","12,4159","12,8308"
10/27/2017,"12,8071","13,0403","12,293","12,4951"
10/26/2017,"14,4051","14,7118","12,7357","12,9159"
10/25/2017,"13,2058","14,7126","12,7391","14,5349"
10/24/2017,"12,7741","13,1671","12,3984","12,9424"
10/23/2017,"12,8089","13,0292","12,0137","12,5904"
10/20/2017,"11,9314","12,7883","11,8958","12,2167"
10/19/2017,"11,1984","13,1089","11,1694","12,4435"
10/18/2017,"11,5698","11,5872","10,6979","11,0514"
10/17/2017,"11,6737","11,9551","11,5278","11,6299"
10/16/2017,"12,3157","12,4837","11,7454","11,9037"
10/13/2017,"12,3573","12,3909","11,6559","11,8458"
10/12/2017,"12,7141","12,7482","12,3128","12,3247"
10/11/2017,"12,9288","13,3968","12,6388","12,6695"
10/10/2017,"12,866","13,6261","12,7047","13,3944"
10/9/2017,"12,6434","12,9647","12,484","12,6102"
10/6/2017,"12,2589","12,6731","12,1333","12,5055"
10/5/2017,"12,8844","12,8844","12,0649","12,087"
10/4/2017,"11,9426","13,0737","11,9216","12,7752"
10/3/2017,"11,9821","12,2063","11,8365","11,8365"
10/2/2017,"12,3398","12,5725","12,1322","12,1739"
9/29/2017,"12,1435","12,5798","12,0633","12,1208"
9/28/2017,"12,1563","12,4109","12,0637","12,1259"
9/27/2017,"12,2345","12,4414","11,9481","12,1282"
9/26/2017,"12,4869","12,5908","11,9985","12,5406"
9/25/2017,"12,2542","12,5932","11,8067","12,3663"
9/22/2017,"11,4951","11,851","11,3075","11,708"
9/21/2017,"11,5803","11,8795","11,0015","11,1906"
9/20/2017,"11,7471","12,05","11,175","11,7949"
9/19/2017,"12,2266","12,2462","11,6857","11,7216"
9/18/2017,"12,4211","12,4567","11,8601","11,943"
9/15/2017,"12,6015","12,7529","12,1232","12,1972"
9/14/2017,"12,4134","13,0798","12,1995","12,2739"
9/13/2017,"13,3655","13,5967","12,9553","13,0423"
9/12/2017,"13,6932","13,718","13,2262","13,4464"
9/11/2017,"14,572","14,5907","13,8154","13,96"
9/8/2017,"15,1564","15,7365","15,1315","15,199"
9/7/2017,"16,1714","16,1714","14,9526","15,1482"
9/6/2017,"17,0624","17,1455","16,02","16,3786"
9/5/2017,"15,8916","16,9648","15,5571","16,4848"
9/4/2017,"16,4125","16,4376","15,6243","16,2117"
9/1/2017,"15,3549","15,3687","14,4183","14,7167"
8/31/2017,"15,8968","16,1619","15,4895","15,6317"
8/30/2017,"16,6275","16,8067","15,9231","16,468"
8/29/2017,"18,2595","18,772","17,1301","17,3169"
8/28/2017,"16,5179","16,6968","15,5472","15,8508"
8/25/2017,"15,4239","15,8839","14,879","15,3262"
8/24/2017,"15,8235","15,8941","15,1715","15,6665"
8/23/2017,"16,0154","17,1521","15,6859","16,2275"
8/22/2017,"16,9082","17,3662","16,3715","16,412"
8/21/2017,"18,0196","18,8581","16,9864","18,5553"
8/18/2017,"18,1334","18,3882","16,8173","17,5746"
8/17/2017,"14,6611","16,0905","14,3273","15,3859"
8/16/2017,"14,4474","14,4549","13,757","14,2468"
8/15/2017,"14,9138","15,4403","14,6877","14,8801"
8/14/2017,"17,1979","17,2208","15,5957","15,6664"
8/11/2017,"20,2846","24,1504","19,16","19,3101"
8/10/2017,"14,9137","18,9941","14,818","18,9131"
8/9/2017,"13,8055","15,289","13,6082","15,0152"
8/8/2017,"13,1916","13,3729","12,5492","12,7883"
8/7/2017,"13,513","13,837","13,1704","13,1992"
8/4/2017,"13,9923","14,0368","13,0416","13,0654"
8/3/2017,"14,1056","14,4545","13,6337","13,7302"
8/2/2017,"13,3935","14,1126","13,2384","13,7531"
8/1/2017,"13,6331","13,9429","13,2249","13,4724"
7/31/2017,"13,8206","14,3624","13,4205","13,9033"
7/28/2017,"13,6649","14,6837","13,3948","13,7331"
7/27/2017,"12,7838","13,1181","12,5656","12,7697"
7/26/2017,"13,3778","13,5036","12,983","12,9971"
7/25/2017,"14,3169","14,4874","13,3177","13,6357"
7/24/2017,"15,9003","15,9003","14,8053","15,0827"
7/21/2017,"13,1511","15,8389","12,6208","15,3262"
7/20/2017,"12,9228","13,752","12,4827","13,0879"
7/19/2017,"13,4448","13,7631","12,8871","13,2685"
7/18/2017,"13,1075","13,9414","12,597","13,6841"
7/17/2017,"12,9341","13,515","12,6072","12,6334"
7/14/2017,"13,1308","13,2115","12,5457","12,6504"
7/13/2017,"13,7045","13,7581","13,1014","13,1228"
7/12/2017,"14,2773","14,3308","13,6748","13,7485"
7/11/2017,"14,4374","14,9052","14,2714","14,7732"
7/10/2017,"15,1779","15,3085","14,6245","14,783"
7/7/2017,"15,6075","15,8303","15,0982","15,1824"
7/6/2017,"14,8872","16,4657","14,615","15,4722"
7/5/2017,"14,8496","15,2647","14,3913","14,7011"
7/4/2017,"14,6751","14,8284","14,2489","14,3929"
7/3/2017,"16,5935","16,7463","14,4513","14,4888"
6/30/2017,"17,1416","17,5313","16,1315","17,2533"
6/29/2017,"14,4591","17,9568","14,3134","17,6032"
6/28/2017,"15,626","16,1923","14,5918","14,8525"
6/27/2017,"14,2389","14,8412","13,8354","14,7743"
6/26/2017,"13,9398","13,9838","13,1331","13,6567"
6/23/2017,"14,1532","14,7638","13,794","14,2214"
6/22/2017,"14,8024","15,0581","13,9142","14,0328"
6/21/2017,"15,9017","15,9429","13,5698","14,1788"
6/20/2017,"12,9046","14,1271","12,7368","14,0291"
6/19/2017,"13,3171","13,5731","12,7387","13,0325"
6/16/2017,"14,1468","14,5376","13,6724","13,7442"
6/15/2017,"14,2114","15,9289","14,1296","14,9445"
6/14/2017,"13,3007","14,1878","12,9557","13,9464"
6/13/2017,"14,1191","14,1889","13,4626","13,5587"
6/12/2017,"14,0171","14,8247","13,8893","14,5102"
6/9/2017,"13,4275","13,9851","13,2369","13,3926"
6/8/2017,"14,5147","14,6184","14,0084","14,0799"
6/7/2017,"14,7337","14,7557","14,0312","14,6073"
6/6/2017,"14,2695","14,6775","14,0399","14,3862"
6/5/2017,"13,77","14,0866","13,7368","13,9431"
6/2/2017,"13,3699","13,78","13,2594","13,3345"
6/1/2017,"14,3409","14,401","13,5631","13,6227"
5/31/2017,"14,3235","14,7411","13,8527","14,5538"
5/30/2017,"14,9148","15,0148","14,2504","14,4715"
5/29/2017,"14,4053","14,5568","14,1781","14,1781"
5/26/2017,"13,9859","14,9126","13,7644","13,8547"
5/25/2017,"13,7009","14,4706","13,6567","13,9599"
5/24/2017,"14,0517","14,0535","13,4496","13,8757"
5/23/2017,"14,5053","14,5053","13,8127","13,8428"
5/22/2017,"15,8338","16,1699","14,7399","14,8259"
5/19/2017,"16,676","16,6779","15,3702","15,4679"
5/18/2017,"15,9849","19,5651","15,9753","17,0825"
5/17/2017,"14,0954","16,7915","13,6078","16,1438"
5/16/2017,"14,1015","14,1106","13,5053","13,5401"
5/15/2017,"14,2274","14,7246","14,0999","14,2041"
5/12/2017,"14,0491","14,263","13,7415","13,8689"
5/11/2017,"14,1344","14,794","13,628","14,3491"
5/10/2017,"14,2112","14,3707","13,8746","14,0655"
5/9/2017,"14,0206","14,1839","13,5783","14,0868"
5/8/2017,"14,1906","14,5116","13,8372","14,393"
5/5/2017,"16,6101","17,3067","16,5181","17,0143"
5/4/2017,"16,8005","17,036","16,1007","16,4843"
5/3/2017,"17,4452","17,5351","17,0868","17,3982"
5/2/2017,"17,5218","17,6964","17,2329","17,2673"
4/28/2017,"16,0876","17,3705","16,078","17,0495"
4/27/2017,"15,7485","16,3992","15,7485","16,107"
4/26/2017,"15,2194","15,6281","14,9094","15,584"
4/25/2017,"15,8141","15,945","15,4183","15,4196"
4/24/2017,"17,8657","18,0652","16,156","16,2463"
4/21/2017,"25,5774","25,9498","24,6253","25,0928"
4/20/2017,"24,1962","24,9832","23,3807","24,8992"
4/19/2017,"25,6465","25,6465","24,1841","24,2021"
4/18/2017,"24,7191","26,3894","24,7004","25,5942"
4/13/2017,"23,4805","23,6084","22,6456","23,3883"
4/12/2017,"22,9399","23,0981","22,4067","22,7155"
4/11/2017,"22,8517","23,9309","22,6449","22,9518"
4/10/2017,"20,7242","22,1036","20,6503","22,0934"
4/7/2017,"19,4975","19,8573","19,3777","19,5373"
4/6/2017,"19,4081","19,5118","18,4838","18,8703"
4/5/2017,"18,0697","18,5205","17,8518","18,5205"
4/4/2017,"18,0902","18,3253","17,9353","18,005"
4/3/2017,"17,7036","18,0607","17,4619","17,9597"
3/31/2017,"16,48","16,8679","16,3229","16,5221"
3/30/2017,"16,1601","16,3847","16,0657","16,1041"
3/29/2017,"15,95","16,2585","15,8384","15,9304"
3/28/2017,"16,206","16,3358","15,7393","15,8635"
3/27/2017,"17,002","17,2278","16,3493","16,3493"
3/24/2017,"15,4387","15,5008","15,0675","15,1975"
3/23/2017,"14,9115","15,131","14,6848","15,0982"
3/22/2017,"15,1215","15,4846","14,1456","14,5148"
3/21/2017,"13,0251","13,9832","12,588","13,7745"
3/20/2017,"12,8676","13,108","12,6168","13,0797"
3/17/2017,"11,7252","11,7252","10,8099","11,1647"
3/16/2017,"11,9884","12,2777","11,4725","11,5181"
3/15/2017,"15,7636","15,8123","15,0976","15,5983"
3/14/2017,"15,6201","16,2899","15,6068","15,9737"
3/13/2017,"15,9915","16,0066","15,5407","15,5803"
3/10/2017,"15,3291","15,4909","15,0274","15,3441"
3/9/2017,"15,281","15,4349","14,9997","15,2123"
3/8/2017,"15,2514","15,2995","14,7084","14,9751"
3/7/2017,"15,7391","15,8023","15,1955","15,3718"
3/6/2017,"15,9431","16,1416","15,639","15,7683"
3/3/2017,"15,4413","15,5476","14,9388","15,2708"
3/2/2017,"15,6259","15,7069","15,1948","15,2754"
3/1/2017,"15,7036","15,7147","15,0579","15,3905"
2/28/2017,"16,2377","16,5506","16,1294","16,2849"
2/27/2017,"16,1703","16,48","16,017","16,0402"
2/24/2017,"15,2933","17,2831","15,2607","15,8552"
2/23/2017,"14,866","15,4624","14,4634","15,4578"
2/22/2017,"14,4942","15,4902","14,3257","14,8577"
2/21/2017,"15,109","15,3756","14,3725","14,5706"
2/20/2017,"14,8589","15,0004","14,774","14,8906"
2/17/2017,"15,3555","16,0163","14,7388","14,8315"
2/16/2017,"14,7185","15,4864","14,7158","15,3999"
2/15/2017,"14,4863","14,9229","14,3343","14,6829"
2/14/2017,"15,0432","15,117","14,6083","14,6469"
2/13/2017,"15,3297","15,3685","14,6882","14,8043"
2/10/2017,"15,0491","15,3031","14,7752","15,1125"
2/9/2017,"16,5189","16,5535","15,2289","15,2973"
2/8/2017,"16,6089","17,8009","16,5696","16,831"
2/7/2017,"16,5303","16,9383","16,1812","16,9147"
2/6/2017,"15,8575","16,6442","15,3357","16,4328"
2/3/2017,"15,8096","15,8336","15,07","15,1332"
2/2/2017,"16,5589","16,6092","16,0367","16,1939"
2/1/2017,"16,7586","16,9646","16,2182","16,6427"
1/31/2017,"17,3379","17,4405","16,421","17,3682"
1/30/2017,"16,8413","17,7636","16,8413","17,4653"
1/27/2017,"15,7385","16,2741","15,5225","15,847"
1/26/2017,"15,5978","15,7203","15,2463","15,6052"
1/25/2017,"16,0046","16,0046","15,5203","15,6958"
1/24/2017,"16,9309","17,0785","16,2831","16,3083"
1/23/2017,"15,9207","17,3258","15,3644","17,1108"
1/20/2017,"15,062","15,0782","14,4764","14,5963"
1/19/2017,"14,9639","15,2761","14,566","14,8475"
1/18/2017,"15,6255","15,7901","14,8458","14,8506"
1/17/2017,"15,9211","16,6214","15,648","15,6671"
1/16/2017,"15,7124","15,9079","15,3941","15,4655"
1/13/2017,"15,9596","15,961","14,8618","14,8618"
1/12/2017,"15,8362","16,5764","15,7651","16,2935"
1/11/2017,"15,5335","16,162","15,3121","15,7011"
1/10/2017,"15,5075","15,6184","14,9909","15,3547"
1/9/2017,"16,0243","16,3162","15,4742","15,5143"
1/6/2017,"16,2464","16,2692","15,3041","15,3421"
1/5/2017,"16,6291","16,6291","15,9542","15,9801"
1/4/2017,"17,3084","17,369","16,444","16,4641"
1/3/2017,"17,8221","17,9438","17,3519","17,3519"
1/2/2017,"19,0274","19,0274","17,8753","17,9578"
12/30/2016,"18,0151","18,2057","17,7383","18,123"
12/29/2016,"17,5307","17,8348","17,3341","17,771"
12/28/2016,"16,9436","17,3218","16,9099","17,0648"
12/27/2016,"16,4457","16,7983","16,4205","16,718"
12/23/2016,"14,8181","15,4369","14,7455","15,0936"
12/22/2016,"14,8178","15,0367","14,6297","14,8767"
12/21/2016,"15,1483","15,1649","14,389","14,7373"
12/20/2016,"15,0331","15,1889","14,7111","14,8754"
12/19/2016,"15,9261","15,9386","15,0925","15,1177"
12/16/2016,"15,901","15,9943","14,9456","15,098"
12/15/2016,"15,6337","15,8795","15,3316","15,8633"
12/14/2016,"17,2308","17,4239","17,0964","17,1147"
12/13/2016,"16,8232","16,941","16,5336","16,8704"
12/12/2016,"16,9761","17,0939","16,6391","16,9318"
12/9/2016,"16,7094","16,9633","16,3166","16,6203"
12/8/2016,"17,3269","17,7665","16,1593","16,1593"
12/7/2016,"17,6056","17,6385","16,9783","17,1436"
12/6/2016,"18,7677","18,7681","17,596","17,6341"
12/5/2016,"20,4269","20,4269","18,9498","18,9556"
12/2/2016,"23,1729","23,924","22,3736","22,6159"
12/1/2016,"21,925","22,7249","21,4104","22,6014"
11/30/2016,"21,6607","21,8807","20,8786","21,4372"
11/29/2016,"22,5935","22,6127","21,7874","21,7987"
11/28/2016,"21,7712","22,8286","21,6002","22,533"
11/25/2016,"20,035","20,8814","19,9978","20,4086"
11/24/2016,"19,929","20,4014","19,7634","20,0292"
11/23/2016,"20,3401","20,9001","19,9245","20,1928"
11/22/2016,"20,2806","20,3076","19,9426","20,2468"
11/21/2016,"20,9541","21,0126","20,0367","20,5539"
11/18/2016,"19,9658","20,7562","19,6804","20,3697"
11/17/2016,"21,2112","21,2945","19,9374","19,9481"
11/16/2016,"20,3511","22,0373","20,0212","21,1147"
11/15/2016,"21,7174","22,0379","20,6152","20,6381"
11/14/2016,"21,3473","22,6126","21,0511","22,1941"
11/11/2016,"20,8667","22,5678","20,7708","21,9585"
11/10/2016,"19,8397","21,7162","19,4072","21,0959"
11/9/2016,"22,6253","24,1278","21,038","21,1011"
11/8/2016,"24,0877","25,7582","23,7849","24,9341"
11/7/2016,"24,173","24,9117","23,0361","24,6196"
11/4/2016,"25,4608","26,029","25,1531","25,2078"
11/3/2016,"23,4702","24,791","23,1791","24,6804"
11/2/2016,"24,5365","24,6289","23,2104","23,6546"
11/1/2016,"21,2496","23,4831","20,9811","23,4631"
10/31/2016,"20,7167","21,7862","20,7167","21,4449"
10/28/2016,"20,0483","20,1614","19,0408","19,2694"
10/27/2016,"19,1025","19,3095","18,2638","18,7315"
10/26/2016,"18,247","19,2161","18,216","18,674"
10/25/2016,"17,7506","18,3312","17,3324","18,2257"
10/24/2016,"17,1297","17,7194","17,0628","17,7055"
10/21/2016,"17,0765","17,3847","16,5787","16,599"
10/20/2016,"18,1336","18,2277","17,129","17,2172"
10/19/2016,"19,1094","19,1669","17,7584","18,0718"
10/18/2016,"19,8457","19,8653","19,0424","19,069"
10/17/2016,"20,7282","20,9353","19,9748","20,6231"
10/14/2016,"20,2728","20,2728","19,055","19,4618"
10/13/2016,"21,5376","21,7459","20,8305","20,9273"
10/12/2016,"19,7651","20,3433","19,5092","20,1318"
10/11/2016,"19,4564","19,8821","18,6662","19,8788"
10/10/2016,"20,6896","20,9996","19,2298","19,2601"
10/7/2016,"20,0489","20,5995","19,4699","20,0387"
10/6/2016,"19,1921","19,928","19,0633","19,1722"
10/5/2016,"20,2848","20,39","19,151","19,4441"
10/4/2016,"19,9105","19,9658","19,0226","19,2097"
10/3/2016,"20,5765","20,9604","19,8061","20,3951"
9/30/2016,"23,5832","23,6949","19,6352","19,7693"
9/29/2016,"18,7191","20,1983","18,3849","19,9598"
9/28/2016,"19,5036","20,0318","19,1225","19,6948"
9/27/2016,"19,5396","21,6019","19,4393","20,6567"
9/26/2016,"19,1445","20,314","19,1445","20,2181"
9/23/2016,"17,2397","17,5161","16,8081","16,8292"
9/22/2016,"18,2518","18,3465","17,0458","17,2703"
9/21/2016,"19,5574","20,2016","18,9216","20,0923"
9/20/2016,"20,3617","20,7387","19,8941","20,6992"
9/19/2016,"20,9591","21,0769","20,2248","20,3183"
9/16/2016,"20,7261","22,0034","20,4603","21,3052"
9/15/2016,"21,666","22,0882","20,5158","20,5507"
9/14/2016,"22,5799","23,1236","21,8889","22,2142"
9/13/2016,"21,1142","22,8068","21,1142","22,7814"
9/12/2016,"22,1066","23,3025","21,8646","21,8999"
9/9/2016,"17,9597","19,4095","17,3121","19,2991"
9/8/2016,"18,7018","18,968","17,7333","17,8149"
9/7/2016,"19,0266","19,4408","18,5144","18,5743"
9/6/2016,"18,3832","19,1219","18,0139","19,0847"
9/5/2016,"18,8305","18,8797","18,3762","18,411"
9/2/2016,"19,7086","20,1143","18,249","18,2963"
9/1/2016,"19,3296","20,4885","19,0657","20,0636"
8/31/2016,"19,5856","19,8005","19,0113","19,4166"
8/30/2016,"20,0198","20,049","19,3162","19,3723"
8/29/2016,"20,2528","21,2584","20,1358","20,1851"
8/26/2016,"20,5265","20,9699","19,356","19,4893"
8/25/2016,"20,6605","21,1855","20,2334","20,4096"
8/24/2016,"20,8285","20,8492","19,7125","19,8311"
8/23/2016,"20,9357","21,0818","19,9014","20,2231"
8/22/2016,"21,9328","22,1841","20,7993","21,6649"
8/19/2016,"20,7623","21,6094","20,5549","21,1313"
8/18/2016,"20,781","20,9485","20,0492","20,3198"
8/17/2016,"20,3922","21,6421","19,8972","21,1903"
8/16/2016,"19,5992","20,3524","18,9354","20,0679"
8/15/2016,"18,5748","19,1185","18,1838","18,8343"
8/12/2016,"18,2936","18,6756","17,8981","17,8981"
8/11/2016,"19,0478","19,4651","18,3588","18,3588"
8/10/2016,"18,2977","19,3259","17,8889","19,1902"
8/9/2016,"18,8475","18,9373","17,9738","18,2898"
8/8/2016,"19,4753","19,4851","18,751","18,9378"
8/5/2016,"20,5562","20,7251","19,2193","19,3019"
8/4/2016,"22,1655","22,3747","21,2792","21,4128"
8/3/2016,"22,9374","24,1971","22,7173","22,9514"
8/2/2016,"21,1023","23,4278","21,0856","23,1234"
8/1/2016,"20,1823","21,1557","19,8039","20,3298"
7/29/2016,"20,9581","21,0015","20,1148","20,2451"
7/28/2016,"20,6586","21,1335","20,2583","20,9929"
7/27/2016,"19,824","20,7724","19,3356","20,5334"
7/26/2016,"20,0433","20,7856","19,9064","20,1355"
7/25/2016,"19,7884","20,1292","19,3386","19,918"
7/22/2016,"19,9066","20,0475","18,6379","19,1159"
7/21/2016,"20,8092","21,2981","19,3593","19,4501"
7/20/2016,"20,965","20,9912","20,0556","20,345"
7/19/2016,"21,2763","22,315","20,9495","21,0119"
7/18/2016,"21,1021","22,0001","20,6891","20,8355"
7/15/2016,"22,1908","22,3444","20,92","20,92"
7/14/2016,"22,0725","22,6956","21,3318","21,8141"
7/13/2016,"22,4553","23,1813","22,1756","23,0918"
7/12/2016,"23,1993","23,2375","21,446","22,3198"
7/11/2016,"24,7847","24,9555","23,2323","23,5704"
7/8/2016,"26,4151","26,4185","24,4959","24,6151"
7/7/2016,"26,7608","27,1989","26,0547","26,545"
7/6/2016,"26,9871","29,1885","26,5185","28,2579"
7/5/2016,"26,1743","27,418","25,862","26,7055"
7/4/2016,"25,5625","25,7753","24,8417","24,9798"
7/1/2016,"25,8616","26,9085","24,6398","25,0196"
6/30/2016,"28,9529","29,1638","25,8572","26,0765"
6/29/2016,"28,9521","29,2355","27,4371","28,553"
6/28/2016,"32,098","32,1147","29,4959","31,0147"
6/27/2016,"35,1193","36,0583","33,6142","34,9988"
6/24/2016,"40,6054","42,2671","31,6417","35,4279"
6/23/2016,"36,1939","36,8559","29,8106","32,0555"
6/22/2016,"34,6118","37,1447","34,6118","36,0375"
6/21/2016,"34,4122","34,8224","33,0953","34,4684"
6/20/2016,"34,8312","35,39","33,1772","34,2207"
6/17/2016,"37,6906","38,5095","36,6283","38,0273"
6/16/2016,"38,6055","42,2566","38,2546","39,8975"
6/15/2016,"36,7395","38,33","36,4328","37,6871"
6/14/2016,"37,0815","38,3929","35,6928","38,3353"
6/13/2016,"34,4714","34,9225","33,3252","34,3644"
6/10/2016,"27,206","30,319","27,206","30,2251"
6/9/2016,"24,9156","26,0257","24,9156","25,8413"
6/8/2016,"24,241","24,5385","23,5132","24,3166"
6/7/2016,"23,4443","23,6564","23,0041","23,3496"
6/6/2016,"24,5272","24,6893","23,9205","24,0527"
6/3/2016,"22,9128","24,5112","22,2052","23,5541"
6/2/2016,"23,7372","24,0356","23,0285","23,1068"
6/1/2016,"22,72","24,1885","22,617","23,9317"
5/31/2016,"21,35","22,3964","21,1951","22,1149"
5/30/2016,"21,4047","21,4106","20,9411","20,9441"
5/27/2016,"20,9525","21,0567","20,1685","20,4629"
5/26/2016,"20,9947","21,1328","20,407","20,819"
5/25/2016,"21,429","21,4655","20,941","21,0604"
5/24/2016,"23,9453","23,9913","21,6949","21,7857"
5/23/2016,"24,3225","24,5365","23,0316","23,2929"
5/20/2016,"23,5569","24,1004","22,5339","22,6043"
5/19/2016,"23,9688","24,4915","23,3308","24,3817"
5/18/2016,"25,1086","25,2186","23,237","23,2967"
5/17/2016,"23,3249","24,7557","23,1521","24,474"
5/16/2016,"25,1644","25,222","23,9544","24,2125"
5/13/2016,"25,0836","25,2893","23,4227","23,5957"
5/12/2016,"24,4818","25,0387","23,217","24,4471"
5/11/2016,"23,8995","24,6143","23,7481","23,8595"
5/10/2016,"24,1386","24,8549","23,7225","23,891"
5/9/2016,"25,6943","25,8956","24,2646","24,956"
5/6/2016,"26,1742","26,2086","24,536","25,1235"
5/5/2016,"26,0857","26,1651","25,2598","25,9343"
5/4/2016,"26,3313","27,2419","25,9893","27,0373"
5/3/2016,"25,6899","26,938","25,6899","26,4095"
5/2/2016,"24,5894","25,2694","24,3442","25,1167"
4/29/2016,"21,7881","24,4453","21,7881","24,033"
4/28/2016,"21,5315","22,6048","20,7496","20,8538"
4/27/2016,"21,255","21,7814","20,9991","21,2843"
4/26/2016,"21,4545","21,7072","20,9499","21,2816"
4/25/2016,"21,5908","22,5013","21,5899","21,8388"
4/22/2016,"20,6874","21,2091","20,4216","20,6022"
4/21/2016,"20,1673","21,4165","20,1564","20,3114"
4/20/2016,"20,8225","20,9007","19,7649","19,8831"
4/19/2016,"20,8393","20,9023","20,0421","20,3617"
4/18/2016,"22,5453","22,8464","21,1147","21,2846"
4/15/2016,"20,8322","21,1831","20,0954","20,5487"
4/14/2016,"21,1408","21,6969","20,4725","20,6302"
4/13/2016,"23,2508","23,2508","22,3111","22,3118"
4/12/2016,"24,8126","25,7656","23,9909","24,0775"
4/11/2016,"26,2273","26,2558","24,3663","24,8863"
4/8/2016,"25,1402","25,3037","24,3219","24,8054"
4/7/2016,"24,6177","26,3037","24,0564","26,1571"
4/6/2016,"26,3449","26,476","25,0994","25,1686"
4/5/2016,"26,3185","26,9302","26,0258","26,623"
4/4/2016,"26,1726","26,1911","24,4547","24,509"
4/1/2016,"25,2245","26,249","24,4997","25,1088"
3/31/2016,"23,2121","23,8556","23,194","23,4487"
3/30/2016,"23,6066","23,6759","22,4538","22,6443"
3/29/2016,"24,6467","25,944","24,3308","24,9043"
3/24/2016,"23,4245","24,9672","23,127","24,6287"
3/23/2016,"21,3528","22,7894","21,0304","22,0971"
3/22/2016,"22,7478","24,2392","22,0345","22,0365"
3/21/2016,"21,35","22,351","20,3207","21,8265"
3/18/2016,"23,114","23,3158","20,3792","20,6567"
3/17/2016,"21,8464","24,8676","21,5286","22,7536"
3/16/2016,"22,7648","24,0142","22,5016","23,0994"
3/15/2016,"23,5149","23,7799","22,7785","23,2425"
3/14/2016,"23,6676","23,7792","22,8476","22,9607"
3/11/2016,"25,7805","26,0744","23,9894","24,1107"
3/10/2016,"28,4318","28,9158","24,0483","28,1781"
3/9/2016,"27,4174","28,6489","27,1188","28,0607"
3/8/2016,"27,5947","28,7213","26,9489","27,8475"
3/7/2016,"25,4613","26,6923","25,1875","26,2052"
3/4/2016,"26,1052","26,1478","24,2054","24,5116"
3/3/2016,"26,7635","27,0988","26,0636","26,5186"
3/2/2016,"27,8868","28,1404","27,1243","27,1243"
3/1/2016,"29,4275","29,5174","28,4961","28,5424"
2/29/2016,"30,9219","31,6756","29,4411","29,7298"
2/26/2016,"29,6154","29,8042","28,6579","29,2756"
2/25/2016,"32,0736","32,4779","30,8006","31,0305"
2/24/2016,"31,0008","33,5481","30,7864","33,1178"
2/23/2016,"30,6185","30,7991","29,7338","30,5366"
2/22/2016,"30,2754","30,4406","29,8375","29,9498"
2/19/2016,"30,5831","31,6682","29,9191","31,2656"
2/18/2016,"30,0724","31,2337","29,5719","30,9172"
2/17/2016,"32,9177","32,9177","30,4102","30,4983"
2/16/2016,"33,6063","34,0711","32,7158","33,5213"
2/15/2016,"34,9191","34,9191","33,21","33,9154"
2/12/2016,"37,0729","37,517","35,6611","35,6846"
2/11/2016,"35,1793","40,4767","35,0176","38,3051"
2/10/2016,"33,6071","33,9442","31,9","33,4528"
2/9/2016,"33,3767","36,4464","33,2012","33,9664"
2/8/2016,"30,9067","33,9807","30,1811","33,3917"
2/5/2016,"29,0949","30,354","28,6288","30,0529"
2/4/2016,"30,0213","31,2675","28,8726","29,6423"
2/3/2016,"29,6799","31,8673","29,2212","30,7369"
2/2/2016,"27,6567","29,7913","27,3981","29,1542"
2/1/2016,"28,1095","28,4293","27,1817","27,3303"
1/29/2016,"28,5616","28,9769","27,1204","27,389"
1/28/2016,"27,1847","30,5181","26,8523","29,8315"
1/27/2016,"28,7485","29,2193","27,7162","27,7832"
1/26/2016,"30,1372","30,7155","27,7186","28,1187"
1/25/2016,"29,1275","29,6084","28,07","28,4443"
1/22/2016,"30,248","30,8916","27,7896","28,3356"
1/21/2016,"33,8527","34,7448","31,3989","31,7894"
1/20/2016,"34,3855","36,2683","33,5154","35,1133"
1/19/2016,"31,6533","32,6611","30,4878","30,7571"
1/18/2016,"33,5756","36,3683","32,5643","34,325"
1/15/2016,"31,0487","35,3782","30,7254","34,5856"
1/14/2016,"29,943","32,6666","29,7809","29,939"
1/13/2016,"27,0736","28,7604","26,7061","28,1348"
1/12/2016,"29,9542","30,0237","27,7986","28,5388"
1/11/2016,"30,9698","31,3446","29,5665","30,2182"
1/8/2016,"29,5689","30,4005","27,6157","30,4005"
1/7/2016,"28,3012","30,9975","28,3012","29,7899"
1/6/2016,"26,2771","28,1628","26,2233","26,309"
1/5/2016,"26,0958","27,7713","25,8291","26,2087"
1/4/2016,"27,5073","27,7077","26,286","26,998"
12/30/2015,"21,7319","22,2076","21,5233","22,7102"
12/29/2015,"21,8576","21,9223","21,3236","21,6067"
12/28/2015,"21,7414","22,8706","21,7414","22,4544"
12/23/2015,"21,1206","21,1206","20,2275","20,2504"
12/22/2015,"23,4821","24,6251","22,2336","22,5361"
12/21/2015,"24,5244","24,5621","22,5209","23,8836"
12/18/2015,"23,488","24,646","22,6591","23,8989"
12/17/2015,"21,9994","22,8436","20,9331","22,5761"
12/16/2015,"27,4882","27,6082","25,1391","25,4362"
12/15/2015,"28,3917","28,4413","26,741","27,4591"
12/14/2015,"26,9317","30,809","26,1743","30,411"
12/11/2015,"24,868","27,5965","24,4779","26,5766"
12/10/2015,"24,9821","25,2787","24,255","24,5343"
12/9/2015,"23,3824","24,7638","23,0662","24,2947"
12/8/2015,"22,1406","24,3346","21,8058","23,5733"
12/7/2015,"22,5148","22,5414","21,08","22,0447"
12/4/2015,"22,556","24,2514","22,3352","22,6816"
12/3/2015,"22,7667","24,2234","21,6846","22,6526"
12/2/2015,"23,5155","23,6906","22,5231","22,8176"
12/1/2015,"23,5164","24,3872","23,0487","23,6051"
11/30/2015,"23,9133","24,2573","23,4481","23,6503"
11/27/2015,"23,5035","23,5035","22,8265","23,0669"
11/26/2015,"23,3257","23,5164","22,7874","22,8903"
11/25/2015,"24,601","24,6234","23,3552","23,9372"
11/24/2015,"23,8566","25,6054","23,6908","24,8133"
11/23/2015,"23,2172","23,7839","22,8271","22,9841"
11/20/2015,"23,5635","23,9089","22,3117","22,6528"
11/19/2015,"23,6591","24,2687","23,4423","23,4423"
11/18/2015,"24,4502","25,7981","24,2916","24,748"
11/17/2015,"24,3945","24,5861","23,4838","23,6199"
11/16/2015,"26,5031","26,6433","25,5256","25,8488"
11/13/2015,"24,1609","26,0065","23,7201","24,9526"
11/12/2015,"22,4409","23,9688","21,4845","23,4483"
11/11/2015,"21,7049","22,2727","21,1315","21,839"
11/10/2015,"21,8973","22,985","21,427","22,3923"
11/9/2015,"21,1857","22,0118","20,4847","21,984"
11/6/2015,"21,3579","21,5954","20,3976","20,4363"
11/5/2015,"20,9826","21,6096","20,5611","20,9361"
11/4/2015,"20,2121","20,987","19,7865","20,7464"
11/3/2015,"20,724","20,785","19,9834","20,0632"
11/2/2015,"21,1924","21,2334","20,5195","20,7672"
10/30/2015,"20,5084","21,0373","20,1567","20,3569"
10/29/2015,"20,3531","21,6408","20,3438","21,0418"
10/28/2015,"20,7834","20,9468","20,2848","20,7149"
10/27/2015,"21,3427","21,3477","20,4536","20,6863"
10/26/2015,"20,5488","21,1325","20,3113","20,6403"
10/23/2015,"19,4239","20,3467","19,1116","19,8009"
10/22/2015,"22,2044","22,2345","19,7962","19,9722"
10/21/2015,"22,0829","22,577","20,936","21,8297"
10/20/2015,"22,2435","22,8354","21,4613","21,7156"
10/19/2015,"22,6474","23,4279","22,1615","22,4522"
10/16/2015,"23,3153","23,4459","22,472","22,7408"
10/15/2015,"24,3031","24,488","23,4891","24,1188"
10/14/2015,"25,18","25,3829","23,8539","25,158"
10/13/2015,"23,8152","25,0664","23,5854","24,0398"
10/12/2015,"24,0754","24,1397","23,1791","23,1872"
10/9/2015,"23,9552","24,2219","23,3634","23,4173"
10/8/2015,"25,9755","26,9192","24,4679","24,5243"
10/7/2015,"25,8191","26,5181","24,6811","26,3912"
10/6/2015,"28,4253","29,0612","26,0576","26,257"
10/5/2015,"30,13","30,316","28,241","28,6187"
10/2/2015,"30,45","32,497","29,358","30,9395"
10/1/2015,"30,5215","32,6288","29,8822","31,7174"
9/30/2015,"31,8655","32,0798","30,6512","32,0459"
9/29/2015,"34,8868","34,8868","32,8145","33,7366"
9/28/2015,"31,822","34,0373","31,509","33,0825"
9/25/2015,"30,7937","31,4554","30,2958","30,5182"
9/24/2015,"30,5434","34,4613","30,2475","33,4567"
9/23/2015,"32,1843","32,4785","29,7231","31,0561"
9/22/2015,"27,1609","32,1896","27,0875","32,1618"
9/21/2015,"28,0198","28,7772","26,9846","27,0169"
9/18/2015,"26,7459","30,335","26,2455","28,4011"
9/17/2015,"27,9965","28,9089","27,0285","27,0649"
9/16/2015,"28,5793","28,6938","27,4182","27,9163"
9/15/2015,"31,1986","32,0859","29,5976","29,9496"
9/14/2015,"31,4826","32,215","30,4649","31,355"
9/11/2015,"31,5476","32,6238","31,1679","31,6478"
9/10/2015,"32,0818","33,5494","30,466","32,0034"
9/9/2015,"29,8636","30,5967","28,2395","30,4496"
9/8/2015,"33,3193","33,3631","31,2145","32,2298"
9/7/2015,"33,5386","35,6686","33,2142","35,1536"
9/4/2015,"31,435","35,9477","31,435","34,8152"
9/3/2015,"31,5667","31,7004","28,9492","29,8773"
9/2/2015,"32,6761","34,814","32,1075","33,7021"
9/1/2015,"32,9163","35,6343","32,9163","34,264"
8/31/2015,"31,2873","32,8067","30,8809","31,0718"
8/28/2015,"29,3727","31,6211","29,3571","31,0337"
8/27/2015,"31,7536","31,8773","29,6242","30,5602"
8/26/2015,"36,9643","37,1061","33,5577","35,2896"
8/25/2015,"36,1943","36,2106","32,4316","33,6485"
8/24/2015,"34,5152","45,7044","33,9242","40,803"
8/21/2015,"26,9874","30,2518","25,947","30,2101"
8/20/2015,"24,2325","25,6062","23,6109","25,4949"
8/19/2015,"23,134","23,7339","22,6165","23,7117"
8/18/2015,"22,6666","22,9156","22,0349","22,5001"
8/17/2015,"22,4583","24,4135","22,0416","22,3811"
8/14/2015,"22,7976","23,4582","21,7665","22,8364"
8/13/2015,"22,3779","23,7285","21,6237","23,2434"
8/12/2015,"22,9985","25,395","22,3373","24,4678"
8/11/2015,"18,6039","20,4022","18,5458","20,4012"
8/10/2015,"18,8883","19,5318","18,2437","18,3067"
8/7/2015,"18,5597","18,793","17,8914","18,7066"
8/6/2015,"18,0089","18,2665","17,4655","18,2603"
8/5/2015,"17,7342","17,7501","17,1367","17,5482"
8/4/2015,"18,8808","19,141","18,2184","18,2536"
8/3/2015,"19,8312","19,8967","18,4501","18,5935"
7/31/2015,"19,8953","20,0645","19,2607","19,2878"
7/30/2015,"19,5716","20,8022","19,0817","20,2348"
7/29/2015,"20,1338","20,7968","19,7653","20,0336"
7/28/2015,"21,2092","21,8506","20,2531","20,8092"
7/27/2015,"20,4051","22,1703","20,1768","21,9151"
7/24/2015,"17,5911","19,1244","16,9654","19,0408"
7/23/2015,"17,8218","17,9809","17,2165","17,4317"
7/22/2015,"18,5139","18,525","17,5188","18,16"
7/21/2015,"17,9441","18,4843","17,0257","17,9144"
7/20/2015,"19,9841","19,994","17,6036","18,1165"
7/17/2015,"18,9569","19,4919","17,6532","18,9656"
7/16/2015,"19,6296","19,6296","18,2805","19,018"
7/15/2015,"21,8915","22,463","21,0267","21,0969"
7/14/2015,"23,6228","23,6588","21,4437","21,5485"
7/13/2015,"25,8319","25,8594","23,1503","23,2482"
7/10/2015,"28,702","29,1409","27,2825","27,8763"
7/9/2015,"31,4816","31,6041","30,2122","30,7656"
7/8/2015,"30,8922","32,6017","30,7042","31,6348"
7/7/2015,"29,4005","31,1246","28,9984","30,9878"
7/6/2015,"30,936","31,0871","29,3054","29,9819"
7/3/2015,"32,1248","33,8563","31,9889","32,285"
7/2/2015,"30,1986","31,7476","29,6493","31,6721"
7/1/2015,"31,6757","31,6933","29,2304","30,285"
6/30/2015,"31,4011","32,5025","30,9084","32,3071"
6/29/2015,"31,2531","31,3949","28,8882","30,6468"
6/26/2015,"27,0223","27,4218","25,1409","26,7172"
6/25/2015,"26,0484","26,4498","24,1358","25,6433"
6/24/2015,"22,9851","26,1656","22,934","24,9348"
6/23/2015,"22,363","23,6416","21,7618","23,5179"
6/22/2015,"26,9781","27,6611","23,5027","23,5436"
6/19/2015,"28,2919","29,4325","28,1094","28,6184"
6/18/2015,"28,1805","29,99","28,0923","28,4283"
6/17/2015,"28,414","28,9561","27,4483","28,2724"
6/16/2015,"28,7295","29,5678","28,3815","28,7447"
6/15/2015,"26,9303","28,2121","26,4237","27,8467"
6/12/2015,"23,7422","26,746","23,731","25,2594"
6/11/2015,"23,4224","24,0363","22,4867","23,6341"
6/10/2015,"25,2009","25,2106","23,2825","23,8291"
6/9/2015,"25,581","26,8529","24,7405","24,9865"
6/8/2015,"25,7946","26,4353","25,0137","25,604"
6/5/2015,"25,1884","25,6744","24,7221","25,2745"
6/4/2015,"24,5251","25,667","23,6028","24,4495"
6/3/2015,"24,4283","25,0007","23,5518","24,0513"
6/2/2015,"24,3552","25,5187","24,1965","24,5107"
6/1/2015,"23,7395","24,876","23,5624","24,5648"
5/29/2015,"22,2881","23,7693","22,1389","23,5386"
5/28/2015,"21,3561","22,5174","21,0377","22,0181"
5/27/2015,"22,444","22,7238","20,7551","20,8183"
5/26/2015,"20,9052","23,0118","20,8968","22,5012"
5/22/2015,"19,3825","19,7255","19,0471","19,6309"
5/21/2015,"19,6299","20,4689","19,469","19,5296"
5/20/2015,"20,1929","20,5618","19,423","19,5695"
5/19/2015,"19,753","20,6101","19,5072","20,0541"
5/18/2015,"22,3324","22,7484","20,9559","21,0066"
5/15/2015,"21,5766","22,244","20,5532","21,5088"
5/14/2015,"23,594","23,6707","21,3191","21,7425"
5/13/2015,"22,7469","23,08","21,8636","23,0546"
5/12/2015,"22,9824","24,1379","22,8476","23,2326"
5/11/2015,"21,9421","22,606","21,8358","21,8358"
5/8/2015,"22,9646","23,3146","20,8694","21,1296"
5/7/2015,"25,5821","25,9928","23,6165","23,7527"
5/6/2015,"24,974","25,5625","24,0624","24,7232"
5/5/2015,"23,82","25,3928","22,7333","25,2236"
5/4/2015,"24,9184","25,3327","23,3753","23,4264"
4/30/2015,"24,5597","25,0057","23,272","24,2128"
4/29/2015,"21,8595","25,1439","21,6902","24,0466"
4/28/2015,"21,3752","22,7595","21,0249","22,1195"
4/27/2015,"22,6285","23,8886","20,7541","20,8863"
4/24/2015,"22,1941","23,1364","21,4268","21,92"
4/23/2015,"22,3299","23,8421","22,1895","22,5723"
4/22/2015,"21,683","23,6521","21,4992","22,3273"
4/21/2015,"21,2592","22,8807","21,168","22,3991"
4/20/2015,"23,642","23,9074","22,0051","22,3"
4/17/2015,"20,349","25,0751","20,2913","25,0553"
4/16/2015,"19,0319","20,3489","18,49","20,1086"
4/15/2015,"18,6596","18,6596","17,8209","18,2074"
4/14/2015,"18,3759","19,4511","18,1038","18,8576"
4/13/2015,"18,2008","18,4762","17,5675","17,8638"
4/10/2015,"18,0594","18,4373","17,4215","17,5116"
4/9/2015,"18,9676","18,9787","18,2721","18,3136"
4/8/2015,"19,9917","20,1154","19,4026","19,4281"
4/7/2015,"21,0643","21,0643","19,6829","20,0561"
4/2/2015,"21,1952","21,1952","20,463","20,7203"
4/1/2015,"21,6902","21,6902","20,2138","20,9691"
3/31/2015,"19,6823","21,5272","19,5243","21,1004"
3/30/2015,"19,9536","19,9555","19,3211","19,7608"
3/27/2015,"19,1774","20,6018","18,9189","20,4715"
3/26/2015,"20,8232","21,6637","19,6097","19,6535"
3/25/2015,"17,7509","19,5354","17,7467","19,158"
3/24/2015,"19,5532","19,5532","17,422","17,6675"
3/23/2015,"19,0672","20,2841","18,8965","19,8323"
3/20/2015,"18,841","18,9203","17,3887","17,4772"
3/19/2015,"18,5683","20,1279","18,3512","18,9138"
3/18/2015,"20,5868","20,7098","19,3853","19,6938"
3/17/2015,"19,4267","21,1132","19,2471","20,2476"
3/16/2015,"18,9794","19,6696","18,6467","19,3889"
3/13/2015,"18,7541","19,2452","18,607","18,8262"
3/12/2015,"19,6527","19,9732","18,9166","18,967"
3/11/2015,"19,698","20,0778","19,0401","19,4698"
3/10/2015,"18,9095","21,0526","18,8894","20,4652"
3/9/2015,"19,9094","20,001","18,7513","18,8112"
3/6/2015,"18,0296","18,6288","17,329","18,4149"
3/5/2015,"18,3636","18,9459","17,7909","18,1841"
3/4/2015,"18,9715","20,7334","18,697","18,9188"
3/3/2015,"17,718","19,9822","17,2861","19,5843"
3/2/2015,"17,5925","18,4352","17,2088","17,7992"
2/27/2015,"17,2587","18,2623","17,2188","17,7528"
2/26/2015,"17,8076","17,8263","17,2013","17,3519"
2/25/2015,"18,4055","18,4055","17,7749","17,8235"
2/24/2015,"19,8193","20,2757","18,2764","18,398"
2/23/2015,"21,8559","22,2494","20,2888","20,625"
2/20/2015,"23,6896","26,5008","23,3822","24,2039"
2/19/2015,"23,3536","24,8875","22,8865","23,2086"
2/18/2015,"23,7025","23,8569","22,9114","23,3392"
2/17/2015,"25,4701","26,8967","24,3767","24,9047"
2/16/2015,"25,2862","25,816","24,5487","25,2507"
2/13/2015,"23,4446","24,412","22,2355","24,1849"
2/12/2015,"25,2988","25,3558","22,8511","24,3635"
2/11/2015,"25,1463","26,5096","25,1463","25,721"
2/10/2015,"25,1619","25,8544","23,5544","25,1067"
2/9/2015,"24,0839","26,321","24,0839","25,3712"
2/6/2015,"22,5926","22,6057","20,893","21,8332"
2/5/2015,"23,434","23,6857","22,2512","22,2611"
2/4/2015,"22,883","23,3525","22,2127","22,2736"
2/3/2015,"23,4301","23,5262","22,5896","22,7637"
2/2/2015,"25,1166","25,7915","24,3071","24,3214"
1/30/2015,"22,3371","24,918","22,2636","24,731"
1/29/2015,"22,4414","23,7712","21,99","23,3237"
1/28/2015,"22,2114","23,2293","21,4188","21,8259"
1/27/2015,"21,6864","23,117","21,164","22,4298"
1/26/2015,"22,9667","23,2236","21,0864","21,3426"
1/23/2015,"22,0636","24,1284","21,7293","23,1125"
1/22/2015,"25,4699","26,4362","22,7053","22,9441"
1/21/2015,"27,1286","28,21","25,9029","26,0176"
1/20/2015,"27,5493","27,5965","25,8215","27,0724"
1/19/2015,"29,9697","30,1417","27,7469","28,32"
1/16/2015,"29,1131","31,2728","28,8659","29,3287"
1/15/2015,"29,1611","32,2348","28,7994","29,026"
1/14/2015,"29,7401","30,2241","28,4112","29,4845"
1/13/2015,"29,598","30,0917","28,4005","28,5404"
1/12/2015,"28,3614","31,9103","28,3305","29,7249"
1/9/2015,"26,3633","29,1268","25,6714","28,7787"
1/8/2015,"27,0214","27,1446","25,5543","25,9087"
1/7/2015,"28,5218","28,9834","27,5675","28,1715"
1/6/2015,"29,5736","30,2484","27,1337","28,8317"
1/5/2015,"27,9673","29,6261","26,8643","29,6236"
1/2/2015,"26,0032","27,1323","25,07","26,2531"
12/30/2014,"25,9111","26,2518","25,0739","26,1876"
12/29/2014,"24,5375","26,7238","24,5348","24,9354"
12/23/2014,"22,593","22,724","21,8529","22,0804"
12/22/2014,"23,2767","23,4695","22,2146","22,9656"
12/19/2014,"21,5275","25,1535","20,8373","23,6176"
12/18/2014,"23,6489","24,3987","22,1661","22,5806"
12/17/2014,"26,9956","29,7996","26,1745","27,228"
12/16/2014,"28,4419","32,4037","25,4695","25,6614"
12/15/2014,"25,7318","29,5962","24,4781","29,5265"
12/12/2014,"21,9846","26,5516","21,6245","26,4981"
12/11/2014,"21,3345","23,3704","20,605","20,8103"
12/10/2014,"20,5442","22,4332","19,7728","21,7342"
12/9/2014,"17,789","21,7118","17,7639","21,4418"
12/8/2014,"16,8832","17,1443","16,5536","16,6347"
12/5/2014,"17,2816","17,2853","15,9786","16,3307"
12/4/2014,"18,7314","18,8121","17,2124","18,1098"
12/3/2014,"18,8779","19,2004","18,621","18,7911"
12/2/2014,"18,8598","19,4673","18,7159","19,1189"
12/1/2014,"19,0827","20,0157","19,0389","19,3406"
11/28/2014,"18,4728","18,8949","17,9357","18,0253"
11/27/2014,"18,1252","18,3825","17,4857","18,156"
11/26/2014,"18,9093","19,1614","18,2398","18,2837"
11/25/2014,"19,4869","19,4869","18,3175","19,1485"
11/24/2014,"19,5517","19,9176","19,1532","19,3169"
11/21/2014,"19,2899","19,3583","18,4422","18,9133"
11/20/2014,"19,6868","21,1311","19,5969","19,9065"
11/19/2014,"19,068","19,6896","18,5895","19,5753"
11/18/2014,"19,2254","19,4858","18,7231","18,9696"
11/17/2014,"20,9457","21,5293","19,2498","19,416"
11/14/2014,"19,9987","21,1921","19,5586","19,5586"
11/13/2014,"19,9341","21,6043","19,1722","20,0406"
11/12/2014,"18,4635","20,6948","18,4635","20,6145"
11/11/2014,"18,7196","18,908","18,16","18,2589"
11/10/2014,"21,0887","21,0887","19,1799","19,1799"
11/7/2014,"20,6365","21,6194","19,9025","21,1162"
11/6/2014,"22,1144","22,6515","20,2055","20,7181"
11/5/2014,"21,9949","22,4863","21,5161","21,9455"
11/4/2014,"21,3532","22,9518","20,6353","22,8946"
11/3/2014,"20,9487","21,4383","20,706","21,364"
10/31/2014,"19,8181","20,7698","19,4242","20,3172"
10/30/2014,"19,4631","23,1264","19,3064","20,8846"
10/29/2014,"19,6904","20,981","19,5632","20,7403"
10/28/2014,"21,9931","21,998","20,2668","20,4123"
10/27/2014,"21,0282","24,3524","20,7051","23,0205"
10/24/2014,"21,4864","22,211","20,9746","21,3229"
10/23/2014,"22,9834","23,3693","20,3678","20,8792"
10/22/2014,"21,928","22,8015","21,611","21,6951"
10/21/2014,"25,5171","25,5171","22,214","22,2422"
10/20/2014,"25,7633","26,7631","24,7826","25,1853"
10/17/2014,"29,4309","29,7488","24,2655","25,3527"
10/16/2014,"27,5928","36,0024","27,4724","31,5233"
10/15/2014,"23,8367","28,908","23,2064","28,7576"
10/14/2014,"23,8894","25,8461","23,3799","23,3811"
10/13/2014,"24,5111","24,534","22,9432","23,4966"
10/10/2014,"21,1026","23,1675","21,0074","23,1168"
10/9/2014,"19,5681","20,9756","19,3275","20,5162"
10/8/2014,"21,1572","21,3231","20,4698","20,9036"
10/7/2014,"20,3527","21,0598","19,9526","21,0076"
10/6/2014,"19,5637","19,8128","18,7701","19,7614"
10/3/2014,"19,5072","20,7228","19,4207","19,695"
10/2/2014,"19,4403","21,1626","18,7438","21,0788"
10/1/2014,"18,3097","19,446","17,7164","19,014"
9/30/2014,"18,5494","18,7552","17,6103","17,8514"
9/29/2014,"18,3321","19,8778","18,0339","18,7975"
9/26/2014,"17,8233","18,136","16,9757","17,6012"
9/25/2014,"15,4793","18,0357","15,2942","17,5658"
9/24/2014,"17,4119","17,8273","15,911","15,9504"
9/23/2014,"16,4208","17,8193","16,3392","17,7684"
9/22/2014,"16,1172","16,1216","15,3104","15,8303"
9/19/2014,"15,2756","15,2756","14,4379","15,0596"
9/18/2014,"16,0203","16,7795","15,6208","16,6266"
9/17/2014,"16,4034","16,6808","15,9349","16,432"
9/16/2014,"17,1415","17,8234","17,074","17,096"
9/15/2014,"16,5858","16,9172","16,3478","16,7209"
9/12/2014,"16,3938","16,4886","15,6379","15,9108"
9/11/2014,"16,2448","17,2657","16,1576","16,6097"
9/10/2014,"16,0034","16,6779","16,0034","16,4187"
9/9/2014,"15,9069","16,1259","15,5389","15,878"
9/8/2014,"16,1426","16,3869","15,6598","15,8479"
9/5/2014,"16,2809","16,6598","15,3844","15,4702"
9/4/2014,"17,0763","17,3833","15,5902","16,161"
9/3/2014,"17,3939","17,3979","16,6166","16,8103"
9/2/2014,"17,341","17,9728","16,9459","17,835"
9/1/2014,"17,5908","18,3919","17,5908","17,7323"
8/29/2014,"16,8677","18,4425","16,4524","17,1888"
8/28/2014,"16,255","17,8694","16,255","17,2795"
8/27/2014,"15,9067","16,291","15,4883","16,1061"
8/26/2014,"16,5242","16,8517","15,8339","15,8972"
8/25/2014,"16,7725","17,0509","16,4297","16,4519"
8/22/2014,"16,0634","17,8827","15,8966","17,2349"
8/21/2014,"16,7588","16,8076","15,6263","16,0345"
8/20/2014,"16,5831","17,7278","16,2584","16,7278"
8/19/2014,"16,6887","16,8288","16,2472","16,3083"
8/18/2014,"17,5062","18,256","16,9867","17,0294"
8/15/2014,"17,1046","20,4217","16,0102","20,3569"
8/14/2014,"18,8715","18,9658","17,1435","17,2978"
8/13/2014,"18,8353","18,9519","18,215","18,2314"
8/12/2014,"19,4436","19,9603","18,8845","19,562"
8/11/2014,"20,7313","20,8278","19,3317","19,4288"
8/8/2014,"21,7114","22,1512","20,371","21,2386"
8/7/2014,"19,4571","20,8146","18,8195","20,7973"
8/6/2014,"19,2768","20,306","18,6589","19,1494"
8/5/2014,"18,447","19,0781","17,949","18,4436"
8/4/2014,"19,7756","20,208","18,7809","19,094"
8/1/2014,"19,5352","20,6323","18,7733","19,8142"
7/31/2014,"17,2049","19,6594","17,2049","19,1221"
7/30/2014,"16,8172","18,0542","16,1825","17,4831"
7/29/2014,"16,7342","17,3765","16,198","16,7601"
7/28/2014,"16,9421","18,0069","16,644","17,0697"
7/25/2014,"15,1621","16,8841","14,8679","16,7309"
7/24/2014,"16,3378","16,4162","14,7552","14,8523"
7/23/2014,"15,7735","15,8146","14,9987","15,5898"
7/22/2014,"16,9231","17,0523","15,5896","15,6723"
7/21/2014,"17,0283","18,0866","17,0283","17,7222"
7/18/2014,"18,1928","18,6991","16,4498","16,5305"
7/17/2014,"15,6738","17,6886","15,0093","17,6468"
7/16/2014,"15,4192","15,4553","14,4983","14,8111"
7/15/2014,"15,0677","16,2854","14,9772","15,8707"
7/14/2014,"16,2139","16,2786","14,8527","14,9871"
7/11/2014,"16,2539","16,8843","15,7494","16,3382"
7/10/2014,"15,3123","17,9609","15,2319","16,6584"
7/9/2014,"15,4101","15,848","15,0338","15,092"
7/8/2014,"14,2384","15,8867","14,145","15,8867"
7/7/2014,"13,7661","14,4265","13,6223","14,3276"
7/4/2014,"13,1117","13,169","12,7592","13,0962"
7/3/2014,"14,0855","14,0855","12,7758","12,8852"
7/2/2014,"14,28","14,5219","13,9014","13,9595"
7/1/2014,"15,1867","15,198","14,307","14,3916"
6/30/2014,"15,2953","15,9919","15,1323","15,269"
6/27/2014,"14,6542","15,4374","14,2608","15,2961"
6/26/2014,"14,1348","15,6132","13,8449","14,7994"
6/25/2014,"13,9395","14,9655","13,4634","14,3007"
6/24/2014,"13,3086","13,861","13,1263","13,1291"
6/23/2014,"13,5427","14,398","13,193","13,5834"
6/20/2014,"12,8558","12,9094","12,3196","12,7797"
6/19/2014,"12,8539","12,9877","12,3029","12,713"
6/18/2014,"14,0787","14,1629","13,0922","13,8823"
6/17/2014,"14,9211","15,3333","14,2496","14,3399"
6/16/2014,"14,9635","15,5153","14,8671","15,3716"
6/13/2014,"14,2067","15,2231","13,8326","14,1513"
6/12/2014,"13,6154","14,1216","13,0814","13,8464"
6/11/2014,"13,0119","13,9083","12,9778","13,7325"
6/10/2014,"13,3706","13,4528","13,0099","13,0399"
6/9/2014,"13,6293","13,8391","13,1397","13,1403"
6/6/2014,"14,5531","14,6084","13,3518","13,4607"
6/5/2014,"16,6319","16,8484","14,5094","14,6235"
6/4/2014,"16,7956","17,2265","16,4793","16,5083"
6/3/2014,"16,3724","17,0411","16,2899","16,5208"
6/2/2014,"16,3388","16,632","16,2005","16,2586"
5/30/2014,"15,7691","15,9285","15,5166","15,7845"
5/29/2014,"14,9586","15,5756","14,9426","15,5171"
5/28/2014,"15,3124","15,4717","15,0166","15,0184"
5/27/2014,"15,3276","15,4868","14,992","15,1522"
5/26/2014,"15,6448","15,6452","15,213","15,249"
5/23/2014,"15,3479","15,612","15,0945","15,5997"
5/22/2014,"15,1099","15,6954","15,0587","15,2602"
5/21/2014,"16,5977","16,6994","15,0232","15,2901"
5/20/2014,"15,6623","16,2833","15,5693","15,7231"
5/19/2014,"15,9745","17,5218","15,7194","15,9315"
5/16/2014,"16,9056","17,2529","15,7173","15,7941"
5/15/2014,"15,4612","17,5856","15,2828","17,4465"
5/14/2014,"15,924","16,4776","15,8632","15,8782"
5/13/2014,"16,1666","16,2986","15,8431","15,9994"
5/12/2014,"16,9844","17,0653","16,1503","16,2491"
5/9/2014,"16,9996","17,1218","16,5534","16,6668"
5/8/2014,"17,3583","17,8038","16,4887","16,7342"
5/7/2014,"19,0357","19,0914","17,505","17,5579"
5/6/2014,"17,743","19,0255","17,5964","18,5097"
5/5/2014,"18,0629","19,5923","17,8548","18,0644"
5/2/2014,"17,2084","17,9811","16,5422","17,9023"
4/30/2014,"17,4516","17,6391","16,9945","17,0713"
4/29/2014,"17,7658","18,1691","17,112","17,343"
4/28/2014,"18,5733","19,128","18,1557","18,4517"
4/25/2014,"17,3419","19,6975","17,3419","18,7678"
4/24/2014,"16,668","18,3347","16,3157","16,9981"
4/23/2014,"16,9164","17,1779","16,4983","17,1008"
4/22/2014,"17,8614","17,867","16,4952","16,8121"
4/17/2014,"17,3311","17,7971","16,6307","16,9939"
4/16/2014,"18,6473","18,886","17,3181","17,3181"
4/15/2014,"18,3861","19,6997","17,964","19,6432"
4/14/2014,"19,2793","20,4252","18,3877","18,4986"
4/11/2014,"18,0103","19,1094","17,6451","18,2955"
4/10/2014,"16,6911","17,4438","16,2139","17,2542"
4/9/2014,"17,4697","17,4697","16,8041","16,9287"
4/8/2014,"17,1571","18,5068","17,1333","17,6031"
4/7/2014,"17,1563","17,6409","16,8132","17,5437"
4/4/2014,"16,4367","16,4477","15,501","15,875"
4/3/2014,"17,1281","17,2148","15,799","16,3742"
4/2/2014,"16,7697","17,2255","16,4772","17,1108"
4/1/2014,"17,4954","17,5883","16,7473","16,9064"
3/31/2014,"17,2665","17,8883","17,1444","17,6639"
3/28/2014,"17,3717","17,3772","16,7354","17,0324"
3/27/2014,"17,8252","18,1153","17,2858","17,6397"
3/26/2014,"17,8844","17,9677","17,0676","17,5869"
3/25/2014,"18,5223","18,7402","17,8479","18,2637"
3/24/2014,"18,1612","19,6308","17,941","19,4248"
3/21/2014,"17,663","18,1835","17,0576","17,1916"
3/20/2014,"19,3317","20,2933","18,1292","18,1292"
3/19/2014,"20,1832","20,2816","19,0696","19,293"
3/18/2014,"21,4743","24,3302","19,3755","20,1089"
3/17/2014,"22,5711","22,5711","21,2216","21,4617"
3/14/2014,"23,0218","24,3468","22,2497","23,2095"
3/13/2014,"19,9632","22,2505","19,8044","22,0896"
3/12/2014,"20,3971","21,6784","19,8271","20,212"
3/11/2014,"19,4915","20,1096","18,911","19,7688"
3/10/2014,"20,6041","21,4958","19,3575","20,1237"
3/7/2014,"17,9126","20,7464","17,8045","20,473"
3/6/2014,"18,1699","18,4908","17,6983","17,8166"
3/5/2014,"18,5792","18,8854","18,0016","18,7004"
3/4/2014,"19,2585","19,7277","18,1034","18,6455"
3/3/2014,"19,6285","21,9964","19,1288","21,8609"
2/28/2014,"16,9162","18,7101","16,5601","16,7667"
2/27/2014,"16,3266","18,1274","16,3264","17,1187"
2/26/2014,"16,3585","16,916","15,9918","16,1415"
2/25/2014,"16,7165","16,889","16,2253","16,2399"
2/24/2014,"18,0256","18,1364","16,5392","16,7175"
2/21/2014,"17,3936","17,9207","16,9786","17,3772"
2/20/2014,"18,7982","18,8464","17,6521","17,7721"
2/19/2014,"17,1942","18,2903","16,881","17,448"
2/18/2014,"17,4816","18,158","17,0212","17,0973"
2/17/2014,"16,6785","17,4495","16,6776","17,2038"
2/14/2014,"17,4223","17,4756","16,3439","16,3821"
2/13/2014,"18,1943","18,7465","17,4914","17,4978"
2/12/2014,"17,384","17,9512","17,0093","17,9259"
2/11/2014,"18,6955","18,7875","17,668","17,6719"
2/10/2014,"19,4533","19,9732","19,0802","19,3075"
2/7/2014,"20,6699","21,4015","19,2178","19,2347"
2/6/2014,"22,3683","22,435","20,4577","20,801"
2/5/2014,"23,3003","23,3003","21,9877","22,6486"
2/4/2014,"24,0317","24,3634","22,395","23,0114"
2/3/2014,"22,5407","24,0843","22,3319","24,0207"
1/31/2014,"21,1596","24,5973","21,1226","21,8188"
1/30/2014,"21,3616","23,088","20,653","21,1181"
1/29/2014,"18,7423","23,9683","18,458","21,8127"
1/28/2014,"20,0881","20,9181","19,6646","19,9723"
1/27/2014,"21,6032","21,887","20,223","20,6842"
1/24/2014,"17,4177","20,9865","17,2816","20,9333"
1/23/2014,"16,4905","18,188","16,2173","17,5122"
1/22/2014,"15,6397","17,1377","15,6279","16,4469"
1/21/2014,"15,605","16,24","15,3035","16,1749"
1/20/2014,"16,7202","16,7205","15,6624","16,0913"
1/17/2014,"16,7212","16,7508","15,7352","15,7352"
1/16/2014,"16,2555","17,1821","16,1822","17,0561"
1/15/2014,"16,4615","16,7209","16,2394","16,5089"
1/14/2014,"18,0243","18,0707","16,7477","16,8066"
1/13/2014,"16,9252","17,346","16,594","17,0978"
1/10/2014,"16,8643","17,1244","16,4187","16,5627"
1/9/2014,"17,3794","17,817","16,558","17,3584"
1/8/2014,"17,3259","17,76","17,1616","17,3671"
1/7/2014,"18,1588","18,1879","16,9348","17,1932"
1/6/2014,"18,1203","18,2885","17,9006","18,1672"
1/3/2014,"18,6556","18,7622","17,7088","18,0018"
1/2/2014,"17,8017","19,0745","17,6857","18,9286"
12/30/2013,"16,9927","17,6187","16,9497","17,2549"
12/27/2013,"16,0367","16,6051","16,0173","16,4643"
12/23/2013,"16,248","16,3438","15,5921","15,8067"
12/20/2013,"15,2043","16,1541","14,7414","16,0088"
12/19/2013,"15,3588","15,971","15,2137","15,4029"
12/18/2013,"17,8061","17,888","16,7072","17,2028"
12/17/2013,"18,7689","19,0372","17,7709","18,179"
12/16/2013,"18,765","18,765","17,7585","18,4886"
12/13/2013,"17,9517","18,6568","17,3299","18,2036"
12/12/2013,"17,6421","18,4086","17,2789","18,0599"
12/11/2013,"16,8012","17,3982","16,3326","17,3558"
12/10/2013,"16,195","17,144","15,7983","16,7351"
12/9/2013,"16,7698","16,9078","16,2033","16,2138"
12/6/2013,"17,9676","18,2483","16,4726","16,4994"
12/5/2013,"18,2104","18,378","17,3554","18,378"
12/4/2013,"16,7849","18,5603","16,6954","17,8791"
12/3/2013,"15,6843","17,1349","15,4952","17,098"
12/2/2013,"15,2686","16,043","15,2556","15,4364"
11/29/2013,"13,8726","14,6608","13,859","14,6502"
11/28/2013,"14,1733","14,2133","13,7922","13,8195"
11/27/2013,"14,3857","14,3889","14,0158","14,117"
11/26/2013,"14,3278","14,6116","14,1724","14,5147"
11/25/2013,"14,5321","14,5557","14,2053","14,5254"
11/22/2013,"14,7518","14,874","14,2196","14,2629"
11/21/2013,"16,119","16,1376","15,0813","15,082"
11/20/2013,"15,5579","15,6337","15,053","15,5212"
11/19/2013,"15,7925","16,0236","15,4941","15,6565"
11/18/2013,"15,8645","15,897","14,9452","15,3971"
11/15/2013,"15,7525","15,7528","15,0221","15,1624"
11/14/2013,"16,2462","16,5478","15,8266","15,9077"
11/13/2013,"17,22","18,0945","17,058","17,1273"
11/12/2013,"17,142","17,521","16,9863","17,2688"
11/11/2013,"17,6987","17,8278","16,8337","17,2356"
11/8/2013,"17,2316","18,1922","17,0244","17,2896"
11/7/2013,"16,8932","17,0436","15,5449","16,69"
11/6/2013,"16,438","17,0252","16,1671","16,828"
11/5/2013,"16,1198","17,0812","16,0749","16,7541"
11/4/2013,"16,5227","16,6961","16,0551","16,2488"
11/1/2013,"15,975","16,2815","15,4927","16,205"
10/31/2013,"15,3833","15,9546","15,3249","15,888"
10/30/2013,"15,2999","16,4857","15,1419","16,1548"
10/29/2013,"15,8513","15,8513","15,0925","15,1884"
10/28/2013,"15,6498","16,4537","15,5662","15,8884"
10/25/2013,"15,6461","15,858","15,0126","15,0179"
10/24/2013,"15,8739","16,1688","15,528","15,5581"
10/23/2013,"16,245","16,953","16,1645","16,6163"
10/22/2013,"16,1505","16,1908","15,1399","15,6057"
10/21/2013,"16,1811","16,5878","15,9255","15,998"
10/18/2013,"16,5419","16,5612","15,3661","15,4232"
10/17/2013,"17,6226","18,0618","16,7916","16,8333"
10/16/2013,"19,6479","19,9162","18,4808","18,5951"
10/15/2013,"19,1246","19,141","18,19","18,6214"
10/14/2013,"19,6733","20,5369","19,3883","20,1581"
10/11/2013,"19,3112","19,3884","18,2601","18,2601"
10/10/2013,"20,5185","20,7628","19,5927","19,8426"
10/9/2013,"21,6088","23,4948","20,6824","23,3614"
10/8/2013,"20,2282","20,926","20,004","20,8905"
10/7/2013,"21,446","21,6443","19,8408","20,1564"
10/4/2013,"19,9127","19,9801","18,9987","19,5446"
10/3/2013,"19,2195","20,0589","18,9786","20,0589"
10/2/2013,"18,7278","20,1876","18,5447","19,2611"
10/1/2013,"18,909","19,0919","18,0797","18,3242"
9/30/2013,"19,1089","19,5254","18,392","19,4503"
9/27/2013,"16,2801","17,0606","16,2777","16,9196"
9/26/2013,"16,3122","16,9719","16,2961","16,4689"
9/25/2013,"16,7711","17,0655","16,3037","16,4038"
9/24/2013,"17,1012","17,4661","16,5931","16,6237"
9/23/2013,"17,0299","17,685","16,4415","17,4539"
9/20/2013,"16,9932","17,0482","16,04","16,7626"
9/19/2013,"17,3174","17,4363","16,8462","16,8696"
9/18/2013,"19,11","19,4269","18,1621","18,1656"
9/17/2013,"19,0955","19,3674","18,6901","18,987"
9/16/2013,"18,7462","18,9028","18,3121","18,7198"
9/13/2013,"18,6536","19,1426","18,2656","18,3842"
9/12/2013,"18,2484","18,6482","18,0115","18,4084"
9/11/2013,"19,2758","19,3535","18,4276","18,4298"
9/10/2013,"19,578","19,6496","19,0072","19,3143"
9/9/2013,"21,1156","21,285","20,455","20,4702"
9/6/2013,"21,165","21,6303","19,5862","20,2292"
9/5/2013,"22,0486","22,8006","21,404","21,5095"
9/4/2013,"23,2297","24,0409","21,8534","22,0945"
9/3/2013,"21,9386","23,2719","21,6244","23,0533"
9/2/2013,"22,0742","22,121","21,2827","21,9028"
8/30/2013,"21,5583","23,502","21,4478","23,4785"
8/29/2013,"21,872","22,0768","20,7222","21,1498"
8/28/2013,"22,6732","24,2688","21,5031","22,3124"
8/27/2013,"18,3242","22,3884","18,2732","22,1683"
8/26/2013,"18,8479","19,1727","17,853","17,9047"
8/23/2013,"18,8875","19,315","17,4534","17,8238"
8/22/2013,"19,415","19,5415","18,1667","18,7137"
8/21/2013,"18,8637","20,5585","18,8215","20,5374"
8/20/2013,"19,157","20,1545","18,6774","19,1958"
8/19/2013,"17,1732","17,9662","17,131","17,4926"
8/16/2013,"17,1614","17,8454","16,039","16,4082"
8/15/2013,"16,2025","18,4685","16,0809","17,2894"
8/14/2013,"16,9422","16,9698","16,3156","16,6396"
8/13/2013,"16,9729","17,5041","16,768","17,0781"
8/12/2013,"17,517","18,3891","17,1481","17,3567"
8/9/2013,"17,1798","17,5844","16,869","17,1706"
8/8/2013,"17,7756","18,0442","16,9726","17,3468"
8/7/2013,"18,1499","18,5146","17,5265","18,2711"
8/6/2013,"17,1779","18,3118","16,6888","17,9242"
8/5/2013,"17,3","17,6862","16,9752","17,3314"
8/2/2013,"17,4276","17,4572","16,8183","16,8183"
8/1/2013,"17,9798","18,1376","17,3399","17,4564"
7/31/2013,"19,1507","19,4316","18,5585","19,0644"
7/30/2013,"18,2026","18,8627","18,0534","18,8439"
7/29/2013,"18,474","18,7706","18,2145","18,7032"
7/26/2013,"17,0049","18,2932","16,9259","18,1141"
7/25/2013,"17,1116","18,1816","17,1116","17,4835"
7/24/2013,"17,1687","17,6183","16,8326","17,085"
7/23/2013,"16,8572","17,3676","16,7912","17,3366"
7/22/2013,"17,8709","17,8784","17,0409","17,4706"
7/19/2013,"17,9251","17,9576","16,8474","17,2343"
7/18/2013,"18,3212","18,4","17,6447","17,6938"
7/17/2013,"19,1144","20,1575","18,4591","18,4869"
7/16/2013,"18,8487","19,3885","18,8465","19,2437"
7/15/2013,"19,1021","19,4316","18,8937","18,9011"
7/12/2013,"18,7481","19,319","18,4306","19,072"
7/11/2013,"19,5278","19,6203","18,9757","18,9757"
7/10/2013,"20,6683","21,3622","20,3555","20,3708"
7/9/2013,"21,0663","21,1676","20,5929","20,6393"
7/8/2013,"22,446","22,446","21,2312","21,5829"
7/5/2013,"21,3386","22,6761","20,9642","22,5944"
7/4/2013,"22,0922","22,1154","20,754","21,3419"
7/3/2013,"23,0645","24,297","22,6511","22,6511"
7/2/2013,"21,9682","22,2238","21,5661","21,5897"
7/1/2013,"21,9713","22,8763","21,4425","21,8282"
6/28/2013,"21,3856","22,5887","21,3675","21,8175"
6/27/2013,"22,5182","22,6738","21,1687","21,6929"
6/26/2013,"23,8415","23,8629","22,3097","22,5505"
6/25/2013,"24,7295","24,7751","23,7776","24,1377"
6/24/2013,"24,5742","26,8033","24,5589","25,3001"
6/21/2013,"23,022","24,2578","22,3226","24,0473"
6/20/2013,"21,2698","23,8849","20,7514","23,6094"
6/19/2013,"21,1264","21,5701","19,9961","20,4065"
6/18/2013,"21,6188","21,6791","20,7565","20,8403"
6/17/2013,"21,3435","21,4833","20,4023","21,1025"
6/14/2013,"21,8175","21,8836","20,6291","21,2645"
6/13/2013,"23,6728","23,8243","21,8409","22,1068"
6/12/2013,"21,1029","21,7766","20,4968","21,7413"
6/11/2013,"20,2375","21,9253","20,1555","21,0051"
6/10/2013,"20,4357","20,4357","19,191","19,5903"
6/7/2013,"22,3931","22,3931","19,801","19,9529"
6/6/2013,"21,8724","22,1956","20,885","22,1956"
6/5/2013,"21,332","22,2797","20,7873","22,2683"
6/4/2013,"20,4981","21,3067","20,4822","21,0043"
6/3/2013,"21,553","21,8012","19,9453","21,3772"
5/31/2013,"18,7059","19,7673","18,7056","19,6048"
5/30/2013,"19,7636","19,7667","18,5682","18,8641"
5/29/2013,"18,5423","19,7584","18,4654","19,6808"
5/28/2013,"17,5669","17,7694","17,2069","17,7473"
5/27/2013,"18,5049","18,6761","18,105","18,152"
5/24/2013,"17,8898","19,2612","17,5875","18,4925"
5/23/2013,"19,3854","19,7549","18,2335","18,3633"
5/22/2013,"16,7849","16,9486","16,1734","16,2933"
5/21/2013,"16,8465","17,3756","16,771","16,9073"
5/20/2013,"16,8563","17,3768","16,5567","16,672"
5/17/2013,"16,5886","16,8004","16,1033","16,313"
5/16/2013,"15,7595","16,6859","15,7585","16,2609"
5/15/2013,"17,2136","17,7061","16,6229","16,639"
5/14/2013,"17,6749","17,9481","16,9226","17,1365"
5/13/2013,"17,8381","18,1073","17,6648","17,6724"
5/10/2013,"17,1513","17,6963","17,0552","17,4277"
5/9/2013,"17,4669","17,6096","17,0341","17,2186"
5/8/2013,"17,4185","17,8239","17,0747","17,3575"
5/7/2013,"17,8668","17,8674","17,1565","17,4472"
5/6/2013,"18,2279","18,2406","17,9068","18,0551"
5/3/2013,"18,6822","18,6991","17,4137","17,6329"
5/2/2013,"20,3767","20,4102","18,6639","18,7486"
4/30/2013,"19,8709","20,4706","19,8362","20,261"
4/29/2013,"19,6867","20,1173","19,5679","19,9773"
4/26/2013,"19,6929","20,1859","19,3956","19,7111"
4/25/2013,"19,0187","19,9346","19,0032","19,4097"
4/24/2013,"18,9787","19,5634","18,8603","18,9814"
4/23/2013,"20,1016","20,4997","19,1712","19,2103"
4/22/2013,"20,2044","21,1052","20,0906","20,638"
4/19/2013,"21,595","21,6992","20,4172","20,4999"
4/18/2013,"22,2964","23,0319","20,9522","21,949"
4/17/2013,"20,2715","23,4884","20,1528","22,7545"
4/16/2013,"20,5673","21,8449","20,1675","20,5067"
4/15/2013,"20,3082","21,4066","20,1636","20,1989"
4/12/2013,"19,1069","20,453","19,0932","20,2145"
4/11/2013,"18,9371","19,4935","18,6638","18,848"
4/10/2013,"19,7578","19,7645","18,7415","19,1768"
4/9/2013,"20,8175","20,9794","19,9305","20,4229"
4/8/2013,"22,176","22,1882","21,2955","21,4857"
4/5/2013,"20,9481","23,4237","20,5288","22,2855"
4/4/2013,"20,5978","21,5114","20,1889","21,0977"
4/3/2013,"19,7932","20,8978","19,1978","20,7645"
4/2/2013,"21,4957","21,4957","19,5212","19,6165"
3/28/2013,"21,3877","22,131","20,1536","20,8944"
3/27/2013,"20,6435","22,7172","20,2902","21,8599"
3/26/2013,"21,4358","21,7534","20,0987","20,8755"
3/25/2013,"18,418","22,5935","17,2997","21,2387"
3/22/2013,"20,5751","21,6475","20,558","21,2876"
3/21/2013,"19,1368","20,2707","18,9461","19,7897"
3/20/2013,"19,8655","20,6145","18,8311","18,8741"
3/19/2013,"18,7175","22,0281","18,4938","21,5306"
3/18/2013,"19,3203","20,9503","17,9325","18,0979"
3/15/2013,"15,4384","16,3637","15,4183","15,7276"
3/14/2013,"15,7048","15,7625","14,8757","15,0835"
3/13/2013,"17,5798","18,2001","16,9247","16,9279"
3/12/2013,"17,7844","17,7844","16,6621","17,3243"
3/11/2013,"18,1307","18,5223","17,603","17,6154"
3/8/2013,"18,0006","18,0441","17,0202","17,3844"
3/7/2013,"19,5828","19,7785","18,681","18,7353"
3/6/2013,"19,2939","20,122","18,974","20,1143"
3/5/2013,"20,4119","20,4645","19,4691","19,5539"
3/4/2013,"23,2498","23,4139","21,3426","21,4361"
3/1/2013,"21,1855","23,847","20,78","21,7728"
2/28/2013,"20,8792","22,1559","20,817","21,0046"
2/27/2013,"24,3289","24,5812","21,9624","22,0043"
2/26/2013,"24,4683","25,8975","23,23","25,8975"
2/25/2013,"20,7618","21,7756","18,8646","21,3086"
2/22/2013,"20,5438","21,3149","20,216","20,8556"
2/21/2013,"20,8017","22,1997","20,7959","21,5133"
2/20/2013,"18,6782","19,7524","18,2852","19,6147"
2/19/2013,"19,16","19,279","18,4631","18,4631"
2/18/2013,"19,9688","20,0477","19,2857","19,3248"
2/15/2013,"18,7749","19,0734","17,7157","18,8463"
2/14/2013,"18,2346","19,4648","17,8325","18,6532"
2/13/2013,"18,1427","19,3081","18,0695","18,2817"
2/12/2013,"18,9793","19,1536","18,2214","18,3682"
2/11/2013,"19,2312","19,3743","18,3556","18,9342"
2/8/2013,"19,9014","20,1038","18,2758","18,5593"
2/7/2013,"20,1741","20,8429","19,1553","20,7955"
2/6/2013,"19,4222","21,6206","18,6348","20,2113"
2/5/2013,"19,3554","19,7612","18,7653","19,2593"
2/4/2013,"16,7762","20,3891","16,3563","20,1454"
2/1/2013,"16,8266","16,9271","15,7708","15,9874"
1/31/2013,"16,0506","16,9856","16,0399","16,6395"
1/30/2013,"14,8482","16,1081","14,5213","15,9384"
1/29/2013,"15,3183","15,7","14,79","14,8562"
1/28/2013,"15,3227","15,3431","15,0155","15,1979"
1/25/2013,"15,3452","15,3969","14,6147","14,9093"
1/24/2013,"16,6678","16,7743","15,3145","15,3145"
1/23/2013,"16,0136","16,3948","15,9789","16,2203"
1/22/2013,"15,4032","16,8591","15,3266","16,063"
1/21/2013,"15,9254","15,9254","15,1734","15,4605"
1/18/2013,"15,9285","16,2558","15,6417","15,8831"
1/17/2013,"16,3673","16,3863","15,4172","15,9134"
1/16/2013,"15,9785","17,0078","15,8279","16,146"
1/15/2013,"16,2018","16,3311","15,3429","15,9725"
1/14/2013,"15,975","16,2023","15,0013","15,7019"
1/11/2013,"15,9794","16,1102","15,5558","15,5715"
1/10/2013,"16,2191","16,5794","15,5746","16,1155"
1/9/2013,"16,2527","16,561","15,841","16,1474"
1/8/2013,"16,8965","16,9746","16,3252","16,8999"
1/7/2013,"16,5248","17,0294","16,4302","16,818"
1/4/2013,"17,8202","17,8702","16,0537","16,0708"
1/3/2013,"18,0132","18,277","17,5089","17,54"
1/2/2013,"18,3695","19,0891","17,491","18,3628"
12/28/2012,"17,8405","21,3534","17,7935","21,3534"
12/27/2012,"18,4196","18,5441","17,6899","18,2289"
12/21/2012,"16,5793","18,0917","16,1787","17,8926"
12/20/2012,"15,9569","16,1018","15,5675","15,7568"
12/19/2012,"15,7146","15,7769","14,9336","15,6463"
12/18/2012,"15,89","16,152","15,6409","15,8638"
12/17/2012,"16,8948","17,2369","16,2577","16,4617"
12/14/2012,"16,8436","17,0473","16,372","16,4818"
12/13/2012,"16,7449","17,3434","16,7326","16,9542"
12/12/2012,"16,8739","17,2489","16,7526","17,0471"
12/11/2012,"17,3394","17,4124","16,7069","17,0262"
12/10/2012,"18,4823","18,6655","17,4025","17,4025"
12/7/2012,"16,8359","17,6239","16,8248","17,2026"
12/6/2012,"17,2218","17,3358","16,5842","16,9937"
12/5/2012,"16,9116","17,6642","16,7905","17,3906"
12/4/2012,"17,375","17,4156","16,8435","17,2837"
12/3/2012,"17,0884","17,3576","16,5815","17,3112"
11/30/2012,"16,3963","16,7359","16,2606","16,5548"
11/29/2012,"16,9459","17,2273","16,4854","16,4854"
11/28/2012,"17,7143","18,2624","17,2555","17,2555"
11/27/2012,"17,9732","18,1627","17,4564","17,699"
11/26/2012,"18,2683","18,7783","18,172","18,4984"
11/23/2012,"17,4381","17,9797","17,4321","17,7473"
11/22/2012,"17,7022","18,0052","17,4212","17,4423"
11/21/2012,"19,0122","19,0933","17,8005","17,8461"
11/20/2012,"19,6948","19,8851","18,7416","18,7696"
11/19/2012,"21,5772","21,6552","19,5808","19,6356"
11/16/2012,"21,5381","22,3999","21,0912","22,1719"
11/15/2012,"22,104","22,2869","21,5144","21,9773"
11/14/2012,"22,0338","22,125","21,1706","21,5292"
11/13/2012,"23,2639","23,6885","21,8208","21,8471"
11/12/2012,"23,3785","23,5296","22,5602","22,7101"
11/9/2012,"23,2333","24,7671","22,3213","22,57"
11/8/2012,"22,1865","23,5653","21,9014","23,0951"
11/7/2012,"20,6925","23,2946","20,1726","23,2841"
11/6/2012,"22,1891","22,3992","21,651","21,7924"
11/5/2012,"21,7518","22,3762","21,5978","22,216"
11/2/2012,"20,971","21,2882","20,2771","20,5608"
11/1/2012,"22,3124","22,6067","20,9547","21,2117"
10/31/2012,"21,6185","22,2453","21,3275","22,2123"
10/30/2012,"22,4218","22,591","21,7948","21,8978"
10/29/2012,"23,14","23,6829","22,8996","23,2166"
10/26/2012,"22,786","23,33","21,9854","22,137"
10/25/2012,"22,5589","22,5589","22,0245","22,4852"
10/24/2012,"22,86","24,165","22,7611","22,7611"
10/23/2012,"21,1944","23,9952","21,1907","23,3924"
10/22/2012,"21,1625","21,4459","20,576","21,2613"
10/19/2012,"19,7184","20,6017","19,6325","20,5996"
10/18/2012,"19,7355","20,2894","19,5625","19,5805"
10/17/2012,"20,3513","20,7104","19,8272","19,8775"
10/16/2012,"20,934","21,3393","20,3792","20,4001"
10/15/2012,"22,056","22,0733","21,3071","21,4496"
10/12/2012,"21,555","21,8817","20,6039","21,8817"
10/11/2012,"22,9317","22,9317","21,3381","21,5761"
10/10/2012,"23,1227","23,2946","22,5254","22,67"
10/9/2012,"21,5124","22,9584","21,3579","22,9493"
10/8/2012,"21,5828","22,0817","21,4443","21,58"
10/5/2012,"21,4559","21,5667","19,9726","20,3484"
10/4/2012,"21,4745","22,3316","21,2332","21,9957"
10/3/2012,"23,5473","23,5636","22,0387","22,1253"
10/2/2012,"23,596","23,6507","22,3363","23,1473"
10/1/2012,"23,4464","23,4464","22,4578","22,8698"
9/28/2012,"21,2961","23,3836","20,9456","23,3836"
9/27/2012,"22,1241","22,7478","21,9241","22,4909"
9/26/2012,"21,0772","22,9278","20,9885","22,2323"
9/25/2012,"19,8429","20,2626","19,4995","19,7747"
9/24/2012,"20,2195","20,904","19,7742","19,8013"
9/21/2012,"19,8623","20,0234","19,0157","19,2445"
9/20/2012,"21,5644","21,5644","20,1276","20,1276"
9/19/2012,"20,4756","21,2075","20,19","20,2909"
9/18/2012,"21,3286","22,1889","21,0426","21,0614"
9/17/2012,"21,8549","21,8639","20,676","20,9384"
9/14/2012,"21,0435","21,4312","20,5456","21,1062"
9/13/2012,"23,402","23,927","22,8944","23,5096"
9/12/2012,"24,0259","24,2921","22,4947","23,6536"
9/11/2012,"23,9434","25,43","23,6898","23,9199"
9/10/2012,"22,7001","23,856","22,4895","23,4869"
9/7/2012,"22,4198","23,2256","21,7722","21,8266"
9/6/2012,"27,3691","27,4019","23,1045","23,1125"
9/5/2012,"27,8308","28,6839","27,0786","27,6615"
9/4/2012,"26,7815","27,912","26,5497","27,755"
9/3/2012,"26,536","26,9248","26,3322","26,652"
8/31/2012,"27,4799","27,4818","25,4006","25,7034"
8/30/2012,"26,1906","28,148","25,8275","27,1621"
8/29/2012,"24,8905","25,9487","24,8024","25,7209"
8/28/2012,"24,663","25,3583","24,5699","24,868"
8/27/2012,"25,4808","25,4808","24,1237","24,3156"
8/24/2012,"24,0032","25,2213","23,6158","24,6392"
8/23/2012,"24,1256","25,4922","23,6031","24,3861"
8/22/2012,"23,7029","25,1168","23,1328","25,1159"
8/21/2012,"21,5439","22,6503","21,3269","22,1925"
8/20/2012,"21,6455","23,1475","21,5444","22,1476"
8/17/2012,"22,9392","23,1048","21,4301","21,4456"
8/16/2012,"23,1317","24,2483","23,0483","23,1306"
8/15/2012,"23,3577","24,1999","23,2537","23,5481"
8/14/2012,"22,7066","23,7297","22,5975","23,2459"
8/13/2012,"23,2687","23,5557","22,759","23,4531"
8/10/2012,"23,4847","23,9091","22,6094","22,7486"
8/9/2012,"23,3613","24,2786","23,2846","23,3366"
8/8/2012,"24,2199","24,8524","23,6558","23,678"
8/7/2012,"24,0285","24,5262","23,5901","23,869"
8/6/2012,"24,0409","24,73","23,9852","24,2352"
8/3/2012,"25,7422","25,7422","23,5222","23,803"
8/2/2012,"28,119","28,2958","24,9898","26,4001"
8/1/2012,"27,7054","28,3883","26,6069","28,1002"
7/31/2012,"27,0349","28,1761","26,306","28,0088"
7/30/2012,"25,9079","26,4643","25,0504","26,4643"
7/27/2012,"24,8788","26,0082","24,7018","25,3165"
7/26/2012,"27,0484","27,2024","25,1705","25,635"
7/25/2012,"28,6737","28,6776","26,6955","27,1793"
7/24/2012,"28,2882","28,8293","27,6482","28,4455"
7/23/2012,"27,9033","30,3247","27,8576","28,0807"
7/20/2012,"20,6672","24,3044","20,1942","24,2212"
7/19/2012,"19,9745","21,004","19,9352","20,8276"
7/18/2012,"21,1319","21,3297","20,0269","20,3562"
7/17/2012,"22,0025","22,2352","21,3458","21,7236"
7/16/2012,"23,2815","23,359","22,1309","22,1692"
7/13/2012,"23,8628","23,8886","22,3699","22,6093"
7/12/2012,"24,576","25,165","24,0665","24,0824"
7/11/2012,"25,0927","25,1086","23,9946","24,1292"
7/10/2012,"25,537","25,765","24,2463","24,6397"
7/9/2012,"25,7937","26,9772","25,5667","25,5973"
7/6/2012,"24,9021","25,5759","24,2188","25,5759"
7/5/2012,"24,6482","25,7727","24,1851","24,4531"
7/4/2012,"23,6453","24,8568","23,5226","24,4457"
7/3/2012,"24,3208","24,7667","23,6644","23,685"
7/2/2012,"25,1515","25,64","24,5793","24,992"
6/29/2012,"25,4106","26,7391","24,6535","24,9463"
6/28/2012,"27,4139","29,0104","27,3931","28,0598"
6/27/2012,"27,8832","28,3712","27,3328","27,5359"
6/26/2012,"27,4615","28,4236","26,8125","28,0456"
6/25/2012,"27,0979","28,2155","27,0032","27,6497"
6/22/2012,"26,0732","26,0808","24,8368","25,1664"
6/21/2012,"26,145","26,176","24,2991","25,4639"
6/20/2012,"27,5643","28,0007","26,7751","26,9415"
6/19/2012,"28,454","29,0741","27,094","27,6446"
6/18/2012,"31,0348","31,3285","29,0868","29,4574"
6/15/2012,"32,2897","33,8199","31,2242","33,7295"
6/14/2012,"33,9239","35,1065","32,9835","33,0104"
6/13/2012,"32,1701","34,1672","31,9893","33,8572"
6/12/2012,"31,7777","33,8523","31,6772","32,3906"
6/11/2012,"29,3573","31,9987","29,3371","31,9884"
6/8/2012,"31,6013","31,9838","30,075","30,3723"
6/7/2012,"30,8054","31,493","30,4844","31,4338"
6/6/2012,"33,5592","33,9523","31,4928","31,5809"
6/5/2012,"35,7722","36,7411","34,3703","34,5733"
6/4/2012,"38,3073","38,3102","35,9719","36,4531"
6/1/2012,"34,5934","37,44","34,0212","36,3842"
5/31/2012,"33,7639","35,5951","33,4767","34,9478"
5/30/2012,"32,5252","35,2587","31,8626","34,5137"
5/29/2012,"31,1726","32,1577","30,8555","31,4097"
5/28/2012,"30,4425","31,9526","30,3224","31,7697"
5/25/2012,"30,6505","31,0554","29,8506","30,225"
5/24/2012,"32,2741","33,403","31,2038","31,4557"
5/23/2012,"31,2491","33,4409","30,8214","32,8618"
5/22/2012,"29,9553","30,5175","29,1292","30,0057"
5/21/2012,"33,968","33,968","31,0253","31,0253"
5/18/2012,"36,2338","36,3245","32,3195","33,1087"
5/17/2012,"33,1169","36,6044","32,8314","34,4776"
5/16/2012,"35,0103","35,3471","32,2735","33,1165"
5/15/2012,"31,0526","33,448","30,3622","33,3144"
5/14/2012,"31,1503","32,8621","31,1169","31,6946"
5/11/2012,"29,8065","29,9876","28,0894","28,3851"
5/10/2012,"30,522","31,3382","29,1086","29,1479"
5/9/2012,"30,8306","33,2801","30,6267","31,2083"
5/8/2012,"29,026","31,4867","28,5383","31,3226"
5/7/2012,"31,5301","31,5301","28,6858","28,9223"
5/4/2012,"28,0069","29,5473","27,4866","29,3836"
5/3/2012,"27,1697","28,2383","26,8081","27,6802"
5/2/2012,"26,1415","28,8823","26,0215","28,0126"
4/30/2012,"26,008","26,9641","25,6699","26,9511"
4/27/2012,"27,91","28,0903","25,4555","25,4795"
4/26/2012,"27,2841","28,1943","26,3049","26,6216"
4/25/2012,"27,8675","28,1978","27,003","27,4003"
4/24/2012,"29,0817","30,009","28,2826","28,6556"
4/23/2012,"28,7483","30,518","28,6462","29,9723"
4/20/2012,"28,2217","28,7771","25,9217","26,2312"
4/19/2012,"26,9911","28,8211","26,0579","28,2848"
4/18/2012,"26,5439","28,1832","26,3018","27,6847"
4/17/2012,"28,5802","28,5919","26,5232","26,5949"
4/16/2012,"30,1019","30,1313","27,7911","28,8612"
4/13/2012,"27,6525","29,9262","27,4029","29,4063"
4/12/2012,"28,5677","30,2899","27,4185","27,6118"
4/11/2012,"29,9105","31,0168","28,5093","29,4908"
4/10/2012,"28,4174","30,6779","27,5706","30,6779"
4/5/2012,"24,2834","27,5174","23,8966","25,5879"
4/4/2012,"23,2377","26,3706","23,2229","25,8591"
4/3/2012,"21,2379","22,2767","20,4642","22,2736"
4/2/2012,"22,2374","23,1337","21,0526","21,2165"
3/30/2012,"23,864","23,8887","22,4196","22,5463"
3/29/2012,"23,347","25,9698","22,885","25,3609"
3/28/2012,"22,7721","23,0897","21,8525","23,0813"
3/27/2012,"20,7851","22,4561","20,6491","22,3987"
3/26/2012,"22,0926","23,0911","20,9863","21,3398"
3/23/2012,"21,5612","23,2161","20,8378","21,6583"
3/22/2012,"20,8187","23,0845","20,8069","21,9103"
3/21/2012,"19,344","21,1691","19,2695","20,0254"
3/20/2012,"19,0407","20,3345","19,0207","19,9117"
3/19/2012,"19,8569","20,1202","18,3551","18,3551"
3/16/2012,"19,2789","19,3156","17,2637","18,5202"
3/15/2012,"20,4642","20,6943","19,1435","19,3479"
3/14/2012,"20,902","21,3643","20,7601","21,1237"
3/13/2012,"22,0039","22,2097","20,7733","20,9307"
3/12/2012,"24,0394","24,3723","22,4721","23,0102"
3/9/2012,"24,7398","24,798","22,5092","22,895"
3/8/2012,"27,545","27,545","25,0964","25,0964"
3/7/2012,"27,9409","29,0717","27,7121","28,2266"
3/6/2012,"24,3497","29,0668","24,3368","28,5625"
3/5/2012,"23,7284","24,7442","23,5219","23,7979"
3/2/2012,"22,5875","22,8713","22,1057","22,5637"
3/1/2012,"24,5032","24,5032","22,7569","22,8624"
2/29/2012,"23,5324","23,9335","22,6529","23,9289"
2/28/2012,"24,3186","24,9135","23,5836","23,7173"
2/27/2012,"24,3137","25,5033","24,1605","24,2211"
2/24/2012,"23,17","23,4092","22,522","22,5277"
2/23/2012,"23,7865","25,0083","23,1334","23,8446"
2/22/2012,"24,0118","24,8437","23,8177","24,0059"
2/21/2012,"24,7387","24,9757","23,8731","23,8977"
2/20/2012,"25,1293","25,2931","24,5678","24,5763"
2/17/2012,"25,1876","25,6336","24,3308","24,8255"
2/16/2012,"28,1618","28,757","26,8187","26,8397"
2/15/2012,"25,2937","26,8693","24,9089","26,5438"
2/14/2012,"26,4962","26,7499","25,4025","26,0202"
2/13/2012,"26,6355","27,1913","26,3724","26,6034"
2/10/2012,"27,1216","28,1794","26,744","27,3816"
2/9/2012,"25,6307","26,2193","25,0298","25,9181"
2/8/2012,"24,9566","25,8822","24,9306","25,7292"
2/7/2012,"24,6688","26,1982","24,6489","25,325"
2/6/2012,"24,6072","25,7813","24,5915","25,0326"
2/3/2012,"24,7724","24,9971","23,4632","23,5349"
2/2/2012,"24,4097","25,2554","24,4097","24,5624"
2/1/2012,"25,9489","25,9489","24,5266","24,6111"
1/31/2012,"26,0863","26,4316","25,4729","26,3081"
1/30/2012,"26,277","27,345","26,0706","26,8831"
1/27/2012,"24,53","24,8136","23,9621","24,3981"
1/26/2012,"24,7518","25,0954","24,0219","24,2408"
1/25/2012,"24,8663","26,4648","24,7918","25,2399"
1/24/2012,"26,0951","26,7108","25,259","25,295"
1/23/2012,"25,8859","26,391","25,452","25,6521"
1/20/2012,"26,7412","27,0298","25,0038","25,0315"
1/19/2012,"27,6608","27,9128","26,5261","26,5407"
1/18/2012,"28,2952","28,8492","26,681","27,76"
1/17/2012,"27,8252","28,5977","27,3095","28,1469"
1/16/2012,"29,7856","29,7856","27,879","27,998"
1/13/2012,"27,3074","30,1925","27,0005","28,916"
1/12/2012,"28,5172","29,3007","28,1064","28,5518"
1/11/2012,"28,546","29,0892","28,025","28,4621"
1/10/2012,"29,4254","29,4254","28,2281","28,3412"
1/9/2012,"31,0986","31,166","30,0291","30,1779"
1/6/2012,"30,276","30,8735","29,0365","30,5586"
1/5/2012,"30,2412","32,0404","30,2193","31,0151"
1/4/2012,"30,3945","31,2446","30,1528","30,4656"
1/3/2012,"30,9341","31,653","29,998","30,017"
1/2/2012,"32,1549","32,2426","31,3029","31,3029"
12/30/2011,"31,876","33,3693","31,8348","32,1544"
12/29/2011,"31,7788","33,3558","31,6252","32,1867"
12/28/2011,"30,2064","32,1937","29,6672","31,8173"
12/27/2011,"29,9274","30,0834","29,6676","29,749"
12/23/2011,"28,3992","28,8807","28,3504","28,5177"
12/22/2011,"29,4365","29,4928","28,6603","28,8742"
12/21/2011,"29,8221","30,3603","28,6285","30,2552"
12/20/2011,"30,5782","30,7551","29,4238","30,3271"
12/19/2011,"32,3923","32,4687","30,4298","30,9926"
12/16/2011,"30,9885","31,3742","29,7346","31,1426"
12/15/2011,"31,9382","32,7231","31,1357","31,424"
12/14/2011,"33,3924","34,6899","32,2498","34,4891"
12/13/2011,"34,8162","35,3631","33,6714","33,6736"
12/12/2011,"35,3553","36,5203","34,9664","36,2503"
12/9/2011,"38,4767","38,4932","34,8995","34,9028"
12/8/2011,"37,0664","39,6298","36,7881","39,3825"
12/7/2011,"36,0752","38,6788","35,9528","37,2166"
12/6/2011,"37,0721","37,4998","36,4627","36,9213"
12/5/2011,"36,1181","36,468","35,2862","35,9744"
12/2/2011,"35,729","35,851","34,3842","35,6881"
12/1/2011,"37,19","37,9141","35,9306","36,5396"
11/30/2011,"38,7369","39,2962","35,7704","37,0829"
11/29/2011,"38,8932","39,9688","37,7804","38,6637"
11/28/2011,"40,1106","40,4026","38,9704","38,9704"
11/25/2011,"39,9478","41,9636","39,9181","40,8202"
11/24/2011,"39,57","42,7362","39,2581","40,3246"
11/23/2011,"39,9072","41,015","38,4995","40,9728"
11/22/2011,"39,1415","40,5442","38,3579","39,5623"
11/21/2011,"40,1542","41,9907","40,1459","41,2081"
11/18/2011,"39,6958","39,714","37,3695","38,2997"
11/17/2011,"37,8865","40,5789","37,852","39,0576"
11/16/2011,"38,8668","40,3419","37,2311","38,0763"
11/15/2011,"40,2434","42,9256","39,3651","39,6113"
11/14/2011,"38,6542","41,2107","38,6358","40,1517"
11/11/2011,"42,0763","42,0763","38,3974","39,5323"
11/10/2011,"43,6205","44,338","40,6382","43,7184"
11/9/2011,"38,3633","43,7764","37,9298","41,7228"
11/8/2011,"40,624","40,7765","38,2198","39,6689"
11/7/2011,"43,9635","44,6855","41,2898","42,2205"
11/4/2011,"38,5074","42,2073","37,651","41,4944"
11/3/2011,"44,5114","44,5114","39,7301","40,054"
11/2/2011,"39,6861","44,3222","39,6415","42,1425"
11/1/2011,"42,2523","44,679","39,8395","42,9562"
10/31/2011,"32,8799","35,1674","32,8109","35,1198"
10/28/2011,"29,3704","31,4681","28,2853","31,2429"
10/27/2011,"31,0282","31,9677","30,3229","30,3371"
10/26/2011,"37,6672","38,9421","36,0299","37,7721"
10/25/2011,"37,5333","39,0376","35,6246","37,8419"
10/24/2011,"39,288","39,6786","37,0802","37,3083"
10/21/2011,"43,2301","43,2358","39,1006","40,7402"
10/20/2011,"41,8466","45,3271","40,5421","44,6144"
10/19/2011,"38,3632","39,8925","36,5989","39,8925"
10/18/2011,"41,5311","42,4438","38,9121","39,665"
10/17/2011,"34,9372","39,6859","32,3546","38,8089"
10/14/2011,"37,7857","38,2954","33,9538","34,9396"
10/13/2011,"35,9402","39,1565","35,2117","38,7483"
10/12/2011,"38,3476","38,6049","35,1768","35,7679"
10/11/2011,"38,5134","39,6972","38,0057","38,1751"
10/10/2011,"41,0083","41,3937","37,4501","37,9148"
10/7/2011,"42,3241","42,4423","39,6422","40,5639"
10/6/2011,"45,0548","45,6528","42,6176","42,6277"
10/5/2011,"48,3171","49,0231","45,5594","45,597"
10/4/2011,"50,0911","52,6209","49,9347","50,4407"
10/3/2011,"50,3126","50,3126","48,1906","48,6534"
9/30/2011,"44,9455","47,0468","44,3322","46,6796"
9/29/2011,"46,0191","46,7017","43,4214","44,442"
9/28/2011,"44,7474","46,788","44,079","46,3864"
9/27/2011,"46,7813","47,3021","45,0305","45,5196"
9/26/2011,"50,4688","50,4762","47,8975","49,2866"
9/23/2011,"46,6522","51,6603","46,4958","48,5408"
9/22/2011,"46,2801","48,8386","45,5925","47,781"
9/21/2011,"42,9573","44,1818","42,4554","44,1387"
9/20/2011,"45,3149","45,4953","42,5532","42,7855"
9/19/2011,"45,8163","47,4744","45,007","45,6132"
9/16/2011,"41,8781","43,6327","40,69","42,963"
9/15/2011,"44,509","44,6633","41,118","42,2886"
9/14/2011,"48,8595","49,6349","46,7206","46,7296"
9/13/2011,"51,3636","55,5178","48,3726","49,1151"
9/12/2011,"54,6401","56,3394","52,2267","53,5472"
9/9/2011,"41,1444","49,8128","41,0771","49,7943"
9/8/2011,"42,0225","43,6381","41,0624","41,6299"
9/7/2011,"45,2486","45,4943","43,411","43,4696"
9/6/2011,"46,1818","49,8557","44,9207","47,8677"
9/5/2011,"44,0896","48,9737","43,9311","46,8414"
9/2/2011,"37,962","41,2193","37,9277","40,0959"
9/1/2011,"35,7057","38,9228","35,0556","36,5683"
8/31/2011,"37,7226","37,7487","34,1689","35,6495"
8/30/2011,"37,3693","39,5726","37,3602","38,1572"
8/29/2011,"41,6184","41,6184","38,5996","39,2544"
8/26/2011,"45,4743","49,1102","43,1872","43,5524"
8/25/2011,"40,951","45,342","40,2583","44,3803"
8/24/2011,"44,0433","44,9189","41,3073","42,1282"
8/23/2011,"43,4121","46,6037","42,0776","44,353"
8/22/2011,"47,4432","47,4432","43,5123","46,5895"
8/19/2011,"50,9294","56,2827","44,3062","47,306"
8/18/2011,"36,3157","48,8628","35,9525","47,1694"
8/17/2011,"38,4244","39,1424","34,5316","35,0436"
8/16/2011,"40,9758","42,5076","37,9704","38,0487"
8/15/2011,"42,9773","43,4438","39,6278","40,353"
8/12/2011,"49,4584","50,3745","44,0768","44,8485"
8/11/2011,"45,544","55,0625","43,7952","48,7042"
8/10/2011,"42,8478","50,922","40,1117","49,4966"
8/9/2011,"42,8031","59,8016","42,686","46,3979"
8/8/2011,"39,0083","46,1106","37,3233","45,3038"
8/5/2011,"37,3991","40,0615","35,1866","39,2459"
8/4/2011,"27,8962","34,7421","27,8236","34,629"
8/3/2011,"31,0038","31,1567","28,2614","29,7215"
8/2/2011,"30,0482","30,5871","28,364","29,346"
8/1/2011,"25,44","29,5822","25,4061","29,0047"
7/29/2011,"28,1563","29,355","27,1609","27,6238"
7/28/2011,"27,0171","28,2626","26,1945","26,5424"
7/27/2011,"25,1593","26,9658","24,9989","26,0272"
7/26/2011,"23,8479","25,0774","23,7224","24,0382"
7/25/2011,"23,91","24,8761","23,5829","24,5023"
7/22/2011,"21,9809","23,1845","21,4179","22,4011"
7/21/2011,"27,0181","29,5427","23,4217","23,8296"
7/20/2011,"27,7342","28,6235","26,8752","27,6533"
7/19/2011,"30,0314","30,0314","27,8361","28,9959"
7/18/2011,"30,0779","31,5691","30,037","31,0008"
7/15/2011,"28,7799","29,6554","27,3612","28,1168"
7/14/2011,"27,6023","28,816","26,7013","27,271"
7/13/2011,"27,8427","27,8779","26,1569","26,4656"
7/12/2011,"31,2285","32,9494","28,1296","28,2541"
7/11/2011,"24,0371","27,1647","23,9579","26,2613"
7/8/2011,"20,2589","22,5647","20,2493","22,4146"
7/7/2011,"20,6548","21,077","19,9342","20,5946"
7/6/2011,"20,9292","21,9595","20,8691","20,9197"
7/5/2011,"20,1251","20,5543","19,8112","20,2611"
7/4/2011,"20,2859","20,4329","19,6443","19,7265"
7/1/2011,"21,444","21,6597","19,279","19,7294"
6/30/2011,"23,2443","23,2443","21,5057","21,5622"
6/29/2011,"26,1733","26,5492","23,8355","24,061"
6/28/2011,"27,5329","28,8336","27,1379","27,6888"
6/27/2011,"28,076","28,5298","27,4405","28,2016"
6/24/2011,"25,1218","28,4645","24,7328","27,1728"
6/23/2011,"24,4922","27,5229","24,4922","27,3023"
6/22/2011,"24,1783","24,4951","23,2873","23,3426"
6/21/2011,"24,4979","25,3344","23,9414","24,7477"
6/20/2011,"26,9697","27,5501","25,4697","25,5434"
6/17/2011,"25,6717","26,8249","23,7672","24,25"
6/16/2011,"24,8583","25,9184","24,1104","24,4295"
6/15/2011,"21,763","23,2784","21,6232","23,0617"
6/14/2011,"21,8294","21,9097","21,117","21,3224"
6/13/2011,"23,2123","23,3574","22,554","22,8375"
6/10/2011,"21,009","23,0424","20,57","22,6181"
6/9/2011,"21,9348","22,702","20,9102","20,9443"
6/8/2011,"22,5552","23,6449","22,3506","22,6861"
6/7/2011,"22,8191","22,8191","22,043","22,3739"
6/6/2011,"23,1564","23,8146","22,9415","23,1505"
6/3/2011,"22,7292","23,9634","22,1972","22,6548"
6/2/2011,"22,071","22,8779","21,7646","22,8441"
6/1/2011,"20,2115","21,4738","19,8387","20,9271"
5/31/2011,"20,5052","20,7003","19,9913","20,353"
5/30/2011,"21,6948","21,9247","21,3824","21,7424"
5/27/2011,"21,512","22,6972","21,2579","21,4688"
5/26/2011,"22,0739","23,4523","21,6226","22,7415"
5/25/2011,"24,3895","24,4218","22,6108","22,6511"
5/24/2011,"23,8466","24,0687","23,2657","23,767"
5/23/2011,"24,8457","25,4102","24,5744","24,7811"
5/20/2011,"20,3274","22,5342","19,5507","22,3836"
5/19/2011,"21,6886","22,1302","20,3796","21,0276"
5/18/2011,"21,8235","23,7907","21,7386","22,356"
5/17/2011,"22,691","23,3238","21,7217","23,103"
5/16/2011,"23,4118","23,9032","22,1454","22,3774"
5/13/2011,"21,218","22,3085","20,6109","22,0822"
5/12/2011,"22,0984","23,1921","21,8671","21,8671"
5/11/2011,"21,0957","21,5662","20,4862","21,0675"
5/10/2011,"21,9271","22,1443","20,9923","21,5022"
5/9/2011,"21,5665","22,9534","20,834","22,5141"
5/6/2011,"22,3599","22,386","19,8915","19,9772"
5/5/2011,"21,6684","23,5143","21,3806","22,5461"
5/4/2011,"20,3269","22,048","19,864","21,8564"
5/3/2011,"19,6643","20,8254","19,6327","20,7988"
5/2/2011,"18,8631","19,6261","18,6071","19,6212"
4/29/2011,"18,8048","19,1461","18,2846","18,4785"
4/28/2011,"18,9463","19,4745","18,6833","18,8269"
4/27/2011,"19,1849","20,0605","18,6395","19,8336"
4/26/2011,"20,4384","20,4703","19,4331","19,4866"
4/21/2011,"18,2952","19,0135","18,0217","18,9266"
4/20/2011,"18,9948","19,2258","17,3161","19,0849"
4/19/2011,"21,6882","21,8174","20,5361","20,8171"
4/18/2011,"19,554","23,0966","19,459","22,7879"
4/15/2011,"20,6424","20,768","18,661","18,8037"
4/14/2011,"20,8148","21,8029","20,5549","20,7375"
4/13/2011,"21,5383","21,8367","20,8018","21,1973"
4/12/2011,"21,201","22,9433","20,8623","22,4991"
4/11/2011,"20,3972","20,8724","19,8959","19,98"
4/8/2011,"20,0884","20,2927","19,8299","19,9611"
4/7/2011,"19,8484","21,2473","19,5528","21,0214"
4/6/2011,"20,4501","21,0371","19,8076","20,155"
4/5/2011,"20,8781","21,486","20,4938","20,5154"
4/4/2011,"21,3446","21,3846","20,5049","20,6621"
4/1/2011,"21,607","21,8914","20,171","20,4234"
3/31/2011,"21,2535","22,532","21,0519","22,08"
3/30/2011,"21,5371","22,0968","21,3103","21,4727"
3/29/2011,"22,3617","23,7223","22,2818","22,4978"
3/28/2011,"23,2007","23,3967","22,3942","22,4799"
3/25/2011,"21,9163","22,603","21,7877","22,0837"
3/24/2011,"23,9213","23,9926","21,979","22,1"
3/23/2011,"24,4574","25,3635","23,8704","23,9226"
3/22/2011,"23,9617","24,7543","23,2613","24,3914"
3/21/2011,"27,3949","27,4015","25,2355","25,2355"
3/18/2011,"28,6697","29,0614","27,0441","28,5337"
3/17/2011,"33,6675","34,8462","30,156","30,6133"
3/16/2011,"29,6501","35,5367","28,9682","35,2293"
3/15/2011,"29,363","39,3709","29,118","31,0104"
3/14/2011,"25,9119","27,1386","24,9194","26,7431"
3/11/2011,"25,1069","25,3953","24,5001","24,7086"
3/10/2011,"24,4582","25,1939","23,7134","24,1369"
3/9/2011,"23,4347","23,924","22,6199","23,4775"
3/8/2011,"23,7959","24,9796","23,3826","23,4535"
3/7/2011,"24,7615","24,9556","22,9757","24,4135"
3/4/2011,"23,3157","23,9906","22,4423","23,6358"
3/3/2011,"24,0249","24,7478","22,9477","23,9314"
3/2/2011,"24,8863","25,832","24,1552","24,5965"
3/1/2011,"21,8741","24,5611","21,446","23,82"
2/28/2011,"23,8097","24,4204","22,021","22,7141"
2/25/2011,"24,1704","24,2727","22,7328","23,1032"
2/24/2011,"26,2119","26,3133","24,9115","24,9885"
2/23/2011,"24,122","25,2901","23,2773","24,9891"
2/22/2011,"23,6803","24,5943","23,211","23,9321"
2/21/2011,"20,6192","22,209","20,0144","22,1446"
2/18/2011,"19,8485","20,9026","19,5623","19,6952"
2/17/2011,"19,1845","20,6643","19,1756","19,9957"
2/16/2011,"20,1176","20,1281","18,9361","19,1885"
2/15/2011,"20,8245","20,8245","20,022","20,4386"
2/14/2011,"19,8265","20,9616","19,8189","20,7408"
2/11/2011,"20,2905","20,8378","19,6459","19,946"
2/10/2011,"19,8638","21,0376","19,741","19,7522"
2/9/2011,"20,1086","20,1469","19,3952","19,7493"
2/8/2011,"20,3477","20,6394","20,05","20,206"
2/7/2011,"21,1168","21,147","20,0785","20,3702"
2/4/2011,"21,6555","21,7911","20,6236","20,8982"
2/3/2011,"21,7509","22,3942","21,7144","22,0919"
2/2/2011,"21,6389","22,1098","21,3305","21,6554"
2/1/2011,"22,4832","22,9741","21,6246","22,1521"
1/31/2011,"23,869","24,6639","22,3439","22,7339"
1/28/2011,"21,4277","22,2276","20,7746","22,1322"
1/27/2011,"21,7181","21,7508","20,4292","21,1087"
1/26/2011,"21,0364","21,5619","20,601","21,5269"
1/25/2011,"20,2047","21,6363","20,2013","21,5594"
1/24/2011,"20,3145","21,348","20,2554","20,3845"
1/21/2011,"20,3455","20,6209","18,9721","19,8027"
1/20/2011,"21,2405","21,7491","20,5467","21,1074"
1/19/2011,"20,1938","21,3095","19,8213","21,2715"
1/18/2011,"20,7335","20,7467","19,8805","20,1918"
1/17/2011,"21,1701","21,6381","21,0643","21,1731"
1/14/2011,"21,6294","21,8358","20,4388","20,4446"
1/13/2011,"22,1739","22,3888","21,4025","21,4741"
1/12/2011,"23,6295","23,6311","22,0206","22,2715"
1/11/2011,"25,3863","25,5103","23,8439","23,8595"
1/10/2011,"25,2709","26,1","25,1162","25,7194"
1/7/2011,"23,3132","24,6843","23,0795","23,9501"
1/6/2011,"22,8062","23,4248","22,0698","23,3018"
1/5/2011,"23,4003","24,5726","23,0284","23,0796"
1/4/2011,"23,3677","23,8227","22,2934","23,156"
1/3/2011,"24,2291","24,2526","23,1589","23,6239"
12/30/2010,"22,0515","24,1887","22,0479","23,9165"
12/29/2010,"22,2507","22,2664","21,6292","22,009"
12/28/2010,"22,2195","22,683","22,026","22,5709"
12/27/2010,"22,721","22,9083","22,4873","22,5773"
12/23/2010,"18,5765","19,6503","18,576","19,5693"
12/22/2010,"18,3669","18,994","17,8944","18,5947"
12/21/2010,"18,339","18,5238","18,0661","18,4719"
12/20/2010,"20,1256","20,1281","18,4498","18,68"
12/17/2010,"18,4088","19,5061","18,1378","19,2522"
12/16/2010,"18,6419","18,8482","17,8895","18,3588"
12/15/2010,"20,3306","21,2223","19,6645","19,8565"
12/14/2010,"20,2121","20,8266","19,698","19,7225"
12/13/2010,"21,2982","21,4747","20,2489","20,4241"
12/10/2010,"21,3535","21,7333","21,1015","21,1483"
12/9/2010,"21,6953","22,2385","21,3358","21,6528"
12/8/2010,"23,5555","23,7445","22,0851","22,4882"
12/7/2010,"24,1451","24,529","22,8203","23,3351"
12/6/2010,"24,6361","25,5218","24,2339","24,7228"
12/3/2010,"25,274","25,4018","23,7028","23,8826"
12/2/2010,"27,7796","29,1283","25,3446","25,3572"
12/1/2010,"29,6638","29,924","27,8941","28,1338"
11/30/2010,"30,1477","32,3672","30,1468","31,0728"
11/29/2010,"27,6985","31,1045","26,9054","30,6685"
11/26/2010,"26,5803","29,126","26,0779","28,4384"
11/25/2010,"26,0766","26,8512","25,2594","25,4157"
11/24/2010,"27,0954","28,4866","25,8163","26,378"
11/23/2010,"24,6968","28,2873","24,577","27,629"
11/22/2010,"21,4097","23,6121","21,3409","23,3719"
11/19/2010,"22,4142","23,7762","22,0168","22,0588"
11/18/2010,"23,9038","23,9126","22,6473","22,9185"
11/17/2010,"26,1312","26,1476","24,7645","24,7764"
11/16/2010,"24,5151","26,4204","24,117","26,3614"
11/15/2010,"25,7171","25,7673","23,3546","23,6229"
11/12/2010,"25,5071","25,6961","23,6776","24,6155"
11/11/2010,"22,483","24,3231","22,3964","23,4862"
11/10/2010,"20,9943","23,6086","20,6905","22,6167"
11/9/2010,"21,8393","21,918","20,3392","20,6317"
11/8/2010,"22,4808","22,6865","21,6913","21,7672"
11/5/2010,"21,2526","22,167","20,742","21,8485"
11/4/2010,"21,9415","22,1414","21,2652","21,5165"
11/3/2010,"23,8172","25,4554","23,4915","25,4353"
11/2/2010,"24,6871","24,6871","23,6462","23,8859"
11/1/2010,"23,7387","25,1366","23,5139","24,6186"
10/29/2010,"22,9721","23,8246","22,745","23,3884"
10/28/2010,"23,1529","23,5496","22,603","22,81"
10/27/2010,"22,9236","24,1894","22,2095","23,9142"
10/26/2010,"22,2853","22,9773","22,1242","22,1475"
10/25/2010,"22,1039","22,3715","21,8573","22,0429"
10/22/2010,"21,7829","21,8556","21,1298","21,7654"
10/21/2010,"21,6971","22,0997","21,1326","22,0435"
10/20/2010,"22,2411","22,3329","21,2168","21,7151"
10/19/2010,"21,7771","22,2419","20,8012","22,0645"
10/18/2010,"22,6181","22,7325","21,1706","21,3909"
10/15/2010,"21,3288","22,6466","21,177","21,5816"
10/14/2010,"20,4356","21,8102","19,8832","21,4778"
10/13/2010,"22,2846","22,3326","21,4134","21,7702"
10/12/2010,"23,2959","23,953","22,6623","22,751"
10/11/2010,"23,4636","23,5004","22,4312","22,5377"
10/8/2010,"24,2613","24,33","22,8174","22,8174"
10/7/2010,"24,5843","25,2333","23,6946","23,9852"
10/6/2010,"24,7434","24,8669","24,0728","24,6471"
10/5/2010,"27,1617","27,2569","24,9084","25,113"
10/4/2010,"27,1098","28,2456","26,6718","27,0484"
10/1/2010,"25,2832","26,6225","25,0739","26,3651"
9/30/2010,"25,8071","26,2891","24,4604","26,1124"
9/29/2010,"24,1959","25,5963","24,1717","25,0618"
9/28/2010,"25,4019","26,2368","24,4216","24,7616"
9/27/2010,"24,2885","24,7761","23,8683","24,559"
9/24/2010,"25,5721","25,9556","23,5678","23,6604"
9/23/2010,"24,8041","27,3148","24,782","25,563"
9/22/2010,"24,7065","26,1847","24,6828","25,4218"
9/21/2010,"24,434","25,0769","23,8952","25,0769"
9/20/2010,"25,1882","25,2889","23,8031","24,1468"
9/17/2010,"23,3865","25,9558","23,0799","24,5388"
9/16/2010,"23,7025","24,4864","23,4618","24,0703"
9/15/2010,"23,966","24,6279","23,4796","23,5735"
9/14/2010,"23,6687","24,3001","23,1802","23,2662"
9/13/2010,"24,6202","24,6659","23,5072","23,7725"
9/10/2010,"24,0927","24,7857","23,9517","24,6199"
9/9/2010,"25,2252","25,4426","23,925","24,2136"
9/8/2010,"25,514","26,8942","24,8258","24,858"
9/7/2010,"24,8767","25,855","24,8508","25,2572"
9/6/2010,"24,9198","24,9477","24,3098","24,4704"
9/3/2010,"25,8018","25,8534","23,8664","24,5597"
9/2/2010,"26,2298","26,7048","25,9054","25,9121"
9/1/2010,"28,7165","29,152","25,8175","26,2515"
8/31/2010,"30,4872","30,6913","29,1931","29,3735"
8/30/2010,"28,6388","29,1823","28,3082","29,0896"
8/27/2010,"30,075","30,6066","28,2603","28,3184"
8/26/2010,"30,0504","30,6552","29,2008","29,9828"
8/25/2010,"30,4698","32,2038","29,5296","30,8373"
8/24/2010,"29,3264","31,2063","29,3264","30,0343"
8/23/2010,"29,5833","29,7866","27,3314","28,2907"
8/20/2010,"28,9503","30,468","28,9483","29,0491"
8/19/2010,"26,1601","29,4344","25,7405","29,33"
8/18/2010,"28,268","28,766","26,5757","26,7371"
8/17/2010,"29,4114","29,4838","27,7326","27,7678"
8/16/2010,"29,8268","31,2318","29,3824","29,9967"
8/13/2010,"28,4146","30,9888","27,9541","29,1965"
8/12/2010,"29,712","30,762","29,1562","29,3678"
8/11/2010,"28,1317","30,2249","27,906","30,0144"
8/10/2010,"26,3873","27,981","26,3762","27,0942"
8/9/2010,"26,8132","26,8132","25,7148","25,8315"
8/6/2010,"24,8565","27,7239","24,5672","27,1054"
8/5/2010,"25,6503","25,7983","24,1406","25,1036"
8/4/2010,"26,3234","27,1039","25,3235","25,4719"
8/3/2010,"26,3039","27,1497","26,1036","26,1666"
8/2/2010,"27,7877","27,9138","26,2519","26,3127"
7/30/2010,"26,804","28,8268","26,5334","27,1611"
7/29/2010,"26,3842","27,1207","25,314","27,1207"
7/28/2010,"25,7657","26,8841","25,6148","26,6136"
7/27/2010,"25,911","26,9181","25,7353","26,4061"
7/26/2010,"28,3223","28,9475","26,7085","26,7958"
7/23/2010,"27,7232","28,6858","27,0401","28,0725"
7/22/2010,"28,6782","28,7587","27,0588","27,2761"
7/21/2010,"27,1075","28,5993","26,8648","28,4295"
7/20/2010,"28,1642","30,5939","28,042","28,2169"
7/19/2010,"29,4661","29,5887","27,4514","28,5292"
7/16/2010,"27,0941","29,6186","26,4755","27,0579"
7/15/2010,"26,9436","28,6246","26,1958","27,2994"
7/14/2010,"26,7575","28,5927","26,4939","27,7218"
7/13/2010,"27,4229","27,8743","26,5482","26,8765"
7/12/2010,"28,5733","29,162","27,8269","28,2624"
7/9/2010,"27,8859","28,436","27,3939","27,9513"
7/8/2010,"29,3905","29,7345","28,5795","29,0105"
7/7/2010,"31,2131","32,2065","29,8969","30,2616"
7/6/2010,"31,8866","31,8963","29,8237","31,0215"
7/5/2010,"33,4016","33,845","32,2734","32,5953"
7/2/2010,"35,0193","35,6047","32,4101","33,5925"
7/1/2010,"35,7036","37,118","34,4045","36,2527"
6/30/2010,"35,0888","35,2822","33,5791","34,3161"
6/29/2010,"32,0048","35,4223","31,6509","35,0433"
6/28/2010,"32,2823","33,0909","30,0299","30,097"
6/25/2010,"31,5886","32,5391","30,5327","32,1028"
6/24/2010,"27,9134","32,1732","27,9047","31,3907"
6/23/2010,"27,8797","29,5995","26,9458","28,6733"
6/22/2010,"27,1812","28,2645","26,3909","26,419"
6/21/2010,"26,4362","27,1607","26,1443","26,6207"
6/18/2010,"28,088","28,5911","26,1417","26,9603"
6/17/2010,"29,2124","29,5932","28,0389","29,1763"
6/16/2010,"27,9496","30,3806","27,7769","28,9965"
6/15/2010,"30,0449","30,546","28,0999","28,2771"
6/14/2010,"30,7119","30,9782","29,4347","29,638"
6/11/2010,"32,1073","33,0497","30,3965","31,3614"
6/10/2010,"36,6671","37,165","32,7941","33,0699"
6/9/2010,"39,2628","41,3634","36,2058","36,3198"
6/8/2010,"40,208","43,136","39,7263","41,6163"
6/7/2010,"40,8505","41,386","38,4253","40,8221"
6/4/2010,"32,4238","38,5881","31,8675","37,6914"
6/3/2010,"31,9567","33,3965","31,8021","33,3359"
6/2/2010,"36,2024","37,7941","35,2888","35,4258"
6/1/2010,"35,6747","38,5086","34,8482","35,27"
5/31/2010,"33,9857","34,47","33,3961","34,3976"
5/28/2010,"33,3519","34,0855","32,4231","33,8757"
5/27/2010,"37,2605","37,983","34,4969","34,9147"
5/26/2010,"41,581","41,7159","37,7054","40,0068"
5/25/2010,"46,9484","48,1154","45,094","45,1801"
5/24/2010,"44,9389","46,9523","42,4966","42,6168"
5/21/2010,"49,5072","54,5917","45,7465","46,1742"
5/20/2010,"42,2648","53,093","41,6493","49,8735"
5/19/2010,"40,1732","44,9342","38,9085","44,7352"
5/18/2010,"38,8129","38,8384","36,1938","37,2068"
5/17/2010,"42,6034","43,1568","39,4686","41,8704"
5/14/2010,"32,8782","43,098","32,8782","42,5944"
5/13/2010,"31,8437","33,3807","31,2025","31,6534"
5/12/2010,"39,1749","39,2434","33,6247","34,2833"
5/11/2010,"39,8555","42,9956","38,6985","39,153"
5/10/2010,"43,1772","43,1772","37,1903","38,6586"
5/7/2010,"41,9839","52,3337","40,6873","49,5956"
5/6/2010,"34,339","38,0484","32,9141","36,8128"
5/5/2010,"32,672","35,4914","32,672","33,2533"
5/4/2010,"28,3611","33,3481","28,3507","33,146"
5/3/2010,"30,4064","30,8643","28,5297","28,7236"
4/30/2010,"28,9812","30,0702","28,0033","28,89"
4/29/2010,"30,8302","31,1904","29,2201","29,5246"
4/28/2010,"29,843","34,1728","29,6845","31,4532"
4/27/2010,"24,6911","28,556","24,6224","28,556"
4/26/2010,"23,6105","24,4521","23,3363","24,3701"
4/23/2010,"25,4005","25,4512","23,6257","24,004"
4/22/2010,"22,4167","25,6272","21,6829","24,7953"
4/21/2010,"21,0257","22,5195","20,9681","22,4995"
4/20/2010,"22,247","22,5759","21,0156","21,0511"
4/19/2010,"23,3459","24,0401","22,7519","23,2228"
4/16/2010,"20,5881","22,971","19,4188","22,4362"
4/15/2010,"20,2932","20,9321","19,8776","20,2712"
4/14/2010,"20,7419","21,0298","20,4889","20,7926"
4/13/2010,"20,6323","21,4108","20,5055","21,0781"
4/12/2010,"20,7394","21,1973","20,5857","20,7268"
4/9/2010,"21,3226","21,3556","20,4989","20,5366"
4/8/2010,"21,563","23,0958","21,5066","22,4955"
4/7/2010,"20,3685","21,399","20,338","21,151"
4/6/2010,"20,9108","21,283","20,4064","20,6297"
4/1/2010,"19,9745","20,1398","19,6893","19,9987"
3/31/2010,"20,5398","21,1158","20,0368","20,5988"
3/30/2010,"20,0386","20,6588","19,9174","20,4679"
3/29/2010,"20,3023","21,0805","20,2065","20,3509"
3/26/2010,"20,1598","20,2272","19,5106","19,7951"
3/25/2010,"20,5093","20,5704","19,5253","19,8877"
3/24/2010,"19,9911","21,5577","19,9218","20,6059"
3/23/2010,"20,9694","21,0096","19,935","19,935"
3/22/2010,"21,7874","22,4858","21,0669","21,0976"
3/19/2010,"20,5174","21,0763","19,59","20,4963"
3/18/2010,"20,9842","21,1333","20,5845","20,7944"
3/17/2010,"21,1395","21,1416","20,3387","20,4596"
3/16/2010,"21,9843","22,0046","21,4016","21,5082"
3/15/2010,"22,4127","22,814","22,1637","22,5512"
3/12/2010,"21,401","22,0446","21,148","21,9337"
3/11/2010,"21,8589","22,2211","21,5723","21,6064"
3/10/2010,"21,8899","22,1464","21,5609","21,8234"
3/9/2010,"21,6546","22,6922","21,6376","21,9089"
3/8/2010,"21,439","22,1713","21,4314","22,1037"
3/5/2010,"22,2355","22,422","20,6957","20,8733"
3/4/2010,"23,0009","23,1132","22,3003","22,509"
3/3/2010,"22,9282","23,4829","22,4134","22,5647"
3/2/2010,"23,8478","24,1283","23,0787","23,0869"
3/1/2010,"23,9863","25,2245","23,9282","24,2057"
2/26/2010,"25,0345","25,3548","24,0998","24,3654"
2/25/2010,"25,2409","26,7426","24,5876","25,7752"
2/24/2010,"24,9674","26,2324","24,6685","25,0557"
2/23/2010,"23,2263","25,5552","22,9671","25,2581"
2/22/2010,"24,5393","24,6793","23,6447","23,8859"
2/19/2010,"24,997","25,5162","23,7642","23,8134"
2/18/2010,"25,3455","25,6747","24,5567","24,5976"
2/17/2010,"26,0528","26,0561","25,2645","25,6233"
2/16/2010,"27,4865","28,4819","26,7594","26,7825"
2/15/2010,"28,4557","28,6147","27,9477","28,3269"
2/12/2010,"27,667","29,0952","27,666","28,4507"
2/11/2010,"28,4282","30,5792","28,0713","29,1073"
2/10/2010,"28,8864","29,6353","28,2817","29,2527"
2/9/2010,"30,1187","30,3705","29,1072","29,5998"
2/8/2010,"31,245","31,7404","29,8814","29,9954"
2/5/2010,"30,3225","32,3786","29,6851","30,5511"
2/4/2010,"25,3137","29,5287","25,1492","29,2653"
2/3/2010,"24,6821","25,6058","24,2529","25,4074"
2/2/2010,"26,2691","26,5514","24,8222","24,871"
2/1/2010,"27,5555","27,5555","26,2503","26,3665"
1/29/2010,"27,1251","27,7302","26,0302","26,7238"
1/28/2010,"25,9896","28,2822","25,4716","28,1495"
1/27/2010,"26,5948","27,6558","26,0589","27,4525"
1/26/2010,"27,4035","27,4173","25,5367","25,68"
1/25/2010,"27,4464","27,482","26,4262","27,0738"
1/22/2010,"25,6687","28,311","24,8899","27,0923"
1/21/2010,"22,5919","26,415","22,4035","26,415"
1/20/2010,"20,9971","23,7706","20,5902","23,4058"
1/19/2010,"21,6119","22,1418","19,9774","20,3124"
1/18/2010,"22,3647","22,3932","20,9483","20,9832"
1/15/2010,"20,6054","22,2754","20,2261","22,2754"
1/14/2010,"21,3461","21,6943","20,5256","20,5491"
1/13/2010,"23,1566","23,1678","22,3243","22,607"
1/12/2010,"22,3332","23,5163","22,3069","22,9229"
1/11/2010,"22,1264","22,7295","21,7619","22,7292"
1/8/2010,"22,3741","23,0288","21,7803","21,9757"
1/7/2010,"23,4899","23,6946","22,5039","22,6947"
1/6/2010,"22,9413","23,4953","22,7836","22,9753"
1/5/2010,"23,4137","23,5596","22,9884","23,1342"
1/4/2010,"25,1478","25,1478","23,5136","23,5136"
12/30/2009,"23,1887","24,1509","22,8458","24,0577"
12/29/2009,"23,4344","23,5169","22,9593","23,3564"
12/28/2009,"23,8106","24,1205","23,2868","23,5164"
12/23/2009,"23,0513","23,3339","22,5139","22,8498"
12/22/2009,"22,935","23,4086","22,7162","23,2634"
12/21/2009,"25,3965","25,4065","23,3537","23,3807"
12/18/2009,"24,0511","25,1524","23,2015","25,1044"
12/17/2009,"23,3854","24,2479","23,2654","24,101"
12/16/2009,"23,5861","23,6065","22,9731","23,2551"
12/15/2009,"24,0887","25,1534","23,612","23,9015"
12/14/2009,"24,7835","25,0103","24,4335","24,4541"
12/11/2009,"25,7499","25,9548","24,8142","25,2094"
12/10/2009,"28,1396","28,247","26,7308","26,963"
12/9/2009,"26,8548","29,3881","26,5983","28,3235"
12/8/2009,"24,8489","27,3144","24,0897","26,6741"
12/7/2009,"25,617","26,2608","24,7688","24,8858"
12/4/2009,"26,577","26,7104","24,6747","24,8832"
12/3/2009,"25,6857","26,5629","25,2973","26,1293"
12/2/2009,"26,379","26,9747","26,0042","26,3854"
12/1/2009,"28,875","28,875","26,8342","26,9483"
11/30/2009,"28,6591","31,1486","28,6591","30,2813"
11/27/2009,"32,5358","32,5358","27,6451","28,3598"
11/26/2009,"24,9153","31,311","24,8653","30,3482"
11/25/2009,"24,0038","24,5879","23,3226","23,6802"
11/24/2009,"25,2603","25,3102","24,4076","24,9072"
11/23/2009,"26,2669","26,2752","24,4935","24,971"
11/20/2009,"25,7597","27,247","25,1596","26,5338"
11/19/2009,"25,675","26,9789","25,5544","26,5245"
11/18/2009,"25,7372","26,0355","25,1519","25,3958"
11/17/2009,"26,4713","26,8279","26,3186","26,6583"
11/16/2009,"26,2008","26,2011","25,7513","26,0885"
11/13/2009,"26,3855","26,8696","25,7715","25,7949"
11/12/2009,"26,3543","26,577","25,6287","26,5419"
11/11/2009,"25,8393","26,5551","25,4967","26,5252"
11/10/2009,"26,3082","26,5124","25,8459","26,3612"
11/9/2009,"27,5226","27,5833","26,2749","26,3446"
11/6/2009,"27,9625","28,981","27,1681","27,4821"
11/5/2009,"30,1937","30,4347","27,6459","28,267"
11/4/2009,"31,2013","31,2045","29,465","29,5213"
11/3/2009,"31,8334","33,3585","31,4743","31,7691"
11/2/2009,"32,004","32,004","30,4836","30,9759"
10/30/2009,"27,2853","31,3343","26,8246","31,3257"
10/29/2009,"29,4223","29,5002","27,0267","27,4348"
10/28/2009,"28,0071","29,0465","27,6827","28,8978"
10/27/2009,"26,9824","27,8119","26,5345","27,4338"
10/26/2009,"25,1633","27,4142","24,7035","27,2798"
10/23/2009,"23,7383","24,4296","23,4095","24,4296"
10/22/2009,"25,2475","25,4635","24,3459","24,3875"
10/21/2009,"24,3905","25,5549","23,842","23,842"
10/20/2009,"25,2925","25,7856","24,5576","24,5576"
10/19/2009,"25,5036","25,9683","25,0772","25,2672"
10/16/2009,"23,962","25,5709","23,3669","25,199"
10/15/2009,"24,148","25,3015","24,148","24,7769"
10/14/2009,"25,7278","25,9793","25,2822","25,38"
10/13/2009,"25,783","27,0939","25,3691","27,0429"
10/12/2009,"26,8326","26,8589","25,6154","25,8123"
10/9/2009,"25,9411","26,7089","25,4846","26,2717"
10/8/2009,"26,4862","27,1281","26,0452","26,0493"
10/7/2009,"27,0498","27,554","26,7757","27,2934"
10/6/2009,"28,9412","28,9412","27,5019","27,5164"
10/5/2009,"31,521","31,521","29,1913","29,3201"
10/2/2009,"29,8148","31,1324","29,8148","30,1776"
10/1/2009,"26,5307","29,2902","26,2571","29,224"
9/30/2009,"25,7706","27,4015","25,4064","26,8181"
9/29/2009,"26,3515","26,9363","26,012","26,2436"
9/28/2009,"28,2968","29,1647","26,4254","26,4844"
9/25/2009,"27,2682","27,501","26,7902","27,1017"
9/24/2009,"26,4655","27,6538","25,5132","27,1057"
9/23/2009,"25,4738","25,7603","25,0619","25,5973"
9/22/2009,"25,4594","26,1199","25,1147","25,5304"
9/21/2009,"26,7643","27,0225","26,0077","26,0353"
9/18/2009,"26,1373","26,26","25,3898","25,6896"
9/17/2009,"25,6145","26,4635","25,6145","25,9097"
9/16/2009,"25,7694","26,486","25,615","25,9829"
9/15/2009,"26,6253","27,2478","26,2708","26,4976"
9/14/2009,"27,4613","28,0094","26,7168","26,868"
9/11/2009,"25,6944","26,1287","25,5708","25,7152"
9/10/2009,"26,0833","27,1514","25,8146","25,934"
9/9/2009,"27,5759","27,7953","26,2949","26,3146"
9/8/2009,"27,6229","28,3116","27,1677","27,4227"
9/7/2009,"27,8343","28,3561","27,6207","27,843"
9/4/2009,"29,3691","29,3691","27,9963","28,1169"
9/3/2009,"30,8772","31,0872","30,0971","30,3085"
9/2/2009,"32,1965","32,4468","31,124","31,124"
9/1/2009,"28,7254","31,539","28,571","31,539"
8/31/2009,"29,24","29,5815","28,7074","29,5215"
8/28/2009,"27,2137","27,7235","26,9784","27,5908"
8/27/2009,"28,1872","28,7737","27,6669","28,0978"
8/26/2009,"28,0419","28,9189","27,8188","28,367"
8/25/2009,"28,6107","28,7091","27,6896","27,8497"
8/24/2009,"27,5104","28,6501","27,3379","28,2983"
8/21/2009,"28,1599","28,1599","26,6465","26,952"
8/20/2009,"29,2632","29,6988","28,4065","28,472"
8/19/2009,"30,8409","32,1728","30,3822","30,4972"
8/18/2009,"31,2922","31,3214","30,2326","30,4847"
8/17/2009,"29,4703","33,1144","29,0946","32,1671"
8/14/2009,"26,3518","27,7297","25,8998","27,52"
8/13/2009,"26,7086","27,0895","26,1496","26,3011"
8/12/2009,"27,8826","28,2604","27,0173","27,0173"
8/11/2009,"26,6181","28,0258","26,3383","27,852"
8/10/2009,"27,2382","27,7706","26,8358","26,8358"
8/7/2009,"27,2822","27,8123","25,8563","26,0442"
8/6/2009,"26,7996","27,7518","26,751","26,9297"
8/5/2009,"28,0032","28,4249","27,2096","27,5867"
8/4/2009,"29,3042","30,2234","28,5161","28,5486"
8/3/2009,"29,129","29,5341","28,5491","29,5341"
7/31/2009,"27,3497","28,1683","27,0305","28,1252"
7/30/2009,"27,3152","27,8626","26,4628","27,0683"
7/29/2009,"27,8658","27,8658","27,1118","27,7072"
7/28/2009,"27,2536","28,361","27,0172","28,1188"
7/27/2009,"27,1636","28,1306","27,0908","27,5235"
7/24/2009,"27,0446","27,4129","26,3628","26,7054"
7/23/2009,"27,3745","27,4382","26,354","26,8172"
7/22/2009,"27,5321","28,6154","27,4205","27,6468"
7/21/2009,"27,0401","27,9906","26,6056","27,5213"
7/20/2009,"26,8941","27,7565","26,2638","27,2222"
7/17/2009,"26,6704","27,3185","25,9196","26,0077"
7/16/2009,"27,0453","27,5486","26,429","26,8815"
7/15/2009,"28,8386","29,1084","27,6305","27,7768"
7/14/2009,"30,5764","30,8331","29,6193","29,6485"
7/13/2009,"33,3323","33,3323","30,8525","30,922"
7/10/2009,"32,2625","32,6862","31,532","32,3493"
7/9/2009,"34,0804","34,0804","32,1867","32,573"
7/8/2009,"34,0892","35,232","33,6659","34,8517"
7/7/2009,"33,6934","34,3639","32,5851","34,3639"
7/6/2009,"33,6633","34,4307","33,3095","33,5458"
7/3/2009,"31,4718","31,8869","30,8881","31,3897"
7/2/2009,"29,5932","31,7683","29,2704","31,7683"
7/1/2009,"29,5209","29,7688","28,5322","28,844"
6/30/2009,"28,6914","30,3782","28,2908","30,2413"
6/29/2009,"31,7212","31,7212","29,1279","29,3802"
6/26/2009,"29,7959","31,0375","29,6725","30,8491"
6/25/2009,"31,1058","32,8723","30,4526","31,0569"
6/24/2009,"33,1708","33,3406","30,5779","30,845"
6/23/2009,"34,0938","34,2561","32,7521","33,5941"
6/22/2009,"32,121","36,5174","32,121","36,0495"
6/19/2009,"31,8249","32,0398","30,0814","30,9232"
6/18/2009,"34,1277","35,413","32,2574","32,4386"
6/17/2009,"32,5867","36,0581","32,2945","34,6359"
6/16/2009,"31,1934","32,5834","31,1934","31,8921"
6/15/2009,"29,853","32,2736","29,7251","31,9685"
6/12/2009,"28,0481","28,5534","26,9263","28,1235"
6/11/2009,"29,154","29,4073","27,2083","27,5128"
6/10/2009,"28,9262","29,6197","28,1799","29,2578"
6/9/2009,"30,467","31,0367","29,8765","30,3638"
6/8/2009,"31,9699","33,1942","31,1309","31,2235"
6/5/2009,"30,5579","31,2823","29,4981","29,7774"
6/4/2009,"31,9719","32,7007","31,3892","31,5158"
6/3/2009,"31,3419","33,2659","31,2746","32,502"
6/2/2009,"32,1883","32,3253","31,1881","31,413"
6/1/2009,"32,0797","32,7283","31,2755","31,804"
5/29/2009,"32,1034","33,1962","31,6269","33,0374"
5/28/2009,"32,5966","34,2624","32,3515","33,8191"
5/27/2009,"32,5767","33,1763","31,9571","32,0679"
5/26/2009,"34,3576","35,8787","32,6654","32,6654"
5/25/2009,"33,0068","35,062","33,0068","33,6486"
5/22/2009,"34,0135","34,1536","31,1156","32,5318"
5/21/2009,"32,278","34,9335","31,9828","34,4813"
5/20/2009,"30,9339","31,9841","30,7154","31,3056"
5/19/2009,"31,9077","33,2089","31,8687","31,9277"
5/18/2009,"35,6704","35,6704","32,2998","32,3116"
5/15/2009,"34,8027","35,4349","33,1914","33,1914"
5/14/2009,"36,4343","38,0254","36,0751","36,111"
5/13/2009,"34,3066","37,6743","33,7813","36,4547"
5/12/2009,"37,0248","37,0248","34,7034","34,9507"
5/11/2009,"37,2439","38,3812","36,8538","36,8538"
5/8/2009,"36,6001","36,9781","35,5844","36,0588"
5/7/2009,"35,6217","38,7497","34,8224","38,0156"
5/6/2009,"37,2175","37,4053","35,9798","36,2625"
5/5/2009,"37,0164","37,5537","36,3562","37,3667"
5/4/2009,"37,4721","37,8367","36,6149","36,7636"
4/30/2009,"36,6932","37,628","36,4944","36,8821"
4/29/2009,"39,1291","39,5636","37,4512","37,4512"
4/28/2009,"39,7557","40,8262","39,5107","39,7768"
4/27/2009,"40,3516","40,3861","37,8722","37,8879"
4/24/2009,"37,8678","38,3547","37,0281","37,381"
4/23/2009,"39,798","40,0755","38,1637","39,1905"
4/22/2009,"40,8908","41,4129","39,5964","39,5964"
4/21/2009,"40,9799","42,9913","40,2149","40,8736"
4/20/2009,"37,8033","41,6223","37,7137","41,0013"
4/17/2009,"37,0025","37,5322","35,2021","36,7027"
4/16/2009,"39,0534","39,7901","37,2958","37,2958"
4/15/2009,"40,6439","40,6439","39,4283","39,7173"
4/14/2009,"39,5682","40,7292","38,8312","40,2195"
4/9/2009,"38,1728","39,2474","37,4666","37,6085"
4/8/2009,"40,8476","40,8476","38,8992","38,9694"
4/7/2009,"40,6264","41,9364","39,8595","40,1621"
4/6/2009,"40,8472","41,7856","39,693","41,0818"
4/3/2009,"41,7427","41,8566","39,5962","40,5362"
4/2/2009,"40,3263","42,6487","40,105","42,0951"
4/1/2009,"42,9889","43,8528","41,1243","41,734"
3/31/2009,"43,6389","43,8618","42,3863","42,4096"
3/30/2009,"44,242","44,9147","42,6712","44,91"
3/27/2009,"38,7361","40,5009","38,0628","40,3235"
3/26/2009,"39,7006","40,2613","39,0276","39,0276"
3/25/2009,"40,6482","41,4551","39,4185","40,2273"
3/24/2009,"41,9654","42,3373","40,5872","40,8814"
3/23/2009,"43,4645","43,6176","41,2845","41,943"
3/20/2009,"43,3008","44,4298","42,4538","43,4136"
3/19/2009,"41,7714","43,3533","41,0359","42,6267"
3/18/2009,"42,3242","44,5342","42,2667","42,9651"
3/17/2009,"44,4792","44,8801","43,1","43,4147"
3/16/2009,"43,2561","44,8443","43,1168","43,5812"
3/13/2009,"43,7265","44,2667","42,0103","43,8933"
3/12/2009,"45,3732","46,6732","45,2596","45,351"
3/11/2009,"44,5426","45,3001","43,2791","45,0484"
3/10/2009,"46,379","46,379","44,6133","45,3903"
3/9/2009,"50,9467","52,0441","47,1887","47,2138"
3/6/2009,"46,7662","49,585","46,3271","49,5518"
3/5/2009,"44,8225","47,161","44,2814","47,161"
3/4/2009,"46,0423","47,328","44,3394","44,6056"
3/3/2009,"47,8424","49,44","47,0392","48,6386"
3/2/2009,"46,098","49,5401","46,098","49,5401"
2/27/2009,"43,4216","44,9155","41,7151","42,8901"
2/26/2009,"45,4899","45,7887","41,499","42,3922"
2/25/2009,"47,266","49,459","46,5445","47,2166"
2/24/2009,"51,1999","52,797","49,4863","49,5507"
2/23/2009,"47,9665","51,2364","47,0616","50,2729"
2/20/2009,"48,0805","49,161","47,2195","48,5138"
2/19/2009,"46,3385","46,6394","45,1368","45,144"
2/18/2009,"47,0492","50,3809","46,2723","47,9571"
2/17/2009,"46,1469","48,9696","45,7503","48,4869"
2/16/2009,"43,4701","44,4733","42,6716","44,3442"
2/13/2009,"42,0944","42,7028","41,0498","41,8443"
2/12/2009,"44,158","46,2234","43,8933","44,3833"
2/11/2009,"45,2904","45,4932","43,3741","43,4229"
2/10/2009,"42,9521","45,7796","42,8603","44,8143"
2/9/2009,"43,1851","43,6456","42,1586","42,2965"
2/6/2009,"41,7527","42,8509","40,3367","41,8338"
2/5/2009,"43,4814","44,7947","42,2245","42,5783"
2/4/2009,"44,3495","44,4293","41,4403","41,6801"
2/3/2009,"46,5223","48,2812","44,5654","45,1034"
2/2/2009,"47,6361","50,0398","47,3954","47,7669"
1/30/2009,"43,9544","45,242","42,038","44,7879"
1/29/2009,"43,4257","45,1203","43,0171","44,0922"
1/28/2009,"42,7662","43,246","41,9511","42,9118"
1/27/2009,"46,4605","46,8603","44,5956","44,5956"
1/26/2009,"51,1991","51,1991","46,0721","47,0806"
1/23/2009,"50,4076","54,7263","49,9388","50,2258"
1/22/2009,"49,1709","52,1844","47,3528","50,2596"
1/21/2009,"54,3444","57,3137","51,6699","52,8565"
1/20/2009,"50,0195","53,8346","48,4706","53,5249"
1/19/2009,"49,5191","52,9812","46,8273","50,4385"
1/16/2009,"53,0504","53,0504","47,2174","48,8924"
1/15/2009,"52,0884","58,5065","52,0884","56,3255"
1/14/2009,"45,1959","54,6809","45,0387","52,9712"
1/13/2009,"45,1315","47,8834","45,1315","46,211"
1/12/2009,"42,81","44,7946","42,6304","44,3165"
1/9/2009,"41,689","42,8819","39,5356","41,2944"
1/8/2009,"42,0764","43,8157","41,1953","41,7652"
1/7/2009,"40,3293","42,0475","40,0043","40,8587"
1/6/2009,"40,4757","40,87","38,888","40,2438"
1/5/2009,"41,9001","42,1387","40,9549","41,2661"
1/2/2009,"43,0218","43,4348","42,0605","42,0759"
12/30/2008,"41,7062","44,613","41,4195","43,867"
12/29/2008,"43,2802","43,554","41,6654","43,1535"
12/23/2008,"39,3474","40,3257","38,6487","40,2933"
12/22/2008,"42,455","42,455","39,6607","40,2847"
12/19/2008,"45,8228","46,8308","39,9703","41,3543"
12/18/2008,"48,2963","48,3928","46,1338","46,9906"
12/17/2008,"49,1619","51,6087","49,1262","49,6669"
12/16/2008,"52,1603","52,5385","50,8983","50,8983"
12/15/2008,"52,72","53,6443","51,5568","53,2142"
12/12/2008,"53,0067","56,2643","51,9524","52,8018"
12/11/2008,"50,2236","50,8703","48,26","48,9477"
12/10/2008,"50,6576","51,7799","49,9345","50,4021"
12/9/2008,"53,8806","54,3758","51,3956","52,6486"
12/8/2008,"55,2323","56,7707","54,0233","54,4561"
12/5/2008,"55,5606","59,8537","55,077","58,7765"
12/4/2008,"55,4321","56,6058","53,0717","54,5307"
12/3/2008,"56,6852","57,8378","53,8586","54,1926"
12/2/2008,"59,2973","59,7145","55,397","55,725"
12/1/2008,"52,9299","57,9409","52,9299","57,5519"
11/28/2008,"51,0411","53,7014","50,6801","51,4443"
11/27/2008,"53,7104","53,9322","51,4683","51,4683"
11/26/2008,"61,0059","61,6133","55,9984","56,4852"
11/25/2008,"64,2104","64,4524","57,8557","61,2037"
11/24/2008,"72,6908","72,6908","63,0028","63,6637"
11/21/2008,"72,8998","76,2287","69,1036","74,135"
11/20/2008,"71,2003","75,793","70,4879","72,8475"
11/19/2008,"63,6332","68,5178","63,0517","68,5178"
11/18/2008,"65,7348","69,003","63,9043","63,9043"
11/17/2008,"64,5628","67,3457","62,5746","66,8718"
11/14/2008,"61,7505","62,7741","59,4377","62,4765"
11/13/2008,"66,4198","69,2872","64,4349","64,4387"
11/12/2008,"60,3649","68,7129","59,8796","66,423"
11/11/2008,"56,9183","63,4876","56,8406","63,4876"
11/10/2008,"53,2754","57,0792","52,1318","55,6689"
11/7/2008,"59,5446","60,6689","55,1349","56,5929"
11/6/2008,"53,4188","61,1832","52,8376","60,7084"
11/5/2008,"47,9032","50,4213","47,751","49,1021"
11/4/2008,"51,0503","51,0503","47,4471","47,9394"
11/3/2008,"60,3981","60,3981","54,551","54,6093"
10/31/2008,"65,8607","66,0552","60,2552","60,6773"
10/30/2008,"66,7431","68,3314","64,2617","66,1426"
10/29/2008,"70,7708","72,4912","68,0525","71,0051"
10/28/2008,"70,9043","76,2703","70,5197","74,6871"
10/27/2008,"85,4375","85,4375","74,4755","76,5431"
10/24/2008,"72,1185","86,6101","70,8759","74,7359"
10/23/2008,"62,3422","69,3028","60,7301","64,709"
10/22/2008,"58,0241","63,5182","56,9523","61,8945"
10/21/2008,"54,6138","58,5398","52,5827","56,1841"
10/20/2008,"73,3378","73,3378","63,2414","63,2838"
10/17/2008,"76,4936","82,8852","73,7157","77,1459"
10/16/2008,"73,4726","87,8791","71,7979","87,5127"
10/15/2008,"59,7017","66,3887","58,8179","65,453"
10/14/2008,"59,9508","62,8979","57,0339","60,3095"
10/13/2008,"72,8099","72,8099","67,0469","67,0469"
10/10/2008,"74,1987","81,3821","68,2046","81,0342"
10/9/2008,"56,9088","58,7649","53,835","58,3927"
10/8/2008,"54,0226","61,2034","51,6711","60,6701"
10/7/2008,"49,2351","52,0357","48,0743","50,7059"
10/6/2008,"45,9698","52,3611","45,8205","51,0569"
10/3/2008,"42,7524","43,6125","40,5421","41,163"
10/2/2008,"40,8438","43,3999","39,733","42,9811"
10/1/2008,"39,9525","42,7787","39,1666","41,9211"
9/30/2008,"42,5362","42,8769","39,9518","40,3874"
9/29/2008,"38,3119","40,2261","37,2263","39,4009"
9/26/2008,"33,7733","39,22","33,7414","38,3677"
9/25/2008,"32,381","32,8947","31,7814","32,6568"
9/24/2008,"31,5619","33,2533","31,4832","32,62"
9/23/2008,"32,6539","33,4678","31,928","32,5721"
9/22/2008,"35,2886","35,3338","29,6207","32,7151"
9/19/2008,"36,4941","36,5686","32,9923","35,189"
9/18/2008,"37,1953","38,0528","35,2664","37,5541"
9/17/2008,"33,4818","37,5264","33,2749","37,5264"
9/16/2008,"34,4464","37,7348","33,0757","36,1855"
9/15/2008,"30,7421","35,7644","30,7421","32,5904"
9/12/2008,"27,3769","27,9769","26,4926","27,0376"
9/11/2008,"27,251","28,7814","27,0523","28,0361"
9/10/2008,"27,4845","28,4321","26,616","27,5169"
9/9/2008,"25,6026","26,7997","24,6668","26,7135"
9/8/2008,"25,1879","26,3923","24,1119","26,1796"
9/5/2008,"25,8415","27,2171","25,5707","26,8459"
9/4/2008,"22,0614","25,155","22,039","24,9709"
9/3/2008,"21,8914","22,4188","21,6325","22,176"
9/2/2008,"22,0489","22,1238","20,885","21,2336"
9/1/2008,"22,2024","22,578","21,3673","21,6154"
8/29/2008,"20,8875","21,179","20,5707","21,0605"
8/28/2008,"21,8602","22,2141","20,8279","21,109"
8/27/2008,"22,4111","22,9591","21,5765","21,892"
8/26/2008,"23,1585","23,5438","22,0596","22,0995"
8/25/2008,"22,6066","22,9564","22,2581","22,9001"
8/22/2008,"23,0159","23,0159","21,2106","21,6044"
8/21/2008,"23,1248","23,9361","22,8157","23,2701"
8/20/2008,"23,5227","23,791","22,7704","22,9651"
8/19/2008,"23,1228","24,0236","22,7182","24,0236"
8/18/2008,"23,0352","23,5266","21,7597","21,8863"
8/15/2008,"22,6723","23,1176","21,9935","22,1116"
8/14/2008,"23,8681","24,8765","23,0137","23,177"
8/13/2008,"23,1602","24,6089","22,8905","24,3456"
8/12/2008,"22,5488","23,0911","22,227","22,5546"
8/11/2008,"22,5586","22,7669","22,0664","22,3518"
8/8/2008,"22,6834","23,6594","21,8555","22,1286"
8/7/2008,"22,47","22,9541","21,588","22,6124"
8/6/2008,"22,587","23,0085","22,1371","22,184"
8/5/2008,"24,6473","24,6586","23,0604","23,1793"
8/4/2008,"25,0793","25,0793","24,0957","25,0392"
8/1/2008,"24,0495","24,4462","23,1607","24,1877"
7/31/2008,"23,1574","24,3629","22,904","23,3294"
7/30/2008,"23,6557","23,8133","22,9367","23,2157"
7/29/2008,"25,6819","26,0593","24,0969","24,533"
7/28/2008,"24,8895","25,4598","24,0851","24,819"
7/25/2008,"24,6298","25,046","23,5638","23,8577"
7/24/2008,"23,3517","24,2649","23,298","23,9227"
7/23/2008,"23,4932","24,1561","23,2744","23,7313"
7/22/2008,"25,5752","26,3047","24,4802","24,4802"
7/21/2008,"25,9714","26,2299","24,4201","24,8824"
7/18/2008,"27,1708","27,5823","24,8108","24,8921"
7/17/2008,"26,9392","27,5272","26,2694","26,7422"
7/16/2008,"29,6442","31,7416","28,6717","28,8021"
7/15/2008,"30,1191","32,1591","29,5394","30,0551"
7/14/2008,"29,4481","29,4691","28,1455","28,9311"
7/11/2008,"26,9905","29,2661","26,9212","29,2661"
7/10/2008,"26,2831","27,8511","26,0101","27,378"
7/9/2008,"25,9234","26,0591","25,4055","25,4267"
7/8/2008,"26,9594","28,0283","26,3715","26,8474"
7/7/2008,"26,6946","27,1869","25,571","25,8164"
7/4/2008,"25,3518","26,8891","25,2811","26,7919"
7/3/2008,"27,6709","28,0351","24,8769","25,7967"
7/2/2008,"26,2907","26,5396","25,2845","26,3804"
7/1/2008,"24,7881","26,8462","24,7695","26,2514"
6/30/2008,"25,0255","26,5147","24,6668","24,6668"
6/27/2008,"24,3522","26,7752","24,2488","24,9617"
6/26/2008,"22,0663","24,5022","22,0663","24,5022"
6/25/2008,"22,67","22,7216","21,6274","21,9045"
6/24/2008,"22,4613","24,8699","22,2616","23,3701"
6/23/2008,"24,4199","24,6165","22,4364","23,0103"
6/20/2008,"22,4894","25,5275","22,2264","24,0341"
6/19/2008,"23,7249","23,7355","22,3349","23,0545"
6/18/2008,"22,149","23,7645","22,0916","23,333"
6/17/2008,"22,234","22,4338","21,8116","22,2066"
6/16/2008,"22,569","24,3205","22,1675","22,9637"
6/13/2008,"23,3634","24,5829","22,4832","22,4832"
6/12/2008,"24,473","24,7495","23,1831","23,3041"
6/11/2008,"23,5088","25,7109","22,8867","25,0875"
6/10/2008,"25,5312","26,3144","24,1165","24,4123"
6/9/2008,"24,4842","25,2273","24,3141","24,8098"
6/6/2008,"20,2929","23,6901","20,0082","23,4071"
6/5/2008,"21,8759","22,0695","20,7618","21,3381"
6/4/2008,"22,0584","23,3393","21,5292","21,7176"
6/3/2008,"21,9309","21,936","21,225","21,3422"
6/2/2008,"20,3993","21,8877","20,3993","21,599"
5/30/2008,"19,4909","19,6841","19,0159","19,6841"
5/29/2008,"20,4057","21,229","19,8773","19,9027"
5/28/2008,"21,2813","21,5497","19,9917","20,7966"
5/27/2008,"21,361","22,3957","20,8725","21,6836"
5/26/2008,"22,0374","22,1778","21,5883","21,807"
5/23/2008,"19,8169","21,4603","19,4476","21,4552"
5/22/2008,"20,936","20,936","19,2464","19,5563"
5/21/2008,"19,6487","20,8515","18,8918","19,9703"
5/20/2008,"18,8518","20,2694","18,8518","20,0612"
5/19/2008,"18,9469","19,242","18,098","18,245"
5/16/2008,"18,2639","19,0007","17,6073","18,5667"
5/15/2008,"19,8099","19,8385","18,8256","18,8714"
5/14/2008,"20,2571","20,9095","19,521","19,6439"
5/13/2008,"20,5163","22,0828","20,5163","21,8017"
5/12/2008,"20,7136","21,4151","20,171","21,1972"
5/9/2008,"20,4126","21,8607","20,4126","20,6725"
5/8/2008,"20,1636","20,484","19,8248","19,947"
5/7/2008,"19,6147","20,0018","19,3211","19,5765"
5/6/2008,"19,7592","20,9713","19,5763","20,0878"
5/5/2008,"20,3057","20,4834","19,901","19,9163"
5/2/2008,"20,292","20,3247","19,0284","19,7693"
4/30/2008,"21,4747","21,9229","20,621","20,8781"
4/29/2008,"21,4056","21,9015","21,2921","21,5211"
4/28/2008,"21,4012","21,4012","20,7328","21,0962"
4/25/2008,"20,6337","21,0766","20,2119","20,9661"
4/24/2008,"22,2601","23,0608","21,3973","21,3973"
4/23/2008,"22,3599","23,808","21,9089","22,2164"
4/22/2008,"22,5903","23,4936","22,1471","22,9447"
4/21/2008,"22,3823","22,9362","21,868","22,3629"
4/18/2008,"22,2718","22,4659","20,9656","21,6331"
4/17/2008,"22,5649","23,9194","22,1476","23,3232"
4/16/2008,"23,6868","24,62","22,9338","22,9991"
4/15/2008,"25,084","25,9838","24,4862","25,0443"
4/14/2008,"25,906","26,5269","25,6436","25,933"
4/11/2008,"22,8159","25,4891","22,3576","24,7553"
4/10/2008,"24,3561","25,8016","23,64","23,7622"
4/9/2008,"24,4155","24,6581","23,7011","24,136"
4/8/2008,"23,8311","24,6807","23,697","24,0381"
4/7/2008,"23,9593","23,9595","22,8672","23,3615"
4/4/2008,"24,7709","24,9874","23,8251","23,8251"
4/3/2008,"24,5487","25,8322","24,3965","25,1853"
4/2/2008,"24,2053","24,6505","23,7157","24,5911"
4/1/2008,"26,8509","26,8509","24,6244","24,6244"
3/31/2008,"27,7374","28,7682","27,0539","27,3083"
3/28/2008,"26,6137","26,7423","25,8456","26,2793"
3/27/2008,"28,139","28,139","27,072","27,129"
3/26/2008,"28,6901","29,065","28,3347","28,655"
3/25/2008,"30,5361","30,541","28,7098","28,7098"
3/20/2008,"31,8399","31,8399","29,4587","30,3668"
3/19/2008,"31,0807","33,1782","29,9546","31,3786"
3/18/2008,"35,841","35,9374","32,7606","33,1468"
3/17/2008,"35,1943","38,761","35,1943","37,0497"
3/14/2008,"29,7452","31,6783","28,3662","31,5852"
3/13/2008,"29,9506","31,6437","29,5884","29,6542"
3/12/2008,"28,6754","29,0046","27,9218","28,7552"
3/11/2008,"31,3876","31,3944","29,3881","29,7674"
3/10/2008,"32,112","32,6523","31,2308","32,0537"
3/7/2008,"31,71","32,5541","31,0044","31,556"
3/6/2008,"29,9274","30,9284","29,5168","30,6213"
3/5/2008,"30,4658","30,5064","29,2062","29,753"
3/4/2008,"30,1068","31,7692","29,3956","31,4554"
3/3/2008,"30,9793","31,1699","30,1158","30,8962"
2/29/2008,"26,4368","28,6914","26,1291","28,6914"
2/28/2008,"25,5472","26,3536","24,8744","26,0736"
2/27/2008,"25,5454","27,2354","25,1324","25,249"
2/26/2008,"27,074","27,1862","25,8647","25,8832"
2/25/2008,"28,0132","28,7662","27,3878","27,8544"
2/22/2008,"29,0449","29,0997","27,3461","28,7621"
2/21/2008,"28,1041","28,5402","27,32","28,3885"
2/20/2008,"28,9352","29,9576","28,1598","29,0684"
2/19/2008,"27,897","28,959","26,7936","27,8149"
2/18/2008,"29,4656","29,4656","27,6901","28,0062"
2/15/2008,"27,6496","30,4822","26,7595","29,3659"
2/14/2008,"27,0179","28,2685","26,726","28,0832"
2/13/2008,"29,1491","29,6071","27,5794","27,9293"
2/12/2008,"30,8602","32,1017","28,4884","28,6393"
2/11/2008,"33,1813","33,2468","31,4484","31,9443"
2/8/2008,"30,2797","32,9277","30,0711","31,692"
2/7/2008,"30,7591","33,1649","30,4301","31,8031"
2/6/2008,"32,2349","32,2349","30,4877","30,5677"
2/5/2008,"27,59","32,0839","27,3178","31,9584"
2/4/2008,"26,9376","27,7122","26,68","27,218"
2/1/2008,"28,6084","28,8109","26,9599","27,4687"
1/31/2008,"30,6786","33,3713","30,0471","30,0471"
1/30/2008,"32,5299","33,3117","31,4304","32,2981"
1/29/2008,"31,9046","32,9962","30,6566","31,8875"
1/28/2008,"36,1241","36,998","33,0832","33,4194"
1/25/2008,"31,6896","33,8694","30,4913","33,6983"
1/24/2008,"36,2053","38,3995","34,8708","34,8708"
1/23/2008,"31,6953","40,2484","31,5177","40,2484"
1/22/2008,"37,7262","40,7659","33,6239","33,7934"
1/21/2008,"29,4035","38,4174","28,5489","34,96"
1/18/2008,"24,2308","25,7815","22,8236","25,4405"
1/17/2008,"23,676","24,4928","23,1008","24,2938"
1/16/2008,"24,3062","24,9331","23,4857","24,3042"
1/15/2008,"22,1219","23,7985","22,1078","23,6132"
1/14/2008,"22,3042","22,3243","21,4705","21,8863"
1/11/2008,"22,1152","22,5902","21,499","21,6025"
1/10/2008,"21,7822","22,6158","21,7777","22,1956"
1/9/2008,"22,1191","22,7009","21,908","22,2657"
1/8/2008,"21,7758","21,7758","20,9891","21,3083"
1/7/2008,"22,2828","22,7426","21,9184","22,3151"
1/4/2008,"20,1613","22,3861","20,0032","21,8046"
1/3/2008,"20,6078","21,5523","20,3241","20,4077"
1/2/2008,"19,4941","20,9387","19,1866","20,7962"
12/28/2007,"18,4793","18,8018","17,919","18,0605"
12/27/2007,"18,075","18,405","17,5132","18,366"
12/21/2007,"18,5071","18,5071","16,7887","17,2417"
12/20/2007,"20,1629","20,1629","18,71","19,1525"
12/19/2007,"21,1878","21,3668","19,8386","20,4808"
12/18/2007,"21,5782","21,5795","20,2249","21,0846"
12/17/2007,"21,4469","22,3029","21,2589","21,746"
12/14/2007,"19,3763","20,6445","19,1494","19,8926"
12/13/2007,"18,6754","20,4149","18,1394","20,4149"
12/12/2007,"19,3162","19,4867","16,8103","17,3886"
12/11/2007,"18,3895","19,1272","18,1654","18,73"
12/10/2007,"18,4879","18,6683","18,0332","18,3706"
12/7/2007,"18,2948","18,2948","17,4903","17,777"
12/6/2007,"18,7908","19,9454","18,4339","18,9496"
12/5/2007,"20,3658","20,411","19,0932","19,1296"
12/4/2007,"20,1865","21,9098","20,1538","21,1889"
12/3/2007,"21,284","21,284","20,2177","20,2177"
11/30/2007,"21,5255","21,5255","19,8423","20,4255"
11/29/2007,"21,8782","22,8804","21,8171","22,1864"
11/28/2007,"24,7469","24,9963","22,5097","22,9455"
11/27/2007,"25,9695","26,8518","24,8666","24,8939"
11/26/2007,"24,6589","25,5763","23,527","25,3639"
11/23/2007,"24,8172","24,8172","23,836","24,2141"
11/22/2007,"25,3154","26,4406","24,903","25,2801"
11/21/2007,"25,7491","27,0546","25,3855","26,3075"
11/20/2007,"24,186","25,7242","24,0984","24,2296"
11/19/2007,"24,0415","25,8939","22,9788","25,8939"
11/16/2007,"24,7576","25,1515","23,1459","23,9477"
11/15/2007,"23,9424","25,5665","23,9337","24,1229"
11/14/2007,"22,8909","24,1042","22,4541","23,9079"
11/13/2007,"26,257","26,4295","24,3942","24,3942"
11/12/2007,"27,2032","27,3639","25,7873","25,7979"
11/9/2007,"23,7437","26,6186","22,9967","26,2585"
11/8/2007,"24,7348","25,3386","23,6636","24,2059"
11/7/2007,"21,3207","23,6407","21,1463","23,1142"
11/6/2007,"22,8233","22,8233","21,8218","22,2305"
11/5/2007,"23,8881","24,0521","23,3826","23,5653"
11/2/2007,"21,8864","23,3323","21,6269","22,5777"
11/1/2007,"19,3149","21,5648","18,6813","20,8039"
10/31/2007,"20,6687","20,9357","19,9915","19,9915"
10/30/2007,"19,8","20,6676","19,587","20,5258"
10/29/2007,"19,5484","19,7316","19,4601","19,5547"
10/26/2007,"20,0938","20,1161","19,1725","19,6521"
10/25/2007,"21,2651","21,2651","20,2216","20,3871"
10/24/2007,"22,2383","22,9302","21,117","22,5706"
10/23/2007,"21,9994","22,2783","21,3634","22,2771"
10/22/2007,"22,9814","23,774","22,8472","23,1405"
10/19/2007,"20,0649","20,0649","18,3309","19,7216"
10/18/2007,"19,3971","20,9204","19,3424","19,9299"
10/17/2007,"20,519","20,519","19,1465","20,0223"
10/16/2007,"20,6431","21,0853","20,2821","20,4738"
10/15/2007,"18,9734","20,0985","18,45","20,0448"
10/12/2007,"19,2006","19,5783","18,278","18,3524"
10/11/2007,"17,8024","18,2208","17,2396","18,2208"
10/10/2007,"17,435","18,1513","17,3542","17,8986"
10/9/2007,"18,4583","18,51","17,49","17,5228"
10/8/2007,"18,3798","18,3957","18,1365","18,1816"
10/5/2007,"19,5132","19,5195","17,8749","17,8749"
10/4/2007,"20,7925","20,8309","19,6626","19,784"
10/3/2007,"19,9246","20,3973","19,9201","20,249"
10/2/2007,"19,3928","20,1428","19,3459","19,9703"
10/1/2007,"21,1593","21,3942","19,8101","19,9113"
9/28/2007,"19,3457","20,2335","19,1279","19,7088"
9/27/2007,"18,9681","19,5392","18,6998","19,1961"
9/26/2007,"20,3514","20,3514","19,5047","19,73"
9/25/2007,"20,7736","21,9735","20,7281","20,8683"
9/24/2007,"21,348","21,348","20,0897","20,3965"
9/21/2007,"22,3704","22,3704","20,4261","20,4261"
9/20/2007,"23,8173","23,9879","22,1601","22,1601"
9/19/2007,"23,2058","24,2547","22,7202","23,5658"
9/18/2007,"29,424","29,5026","27,4408","27,6565"
9/17/2007,"28,0435","29,6864","28,0435","29,0329"
9/14/2007,"26,5429","27,5716","26,3821","26,5545"
9/13/2007,"27,545","27,6014","25,534","25,9084"
9/12/2007,"27,8376","28,3723","26,9564","27,0705"
9/11/2007,"28,2551","28,4726","27,6224","27,9485"
9/10/2007,"28,0627","29,5486","27,8241","29,4452"
9/7/2007,"25,4007","27,9796","24,8394","27,8225"
9/6/2007,"25,3279","27,4184","25,1584","25,6304"
9/5/2007,"23,5767","25,8239","23,506","25,7805"
9/4/2007,"24,7063","25,0261","23,3271","23,4818"
9/3/2007,"24,7621","24,888","23,9146","24,1984"
8/31/2007,"24,5321","24,8539","24,0821","24,4721"
8/30/2007,"25,1136","26,294","24,6771","25,2691"
8/29/2007,"28,0809","28,1473","26,0093","26,5383"
8/28/2007,"24,9148","27,511","24,8842","27,3264"
8/27/2007,"24,5854","24,6054","23,9974","24,4916"
8/24/2007,"26,6364","26,7626","24,4187","24,4903"
8/23/2007,"24,7398","26,0945","24,4961","26,0374"
8/22/2007,"27,4125","27,4216","25,2358","26,4955"
8/21/2007,"30,7467","31,7129","29,0309","29,0309"
8/20/2007,"32,1793","32,1793","30,2445","31,1272"
8/17/2007,"35,1924","36,8347","30,8594","32,4534"
8/16/2007,"33,1999","36,1662","33,0437","34,7419"
8/15/2007,"30,3914","31,1631","29,0093","29,1764"
8/14/2007,"28,2776","29,4415","27,2117","29,0197"
8/13/2007,"29,6006","29,8851","27,6352","27,704"
8/10/2007,"28,0089","32,9482","27,0797","30,7365"
8/9/2007,"22,7931","27,1398","22,7931","25,4669"
8/8/2007,"23,0712","23,2458","21,4475","21,9195"
8/7/2007,"24,5843","25,3482","23,8851","24,6108"
8/6/2007,"27,3675","27,6627","25,8586","26,2291"
8/3/2007,"24,1167","25,6987","23,5249","25,5517"
8/2/2007,"26,0871","26,1808","24,3831","24,7526"
8/1/2007,"26,6487","28,523","25,7688","27,474"
7/31/2007,"24,487","24,487","23,3314","23,8246"
7/30/2007,"25,7643","26,908","25,0715","25,8376"
7/27/2007,"25,7625","26,2068","23,7127","25,2216"
7/26/2007,"22,2761","25,3649","21,6","25,1589"
7/25/2007,"21,3202","22,8035","20,9481","22,19"
7/24/2007,"19,263","21,3015","19,2405","20,6952"
7/23/2007,"19,829","20,4038","19,1697","19,1697"
7/20/2007,"17,7225","19,3499","17,2387","19,3499"
7/19/2007,"18,7836","18,8405","17,6308","17,827"
7/18/2007,"18,919","19,4982","18,7053","19,2674"
7/17/2007,"17,8164","18,4948","17,8164","18,0287"
7/16/2007,"17,7351","17,934","17,4909","17,6558"
7/13/2007,"17,3379","17,6766","17,1299","17,3416"
7/12/2007,"18,4014","18,8579","17,4639","17,519"
7/11/2007,"19,2931","19,7552","18,6276","18,6717"
7/10/2007,"16,9489","18,7402","16,7854","18,3362"
7/9/2007,"17,1085","17,1736","16,7663","17,0812"
7/6/2007,"17,7395","17,8715","16,7459","16,7459"
7/5/2007,"16,7637","17,9873","16,7557","17,9114"
7/4/2007,"16,6723","16,9156","16,568","16,8956"
7/3/2007,"17,0924","17,1148","16,7129","16,8133"
7/2/2007,"17,8453","18,1443","17,5353","17,6313"
6/29/2007,"17,4368","17,6142","16,6768","16,8985"
6/28/2007,"18,2587","18,3226","17,6844","17,7652"
6/27/2007,"19,7496","19,8242","18,8568","18,9061"
6/26/2007,"18,4372","18,9676","18,1785","18,9275"
6/25/2007,"18,3251","18,9583","17,8097","17,8097"
6/22/2007,"16,6345","17,4688","16,6061","17,3112"
6/21/2007,"16,4832","18,0632","16,4482","16,9599"
6/20/2007,"15,6662","16,1624","15,3576","15,9242"
6/19/2007,"16,5533","16,8545","16,0539","16,1299"
6/18/2007,"16,454","16,9805","16,2871","16,7665"
6/15/2007,"16,2407","16,2874","15,6456","15,9641"
6/14/2007,"17,711","17,8108","16,6476","16,872"
6/13/2007,"19,1289","19,5748","18,2599","18,5551"
6/12/2007,"18,3316","19,277","18,0795","18,8332"
6/11/2007,"18,645","18,7587","18,1951","18,2508"
6/8/2007,"20,0667","20,2107","18,7647","18,8901"
6/7/2007,"18,1355","19,7454","18,0871","19,5603"
6/6/2007,"16,8051","18,9133","16,7459","18,537"
6/5/2007,"16,3135","17,1453","16,1009","16,5452"
6/4/2007,"16,0826","16,8155","15,8462","16,505"
6/1/2007,"15,656","15,8118","15,0917","15,2943"
5/31/2007,"15,7164","16,1581","15,6458","15,7865"
5/30/2007,"17,2137","17,8151","16,4347","16,4949"
5/29/2007,"16,3033","16,4467","16,1145","16,3646"
5/25/2007,"16,6908","16,8815","15,8425","15,9927"
5/24/2007,"15,8819","16,7516","15,5133","16,718"
5/23/2007,"15,6303","15,6382","15,1306","15,6061"
5/22/2007,"16,1399","16,3853","15,4641","15,9025"
5/21/2007,"16,474","16,5364","15,9293","16,1341"
5/18/2007,"17,1871","17,1871","15,6337","16,0852"
5/17/2007,"17,2958","17,4634","16,9711","17,4461"
5/16/2007,"17,804","17,9868","17,2848","17,6907"
5/15/2007,"18,217","18,6566","17,4999","17,6714"
5/14/2007,"17,4364","18,2084","17,4364","18,0399"
5/11/2007,"18,4503","19,5283","17,3392","17,4643"
5/10/2007,"17,1282","17,882","17,0398","17,8736"
5/9/2007,"17,197","17,8314","17,1787","17,2449"
5/8/2007,"17,298","18,0328","17,298","17,6021"
5/7/2007,"17,3111","17,5252","17,1149","17,1331"
5/4/2007,"17,6814","17,7047","16,9199","17,0574"
5/3/2007,"17,9365","18,5283","17,7716","17,7993"
5/2/2007,"18,278","18,5251","18,038","18,1807"
4/30/2007,"18,48","18,6247","17,9674","18,3379"
4/27/2007,"17,5655","18,7248","17,5628","18,0183"
4/26/2007,"17,24","18,111","17,0708","17,8182"
4/25/2007,"18,2936","18,3903","17,4282","17,7795"
4/24/2007,"18,3461","19,4333","18,182","18,5654"
4/23/2007,"18,6712","19,103","18,1434","18,2799"
4/20/2007,"17,9756","18,2171","16,7906","18,1661"
4/19/2007,"19,0421","20,1162","18,4559","18,6846"
4/18/2007,"17,4417","19,0745","17,4417","18,123"
4/17/2007,"17,1134","17,8386","16,8641","17,1855"
4/16/2007,"16,2371","16,7901","16,2","16,7432"
4/13/2007,"16,6297","16,9059","16,2216","16,4958"
4/12/2007,"17,3973","18,3102","17,0845","17,0933"
4/11/2007,"15,6821","17,2103","15,2782","17,0061"
4/10/2007,"16,2823","16,2953","15,389","15,7042"
4/5/2007,"15,7096","15,7515","15,2804","15,4383"
4/4/2007,"16,073","16,2639","15,7495","15,7495"
4/3/2007,"16,957","16,9834","16,0071","16,2711"
4/2/2007,"18,3527","18,4109","17,6732","17,7075"
3/30/2007,"18,2795","18,4362","16,9331","17,5427"
3/29/2007,"19,0053","19,0053","18,0333","18,3156"
3/28/2007,"19,1407","20,2464","19,0361","19,7865"
3/27/2007,"18,4803","19,1507","18,4261","18,7301"
3/26/2007,"17,6194","19,5481","17,3957","19,0859"
3/23/2007,"17,3681","17,5999","16,6664","17,065"
3/22/2007,"17,246","17,7281","16,8733","17,3756"
3/21/2007,"18,7171","18,923","18,1674","18,7894"
3/20/2007,"19,4868","19,9472","18,8168","18,8199"
3/19/2007,"20,4031","20,5682","19,7021","19,8187"
3/16/2007,"21,4071","21,5509","20,1715","21,0814"
3/15/2007,"22,7573","23,0132","21,5178","21,685"
3/14/2007,"22,6434","23,6155","22,3853","23,5255"
3/13/2007,"19,3792","20,5988","19,1456","20,4797"
3/12/2007,"18,0297","19,816","17,6589","19,247"
3/9/2007,"18,1303","19,3472","17,6615","18,0655"
3/8/2007,"18,7531","18,7531","17,9749","18,153"
3/7/2007,"19,9496","20,08","19,263","19,4295"
3/6/2007,"20,9167","21,0371","20,276","20,3619"
3/5/2007,"22,5112","23,1132","21,7526","21,8043"
3/2/2007,"18,7978","21,2106","18,6366","20,2958"
3/1/2007,"19,0286","22,2942","17,7631","20,0117"
2/28/2007,"19,1187","20,8303","18,6697","19,4973"
2/27/2007,"14,8239","17,7288","14,8239","17,7266"
2/26/2007,"13,9135","13,9404","13,4419","13,7887"
2/23/2007,"13,7284","14,1965","13,3822","13,7426"
2/22/2007,"13,7037","13,9444","13,3002","13,873"
2/21/2007,"13,4688","14,4471","13,4688","14,1864"
2/20/2007,"13,5426","14,3381","13,5183","13,7441"
2/19/2007,"13,7631","13,7644","13,2864","13,4146"
2/16/2007,"13,9177","13,9177","13,1379","13,451"
2/15/2007,"13,8997","14,0107","13,7193","13,8324"
2/14/2007,"14,4043","14,5536","13,906","13,9087"
2/13/2007,"14,8514","15,1518","14,5808","14,7057"
2/12/2007,"14,8597","15,3451","14,7902","15,1052"
2/9/2007,"13,765","14,0699","13,5548","13,9194"
2/8/2007,"14,0232","14,777","14,0181","14,2559"
2/7/2007,"14,2076","14,223","13,8761","13,9667"
2/6/2007,"14,1198","14,464","13,8336","14,411"
2/5/2007,"14,7867","14,8297","14,3113","14,3621"
2/2/2007,"14,8746","14,9175","13,9573","14,142"
2/1/2007,"14,9143","15,1995","14,7127","15,1284"
1/31/2007,"15,1743","16,055","15,1317","15,9174"
1/30/2007,"16,1132","16,3132","15,1456","15,1698"
1/29/2007,"16,4164","16,4366","15,8111","16,1201"
1/26/2007,"16,2871","16,3679","15,4771","15,8256"
1/25/2007,"14,6669","15,5466","14,1545","15,378"
1/24/2007,"15,4666","15,4685","14,6172","14,8436"
1/23/2007,"16,0764","16,6973","15,8539","16,0071"
1/22/2007,"15,2638","16,1327","14,8451","16,02"
1/19/2007,"16,4394","16,5291","14,8229","14,9526"
1/18/2007,"15,5679","16,4971","15,0831","16,2548"
1/17/2007,"15,5955","16,602","15,4863","16,0961"
1/16/2007,"14,6948","15,7837","14,6948","15,7299"
1/15/2007,"14,39","14,7709","14,2302","14,7277"
1/12/2007,"15,0982","15,1589","14,5839","14,5839"
1/11/2007,"16,5662","17,0586","15,0516","15,0516"
1/10/2007,"17,2626","17,8277","17,0926","17,2546"
1/9/2007,"16,2885","16,6287","16,0395","16,6287"
1/8/2007,"16,5872","17,0227","16,2749","16,8783"
1/5/2007,"15,3217","16,3518","15,3217","16,3518"
1/4/2007,"15,1834","15,6668","14,9631","15,063"
1/3/2007,"14,6095","15,0083","14,5469","14,7294"
1/2/2007,"15,2007","15,2007","14,5522","14,6795"
12/29/2006,"14,1025","15,0788","14,0226","14,83"
12/28/2006,"14,1361","14,3612","13,9169","14,1402"
12/27/2006,"15,2383","15,2383","14,2079","14,2715"
12/22/2006,"13,3077","14,4039","13,2468","14,4039"
12/21/2006,"13,0906","13,3282","12,807","13,0608"
12/20/2006,"13,3929","13,3929","12,8876","12,9212"
12/19/2006,"13,5712","14,5495","13,5137","14,1774"
12/18/2006,"13,3635","13,3727","12,7242","13,2655"
12/15/2006,"13,024","13,2155","12,255","12,8487"
12/14/2006,"12,9867","13,7253","12,9681","13,3398"
12/13/2006,"14,5558","14,5745","14,0522","14,0522"
12/12/2006,"14,8651","14,9327","14,48","14,5589"
12/11/2006,"14,9133","15,0377","14,6583","14,7925"
12/8/2006,"15,6459","15,9147","15,046","15,0764"
12/7/2006,"16,0339","16,1056","15,1496","15,5133"
12/6/2006,"15,2587","16,2176","15,2162","15,8557"
12/5/2006,"16,4061","16,7584","15,5581","15,6308"
12/4/2006,"17,2475","18,0208","17,0315","17,0827"
12/1/2006,"15,1721","17,6009","14,922","17,0511"
11/30/2006,"14,5682","15,6228","14,3018","15,5561"
11/29/2006,"15,3529","15,5135","14,8073","14,8246"
11/28/2006,"16,8842","17,4205","15,9436","15,9572"
11/27/2006,"14,891","16,5885","14,6564","16,5885"
11/24/2006,"13,3022","15,103","13,2811","14,3144"
11/23/2006,"12,6802","13,5313","12,5382","13,2078"
11/22/2006,"12,2909","13,184","11,9845","12,8486"
11/21/2006,"12,8904","12,8954","12,3292","12,7078"
11/20/2006,"14,4068","14,6691","13,1411","13,3018"
11/17/2006,"13,5434","13,8299","12,9812","13,4419"
11/16/2006,"13,9035","13,9166","13,4836","13,4836"
11/15/2006,"13,9998","14,1754","13,7404","13,7616"
11/14/2006,"13,9504","14,5814","13,8939","14,3518"
11/13/2006,"14,2073","14,3435","13,8629","14,0769"
11/10/2006,"14,1331","14,4613","13,7988","13,7988"
11/9/2006,"13,8709","14,3638","13,8109","14,0318"
11/8/2006,"14,1799","14,4952","13,9312","14,0015"
11/7/2006,"13,7439","14,0381","13,6634","13,8875"
11/6/2006,"14,4527","14,5249","13,9834","13,9834"
11/3/2006,"14,412","14,8541","14,0918","14,4651"
11/2/2006,"14,534","15,2402","14,0687","14,8847"
11/1/2006,"14,4041","14,4606","13,7094","13,9959"
10/31/2006,"14,8935","14,9393","14,2475","14,5146"
10/30/2006,"15,3868","15,5598","14,9095","14,9257"
10/27/2006,"13,9943","14,798","13,8418","14,2753"
10/26/2006,"13,9129","14,5013","13,6205","14,2664"
10/25/2006,"14,2676","14,3606","13,9152","14,3105"
10/24/2006,"14,5321","14,6418","14,2983","14,2983"
10/23/2006,"14,9871","15,3538","14,4991","14,6179"
10/20/2006,"15,5544","15,5567","14,4325","14,7278"
10/19/2006,"15,8116","16,087","15,2642","15,4457"
10/18/2006,"16,563","16,5649","15,1585","15,6317"
10/17/2006,"15,2194","16,4103","15,2194","16,4103"
10/16/2006,"15,3415","15,3517","14,9863","15,0645"
10/13/2006,"15,1713","15,1733","14,607","14,7672"
10/12/2006,"15,6362","15,6384","14,9444","14,9913"
10/11/2006,"15,9055","16,0397","15,4511","15,4926"
10/10/2006,"16,5003","16,5022","15,6929","15,6974"
10/9/2006,"16,4139","16,6162","16,3513","16,3807"
10/6/2006,"16,1252","16,218","15,6778","15,6778"
10/5/2006,"16,158","16,2696","15,6011","15,9714"
10/4/2006,"17,2996","17,3016","16,0186","16,0214"
10/3/2006,"17,3564","17,895","17,1126","17,1133"
10/2/2006,"16,8544","17,4045","16,2552","17,0755"
9/29/2006,"15,9601","16,2842","15,2755","16,2455"
9/28/2006,"15,9275","15,9332","15,5205","15,8951"
9/27/2006,"15,9238","16,3515","15,2487","15,7681"
9/26/2006,"16,8179","16,8202","15,4841","15,7843"
9/25/2006,"17,3595","17,3619","16,1424","16,6682"
9/22/2006,"15,4871","16,7999","15,4871","16,542"
9/21/2006,"15,7469","15,7487","15,053","15,2623"
9/20/2006,"16,7501","16,7664","15,4261","15,6285"
9/19/2006,"16,2372","16,7545","15,8249","16,5144"
9/18/2006,"16,5687","16,9337","15,9309","16,1522"
9/15/2006,"16,608","16,6102","15,409","15,8518"
9/14/2006,"16,6354","16,6598","15,7291","16,5403"
9/13/2006,"16,7577","16,8758","16,0765","16,646"
9/12/2006,"18,1478","18,3199","16,6244","16,6865"
9/11/2006,"17,9295","18,6885","17,8615","17,9936"
9/8/2006,"18,2273","18,2295","16,8992","17,1908"
9/7/2006,"17,6651","18,6098","17,6651","18,0193"
9/6/2006,"16,6817","17,6892","16,4216","17,5849"
9/5/2006,"15,9153","16,7197","15,8265","16,4321"
9/4/2006,"16,4179","16,42","15,7834","15,7982"
9/1/2006,"16,3605","16,3628","15,5333","15,6894"
8/31/2006,"16,3953","16,6187","16,0612","16,1689"
8/30/2006,"16,8342","16,8363","16,1269","16,2129"
8/29/2006,"16,2306","16,7392","15,9582","16,6878"
8/28/2006,"16,6657","16,8774","16,0627","16,1099"
8/25/2006,"16,4332","16,4374","15,6583","15,9337"
8/24/2006,"17,1242","17,2315","16,0246","16,2685"
8/23/2006,"16,7266","17,0758","16,3018","16,9853"
8/22/2006,"17,5933","17,6058","16,4747","16,5631"
8/21/2006,"17,8719","18,1025","17,363","17,4915"
8/18/2006,"17,7918","17,882","16,7607","17,1458"
8/17/2006,"17,61","17,7494","17,2179","17,5862"
8/16/2006,"17,5947","18,0052","17,0697","17,3557"
8/15/2006,"18,67","18,834","17,1309","17,4584"
8/14/2006,"19,9167","19,9262","18,4768","18,5039"
8/11/2006,"20,1734","20,1757","19,0635","19,1018"
8/10/2006,"19,1011","20,8336","19,0988","19,9403"
8/9/2006,"20,7902","20,7923","18,9029","18,9895"
8/8/2006,"20,8021","20,8021","20,135","20,6779"
8/7/2006,"19,0798","20,7529","19,0798","20,679"
8/4/2006,"19,3974","19,3996","18,0407","18,4072"
8/3/2006,"18,6061","19,7518","18,2715","19,2039"
8/2/2006,"19,9881","19,9904","18,4753","18,4996"
8/1/2006,"18,7182","19,9389","18,4035","19,7592"
7/31/2006,"18,0076","18,5849","17,8156","18,5171"
7/28/2006,"18,1005","18,6197","17,3201","17,3297"
7/27/2006,"18,9784","18,9806","17,9568","18,0301"
7/26/2006,"19,6875","19,6898","18,7045","18,8477"
7/25/2006,"19,0061","19,6794","18,7107","19,6107"
7/24/2006,"21,0999","21,1025","19,0019","19,2059"
7/21/2006,"20,1435","20,7602","19,7881","20,2251"
7/20/2006,"20,0283","20,0306","19,0276","19,7917"
7/19/2006,"23,0001","23,0028","20,4292","20,5026"
7/18/2006,"23,0151","23,0227","22,0519","22,7733"
7/17/2006,"23,2878","23,9846","22,8036","22,8298"
7/14/2006,"21,0169","22,2434","20,7712","22,2434"
7/13/2006,"19,2062","21,0595","19,2062","20,8361"
7/12/2006,"19,4242","19,4262","17,9885","19,0527"
7/11/2006,"18,3681","19,5851","18,3681","19,4222"
7/10/2006,"19,4727","19,6448","18,213","18,2504"
7/7/2006,"18,4372","19,089","18,2869","18,5834"
7/6/2006,"20,0613","20,0639","18,2802","18,3061"
7/5/2006,"17,6195","20,0555","17,6195","19,8315"
7/4/2006,"17,968","18,0961","17,4514","17,4514"
7/3/2006,"18,8921","18,8943","17,5831","17,68"
6/30/2006,"20,5157","20,921","18,0372","18,3282"
6/29/2006,"21,6451","21,6572","20,2655","20,5377"
6/28/2006,"21,7987","22,2506","21,1181","21,4942"
6/27/2006,"20,9156","21,5471","20,0796","21,4847"
6/26/2006,"20,9589","20,961","20,2335","20,7021"
6/23/2006,"20,6053","20,6076","19,4638","20,0873"
6/22/2006,"20,8903","21,1738","19,6686","20,3521"
6/21/2006,"21,5949","21,9379","20,8767","20,936"
6/20/2006,"22,9277","23,7965","21,7896","21,7896"
6/19/2006,"24,7988","24,8022","22,1121","22,7968"
6/16/2006,"24,3775","24,5439","21,7106","23,9522"
6/15/2006,"27,5941","27,5966","24,003","24,1402"
6/14/2006,"27,0305","27,7121","26,4159","26,6852"
6/13/2006,"24,5516","26,8454","24,5516","26,6163"
6/12/2006,"24,1193","24,4043","23,8108","24,3492"
6/9/2006,"25,0831","25,0857","22,8062","22,8714"
6/8/2006,"22,8077","24,9803","22,8077","24,8105"
6/7/2006,"23,8983","23,9007","22,5925","22,6092"
6/6/2006,"21,9822","23,919","21,9774","23,7789"
6/5/2006,"21,6285","22,4989","21,2102","21,7745"
6/2/2006,"21,4393","21,8143","19,8346","20,7394"
6/1/2006,"23,1533","23,9503","21,3998","21,5323"
5/31/2006,"24,4447","25,9053","22,8143","23,0529"
5/30/2006,"21,0823","24,2938","20,9328","24,0765"
5/29/2006,"21,0367","21,0389","20,6509","20,9911"
5/26/2006,"21,7484","22,158","20,3639","20,3767"
5/25/2006,"24,5343","24,5353","21,5004","21,9235"
5/24/2006,"22,2186","25,1594","22,2186","24,3648"
5/23/2006,"24,9928","24,9944","21,3243","22,3335"
5/22/2006,"21,1483","24,766","21,1123","24,6675"
5/19/2006,"20,9486","21,1082","20,2827","20,6506"
5/18/2006,"20,2925","21,4866","19,8217","21,4678"
5/17/2006,"17,403","19,17","16,3631","18,6215"
5/16/2006,"18,121","18,1298","16,8099","17,2415"
5/15/2006,"17,0633","19,5584","17,0633","18,0434"
5/12/2006,"15,1779","16,8197","15,1779","16,4524"
5/11/2006,"14,8322","15,1787","13,9106","15,1787"
5/10/2006,"14,3892","14,7","14,1454","14,7"
5/9/2006,"14,6766","14,7128","14,2676","14,2821"
5/8/2006,"14,5327","14,6213","13,9348","14,53"
5/5/2006,"15,1105","15,1126","13,9853","14,0024"
5/4/2006,"15,9677","15,9702","14,8625","14,8677"
5/3/2006,"15,0637","15,9218","14,5378","15,8879"
5/2/2006,"15,8831","15,8844","15,0061","15,0612"
4/28/2006,"14,9598","15,1516","14,3854","14,7089"
4/27/2006,"14,4909","15,3902","14,2212","14,7209"
4/26/2006,"15,022","15,0238","14,3224","14,4282"
4/25/2006,"15,3743","15,3763","14,7508","14,8972"
4/24/2006,"15,1374","15,3291","15,092","15,2911"
4/21/2006,"14,7585","14,7606","14,2317","14,4811"
4/20/2006,"14,9711","14,9734","14,2264","14,7966"
4/19/2006,"15,6224","15,6241","14,5734","14,9101"
4/18/2006,"16,2198","16,2215","15,3613","15,3849"
4/13/2006,"15,7829","15,7835","14,7483","15,0837"
4/12/2006,"15,5767","15,8713","15,3501","15,3774"
4/11/2006,"14,6224","15,435","14,456","15,3593"
4/10/2006,"14,968","14,9696","14,4362","14,4419"
4/7/2006,"13,7151","14,4077","13,2781","14,3497"
4/6/2006,"13,9799","13,9816","13,4791","13,5542"
4/5/2006,"14,4206","14,4223","13,7924","13,7946"
4/4/2006,"13,9792","14,3507","13,9792","14,3142"
4/3/2006,"14,635","14,8239","13,8132","13,8832"
3/31/2006,"13,7601","14,0593","13,6146","14,0139"
3/30/2006,"14,4375","14,5824","13,4457","13,6051"
3/29/2006,"14,8878","14,8897","14,2766","14,3144"
3/28/2006,"14,7557","15,0767","14,1995","14,7849"
3/27/2006,"13,6353","14,6576","13,3791","14,6162"
3/24/2006,"13,7465","13,7488","12,9583","13,0311"
3/23/2006,"13,6993","13,7212","13,3967","13,6083"
3/22/2006,"13,8192","13,9213","13,3803","13,5353"
3/21/2006,"14,2233","14,3754","13,6289","13,6421"
3/20/2006,"14,1411","14,1433","13,516","14,0272"
3/17/2006,"13,5608","13,5937","12,7519","13,3971"
3/16/2006,"13,3844","13,636","13,2049","13,4109"
3/15/2006,"13,9504","13,9534","13,5612","13,6402"
3/14/2006,"14,2413","14,3221","13,8339","13,8621"
3/13/2006,"14,7369","14,7385","13,9776","14,0297"
3/10/2006,"15,4302","15,5455","14,1788","14,1788"
3/9/2006,"15,9945","16,0024","15,0968","15,292"
3/8/2006,"15,8078","16,2262","15,3323","15,7863"
3/7/2006,"15,28","16,0923","15,2725","15,6891"
3/6/2006,"15,9051","15,9356","14,8362","15,1907"
3/3/2006,"15,0649","15,6426","14,4637","15,3114"
3/2/2006,"14,5082","15,4075","14,1181","14,9328"
3/1/2006,"15,2006","15,2024","14,3835","14,3989"
2/28/2006,"14,1152","15,2273","13,9595","15,0449"
2/27/2006,"14,8291","14,8307","14,0339","14,0339"
2/24/2006,"14,7854","14,7871","14,2158","14,252"
2/23/2006,"14,414","15,0168","14,1211","14,6621"
2/22/2006,"15,202","15,2037","14,2753","14,289"
2/21/2006,"14,9178","15,2063","14,517","15,1253"
2/20/2006,"15,2299","15,2318","14,7223","14,7889"
2/17/2006,"14,9912","14,9936","14,1707","14,589"
2/16/2006,"16,3836","16,3854","14,8361","14,8742"
2/15/2006,"16,21","16,655","16,0486","16,2622"
2/14/2006,"16,0478","16,4925","15,7181","16,0942"
2/13/2006,"16,4168","16,4797","15,903","15,903"
2/10/2006,"15,7325","15,843","15,3563","15,7219"
2/9/2006,"16,2467","16,4295","15,4787","15,5128"
2/8/2006,"16,5207","16,9524","16,046","16,1962"
2/7/2006,"16,4782","16,6657","16,0181","16,397"
2/6/2006,"16,7109","16,7129","15,8478","16,3376"
2/3/2006,"16,2026","16,6328","15,8285","16,0434"
2/2/2006,"15,457","16,1795","15,1207","16,1795"
2/1/2006,"16,0225","16,1291","15,1708","15,4234"
1/31/2006,"15,541","16,0702","15,0953","15,8548"
1/30/2006,"15,8017","15,8035","15,4579","15,5187"
1/27/2006,"14,9042","15,5103","14,1751","15,1492"
1/26/2006,"15,1128","15,1145","14,3753","14,7677"
1/25/2006,"15,8161","15,8179","14,872","14,975"
1/24/2006,"16,4161","16,4176","15,3199","15,6608"
1/23/2006,"16,7692","17,3261","16,307","16,307"
1/20/2006,"15,5256","16,0032","14,6604","16,0032"
1/19/2006,"15,8458","15,854","15,17","15,4303"
1/18/2006,"15,3945","16,9635","15,3589","15,8139"
1/17/2006,"14,3038","15,2992","14,3038","15,2464"
1/16/2006,"15,0426","15,0445","14,2293","14,2488"
1/13/2006,"13,7683","14,6008","13,713","14,3896"
1/12/2006,"14,1641","14,1755","13,5686","13,6515"
1/11/2006,"14,6601","14,6618","13,9803","13,9825"
1/10/2006,"14,4983","15,01","14,4763","14,5109"
1/9/2006,"14,3087","14,4266","13,9517","14,3612"
1/6/2006,"14,2256","14,232","13,6775","13,7315"
1/5/2006,"14,1712","14,2632","13,9968","14,1421"
1/4/2006,"14,3647","14,3665","13,8254","13,9452"
1/3/2006,"14,3624","14,4216","13,8534","14,3069"
1/2/2006,"14,9374","14,9393","14,346","14,3599"
12/30/2005,"13,4796","14,5924","13,3995","14,477"
12/29/2005,"13,2838","13,4627","12,998","13,334"
12/28/2005,"12,6983","13,2234","12,6283","13,1741"
12/27/2005,"12,8803","12,8819","12,3716","12,6053"
12/23/2005,"12,5985","12,6004","11,9376","12,0709"
12/22/2005,"12,5438","12,5565","12,1521","12,4678"
12/21/2005,"12,5671","12,6207","11,954","12,4621"
12/20/2005,"12,7434","12,7504","12,3992","12,4045"
12/19/2005,"13,1409","13,1427","12,2114","12,5818"
12/16/2005,"13,6255","13,6276","12,242","12,3556"
12/15/2005,"13,1137","13,654","12,7431","13,4201"
12/14/2005,"13,0851","13,5563","12,8605","13,5334"
12/13/2005,"13,3388","13,3403","12,9683","13,102"
12/12/2005,"13,7106","13,7354","12,8984","13,2823"
12/9/2005,"13,6067","13,8567","13,0652","13,1098"
12/8/2005,"13,9998","14,1791","13,5891","13,5905"
12/7/2005,"13,605","13,8452","13,2696","13,8452"
12/6/2005,"13,8104","13,8121","13,3502","13,4236"
12/5/2005,"13,3909","13,785","13,089","13,7529"
12/2/2005,"13,0691","13,175","12,7282","12,9378"
12/1/2005,"14,0619","14,0634","12,9933","12,9933"
11/30/2005,"14,0738","14,279","13,86","13,9602"
11/29/2005,"13,9962","14,1043","13,566","14,036"
11/28/2005,"13,8578","13,9929","13,0037","13,8849"
11/25/2005,"13,3586","13,4461","13,0491","13,3416"
11/24/2005,"12,967","13,3879","12,8196","13,2397"
11/23/2005,"13,5581","13,6497","13,1384","13,1907"
11/22/2005,"13,9677","14,0592","13,5228","13,5828"
11/21/2005,"15,1163","15,2004","13,7343","13,8128"
11/18/2005,"12,1426","15,3505","12,1426","14,7475"
11/17/2005,"15,3142","15,3158","14,1995","14,8319"
11/16/2005,"14,9934","15,7222","14,8529","15,0447"
11/15/2005,"14,5848","15,7018","14,5848","15,3937"
11/14/2005,"14,6568","14,9278","14,2313","14,6517"
11/11/2005,"14,5185","14,7535","14,0445","14,3744"
11/10/2005,"14,9844","15,2747","14,311","14,849"
11/9/2005,"15,7096","15,78","15,0389","15,0848"
11/8/2005,"10,9963","16,0949","10,9963","15,865"
11/7/2005,"16,2684","16,2704","15,6686","16,0806"
11/4/2005,"15,62","16,032","15,2676","15,5152"
11/3/2005,"16,2936","16,3966","15,8147","15,84"
11/2/2005,"17,5165","17,5671","16,7189","16,9304"
11/1/2005,"17,9429","17,9451","17,2453","17,5434"
10/31/2005,"18,0196","18,0221","16,8304","17,4308"
10/28/2005,"17,9112","18,3595","17,3883","17,8759"
10/27/2005,"16,839","17,8573","16,728","17,6939"
10/26/2005,"17,7329","17,7461","16,471","16,471"
10/25/2005,"16,9505","17,2463","16,6844","17,2463"
10/24/2005,"18,5738","18,5751","17,044","17,1387"
10/21/2005,"18,0019","18,5928","17,8085","18,3237"
10/20/2005,"18,064","18,5978","16,807","18,545"
10/19/2005,"16,7062","19,0589","16,6964","18,7418"
10/18/2005,"16,8566","16,8586","16,1531","16,5209"
10/17/2005,"17,3534","17,3546","16,4519","16,5186"
10/14/2005,"18,1653","18,1674","16,6245","16,6343"
10/13/2005,"17,4531","18,1074","17,3193","17,7423"
10/12/2005,"16,7305","17,1236","16,629","17,0988"
10/11/2005,"16,6027","16,6044","15,9788","16,4709"
10/10/2005,"16,9912","16,993","15,9991","16,6092"
10/7/2005,"17,1806","17,183","16,0768","16,4641"
10/6/2005,"15,9689","17,1499","15,9689","16,4451"
10/5/2005,"15,105","15,8737","15,105","15,8574"
10/4/2005,"14,6378","15,0365","14,4802","14,9727"
10/3/2005,"15,0573","15,059","14,3946","14,5633"
9/30/2005,"14,6565","14,9997","14,4428","14,5562"
9/29/2005,"14,682","15,35","14,6298","15,2485"
9/28/2005,"14,7482","14,75","14,2053","14,6788"
9/27/2005,"14,4283","14,8805","14,4283","14,7934"
9/26/2005,"15,6298","15,6318","14,0075","14,4536"
9/23/2005,"15,6508","15,6527","14,7512","14,8485"
9/22/2005,"16,0984","16,4895","15,5028","15,6048"
9/21/2005,"14,6193","15,7335","14,5686","15,6703"
9/20/2005,"14,6027","14,7905","14,4662","14,6666"
9/19/2005,"15,6923","16,7556","14,3545","14,7522"
9/16/2005,"15,7755","15,7773","14,411","15,4826"
9/15/2005,"15,6056","15,6056","14,8083","15,3107"
9/14/2005,"15,6785","15,7104","15,2058","15,3469"
9/13/2005,"14,9866","15,7899","14,7929","15,7792"
9/12/2005,"14,1844","14,7668","13,8443","14,7351"
9/9/2005,"14,2774","14,2793","13,8692","14,0772"
9/8/2005,"14,138","14,6132","14,0778","14,1908"
9/7/2005,"14,043","14,5307","13,8601","14,2198"
9/6/2005,"14,602","14,6325","14,1038","14,289"
9/5/2005,"15,3373","15,3389","14,6156","14,6156"
9/2/2005,"14,8672","15,2871","14,4581","15,023"
9/1/2005,"15,1854","15,2234","14,3681","14,7469"
8/31/2005,"15,9517","16,0372","15,1259","15,1539"
8/30/2005,"16,3316","16,3926","15,8","15,9397"
8/29/2005,"17,2924","17,6466","16,607","16,6678"
8/26/2005,"16,4154","16,8431","15,0723","16,7371"
8/25/2005,"15,457","16,3286","15,457","15,8729"
8/24/2005,"15,7009","15,9025","15,2209","15,3001"
8/23/2005,"15,0392","15,8371","14,9978","15,3299"
8/22/2005,"15,1127","15,2245","14,3684","14,7976"
8/19/2005,"16,1862","16,1877","14,5429","14,7124"
8/18/2005,"15,9802","16,4717","15,7198","15,7719"
8/17/2005,"15,956","16,2789","15,7853","15,9175"
8/16/2005,"15,1571","15,6511","14,7797","15,6063"
8/15/2005,"15,774","15,7742","14,962","15,3025"
8/12/2005,"14,9829","15,1327","14,6031","14,9645"
8/11/2005,"14,3717","15,0428","14,2014","14,7486"
8/10/2005,"14,431","14,4377","13,7937","13,9786"
8/9/2005,"15,4269","15,4288","14,4444","14,4624"
8/8/2005,"15,6058","15,8767","14,7328","15,2119"
8/5/2005,"14,7143","14,9588","14,2214","14,9563"
8/4/2005,"13,4479","14,2883","13,3967","14,1573"
8/3/2005,"12,9764","13,4539","12,8429","13,3723"
8/2/2005,"13,5486","13,558","12,7692","12,809"
8/1/2005,"13,8131","13,8191","13,2925","13,5152"
7/29/2005,"12,8966","13,3412","12,7149","13,2763"
7/28/2005,"12,7368","12,9944","12,4867","12,9713"
7/27/2005,"13,4762","13,4829","12,5351","12,8418"
7/26/2005,"14,2706","14,2774","13,2591","13,3918"
7/25/2005,"14,4428","14,6464","14,0172","14,1148"
7/22/2005,"14,2639","14,2657","13,3108","13,65"
7/21/2005,"12,6882","15,0811","12,6882","13,7472"
7/20/2005,"12,4064","13,3038","12,2154","13,0295"
7/19/2005,"12,6535","12,6557","12,1851","12,498"
7/18/2005,"13,5484","13,5484","12,5916","12,6721"
7/15/2005,"13,1117","13,2549","12,4704","12,7737"
7/14/2005,"12,9006","13,0034","12,2582","12,9773"
7/13/2005,"13,6673","13,8091","13,131","13,1659"
7/12/2005,"13,3462","13,9336","13,1778","13,8737"
7/11/2005,"13,1228","13,228","12,5856","13,1677"
7/8/2005,"14,5472","14,6178","12,956","12,9572"
7/7/2005,"12,4321","20,0155","12,4221","15,7155"
7/6/2005,"12,7101","12,7115","12,2229","12,2459"
7/5/2005,"12,3349","13,0781","12,2248","12,5991"
7/4/2005,"12,2693","12,4573","11,9313","12,0091"
7/1/2005,"12,3656","12,4486","11,868","11,9381"
6/30/2005,"12,541","12,5476","12,0963","12,3777"
6/29/2005,"12,6132","12,615","12,0835","12,2629"
6/28/2005,"13,6256","13,6392","12,6211","12,6795"
6/27/2005,"13,279","13,6778","13,205","13,3037"
6/24/2005,"12,2591","12,7557","12,2128","12,5237"
6/23/2005,"12,4231","12,4599","11,8455","11,9247"
6/22/2005,"12,5803","12,5895","12,0427","12,3862"
6/21/2005,"12,9541","12,9559","12,3508","12,4507"
6/20/2005,"13,1019","13,5362","12,7799","12,9133"
6/17/2005,"13,2034","13,2054","12,0163","12,5633"
6/16/2005,"13,6551","13,6629","12,8425","13,0157"
6/15/2005,"12,1728","13,6176","12,1295","13,4793"
6/14/2005,"12,9546","12,9592","12,262","12,3775"
6/13/2005,"13,2353","13,2353","12,6264","12,7563"
6/10/2005,"13,1259","13,1705","12,6216","12,7016"
6/9/2005,"13,0722","13,4327","13,0536","13,22"
6/8/2005,"12,7831","13,1208","12,713","12,9902"
6/7/2005,"13,3351","13,3367","12,4991","12,6671"
6/6/2005,"13,679","13,681","13,1702","13,3629"
6/3/2005,"12,9054","13,0295","12,6056","12,9397"
6/2/2005,"12,6472","13,1978","12,6472","12,8725"
6/1/2005,"13,3298","13,3966","12,7505","12,9959"
5/31/2005,"12,7348","13,5512","12,6902","13,5138"
5/30/2005,"13,1276","13,2796","12,7847","12,8239"
5/27/2005,"12,5391","12,9906","12,3472","12,9451"
5/26/2005,"13,5164","13,5178","12,4875","12,7135"
5/25/2005,"13,5469","13,7282","13,1332","13,4681"
5/24/2005,"13,1166","13,9159","13,1166","13,386"
5/23/2005,"13,4347","13,7462","13,1403","13,2149"
5/20/2005,"13,8882","13,9508","13,1445","13,5132"
5/19/2005,"13,8428","13,9577","13,5773","13,7944"
5/18/2005,"15,6681","15,67","14,0589","14,0947"
5/17/2005,"15,3517","15,956","15,0837","15,6896"
5/16/2005,"15,8961","15,8978","15,0902","15,5249"
5/13/2005,"15,0408","15,5645","15,0245","15,0693"
5/12/2005,"15,7623","15,7642","14,4965","14,8536"
5/11/2005,"15,3976","15,8159","15,011","15,6572"
5/10/2005,"13,6429","15,2831","13,2912","15,2831"
5/9/2005,"13,9949","14,4407","13,7262","14,2322"
5/6/2005,"13,9001","13,9019","13,1862","13,3008"
5/5/2005,"14,1524","14,1544","13,1029","13,5342"
5/4/2005,"15,1404","15,1423","14,3329","14,3329"
5/3/2005,"15,9251","15,9275","14,9917","15,148"
5/2/2005,"17,468","17,47","15,7281","15,9563"
4/29/2005,"16,8611","17,3369","16,2856","16,792"
4/28/2005,"16,5739","17,1123","15,9504","16,5344"
4/27/2005,"15,1164","17,0708","15,1123","16,5913"
4/26/2005,"15,1658","15,4134","14,8638","15,0498"
4/25/2005,"16,0933","16,0937","15,0744","15,1246"
4/22/2005,"16,3133","16,3674","15,2649","15,2649"
4/21/2005,"18,0844","18,2214","16,174","16,7983"
4/20/2005,"17,4546","17,7583","15,8883","17,3837"
4/19/2005,"17,18","17,18","17,18","17,18"
4/18/2005,"18,31","18,31","18,31","18,31"
4/15/2005,"15,39","15,39","15,39","15,39"
4/14/2005,"12,24","12,24","12,24","12,24"
4/13/2005,"12,21","12,21","12,21","12,21"
4/12/2005,"12,47","12,47","12,47","12,47"
4/11/2005,"12,02","12,02","12,02","12,02"
4/8/2005,"11,79","11,79","11,79","11,79"
4/7/2005,"11,72","11,72","11,72","11,72"
4/6/2005,"12,29","12,29","12,29","12,29"
4/5/2005,"12,72","12,72","12,72","12,72"
4/4/2005,"13,67","13,67","13,67","13,67"
4/1/2005,"12,61","12,61","12,61","12,61"
3/31/2005,"13,24","13,24","13,24","13,24"